2026-01-20 08:54:36.880+0000 INFO  [o.n.g.f.m.GlobalModule] Logging config in use: File '/var/lib/neo4j/conf/server-logs.xml'
2026-01-20 08:54:37.345+0000 INFO  [o.n.i.d.DiagnosticsManager] 
                                                                ********************************************************************************
                                                                                             [ System diagnostics ]                             
                                                                ********************************************************************************
                                                                --------------------------------------------------------------------------------
                                                                                         [ System memory information ]                          
                                                                --------------------------------------------------------------------------------
                                                                Total Physical memory: 17.54GiB
                                                                Free Physical memory: 368.1MiB
                                                                Committed virtual memory: 5.912GiB
                                                                Total swap space: 1024MiB
                                                                Free swap space: 1024MiB
                                                                
                                                                --------------------------------------------------------------------------------
                                                                                           [ JVM memory information ]                           
                                                                --------------------------------------------------------------------------------
                                                                Free  memory: 996.5MiB
                                                                Total memory: 1.000GiB
                                                                Max   memory: 2.000GiB
                                                                Garbage Collector: G1 Young Generation: [G1 Eden Space, G1 Survivor Space, G1 Old Gen]
                                                                Garbage Collector: G1 Old Generation: [G1 Eden Space, G1 Survivor Space, G1 Old Gen]
                                                                Memory Pool: CodeHeap 'non-nmethods' (Non-heap memory): committed=2.438MiB, used=1.208MiB, max=5.570MiB, threshold=0B
                                                                Memory Pool: Metaspace (Non-heap memory): committed=21.81MiB, used=21.47MiB, max=-1B, threshold=0B
                                                                Memory Pool: CodeHeap 'profiled nmethods' (Non-heap memory): committed=5.688MiB, used=5.669MiB, max=117.2MiB, threshold=0B
                                                                Memory Pool: Compressed Class Space (Non-heap memory): committed=2.438MiB, used=2.310MiB, max=1.000GiB, threshold=0B
                                                                Memory Pool: G1 Eden Space (Heap memory): committed=642.0MiB, used=3.000MiB, max=-1B, threshold=?
                                                                Memory Pool: G1 Old Gen (Heap memory): committed=379.0MiB, used=22.25MiB, max=2.000GiB, threshold=0B
                                                                Memory Pool: G1 Survivor Space (Heap memory): committed=3.000MiB, used=2.211MiB, max=-1B, threshold=?
                                                                Memory Pool: CodeHeap 'non-profiled nmethods' (Non-heap memory): committed=2.438MiB, used=1.539MiB, max=117.2MiB, threshold=0B
                                                                
                                                                --------------------------------------------------------------------------------
                                                                                        [ Operating system information ]                        
                                                                --------------------------------------------------------------------------------
                                                                Operating System: Linux; version: 6.10.14-linuxkit; arch: aarch64; cpus: 8
                                                                Max number of file descriptors: 1048576
                                                                Number of open file descriptors: 245
                                                                Process id: 7
                                                                Byte order: LITTLE_ENDIAN
                                                                Local timezone: Etc/UTC
                                                                Memory page size: 4096
                                                                Unaligned memory access allowed: true
                                                                
                                                                --------------------------------------------------------------------------------
                                                                                              [ JVM information ]                               
                                                                --------------------------------------------------------------------------------
                                                                VM Name: OpenJDK 64-Bit Server VM
                                                                VM Vendor: Eclipse Adoptium
                                                                VM Version: 17.0.12+7
                                                                JIT compiler: HotSpot 64-Bit Tiered Compilers
                                                                VM Arguments: [-XX:+UseG1GC, -XX:-OmitStackTraceInFastThrow, -XX:+AlwaysPreTouch, -XX:+UnlockExperimentalVMOptions, -XX:+TrustFinalNonStaticFields, -XX:+DisableExplicitGC, -Djdk.nio.maxCachedBufferSize=1024, -Dio.netty.tryReflectionSetAccessible=true, -Djdk.tls.ephemeralDHKeySize=2048, -Djdk.tls.rejectClientInitiatedRenegotiation=true, -XX:FlightRecorderOptions=stackdepth=256, -XX:+UnlockDiagnosticVMOptions, -XX:+DebugNonSafepoints, --add-opens=java.base/java.nio=ALL-UNNAMED, --add-opens=java.base/java.io=ALL-UNNAMED, --add-opens=java.base/sun.nio.ch=ALL-UNNAMED, -Dlog4j2.disable.jmx=true, -Dfile.encoding=UTF-8, -Xms1048576k, -Xmx2097152k]
                                                                
                                                                --------------------------------------------------------------------------------
                                                                                               [ Java classpath ]                               
                                                                --------------------------------------------------------------------------------
                                                                 [classpath] /var/lib/neo4j/lib/neo4j-cypher-planner-5.22.0.jar
                                                                 [classpath] /var/lib/neo4j/lib/neo4j-5.22.0.jar
                                                                 [classpath] /var/lib/neo4j/lib/neo4j-procedure-api-5.22.0.jar
                                                                 [classpath] /var/lib/neo4j/lib/arrow-format-16.1.0.jar
                                                                 [classpath] /var/lib/neo4j/lib/neo4j-values-5.22.0.jar
                                                                 [classpath] /var/lib/neo4j/lib/neo4j-resource-5.22.0.jar
                                                                 [classpath] /var/lib/neo4j/lib/jetty-alpn-server-10.0.20.jar
                                                                 [classpath] /var/lib/neo4j/lib/jaxb-runtime-2.3.2.jar
                                                                 [classpath] /var/lib/neo4j/lib/neo4j-procedure-5.22.0.jar
                                                                 [classpath] /var/lib/neo4j/lib/cypher-antlr-ast-common-5.22.0.jar
                                                                 [classpath] /var/lib/neo4j/lib/jersey-container-servlet-2.34.jar
                                                                 [classpath] /var/lib/neo4j/lib/caffeine-3.1.8.jar
                                                                 [classpath] /var/lib/neo4j/lib/magnolia_2.13-1.1.8.jar
                                                                 [classpath] /var/lib/neo4j/lib/scala-library-2.13.11.jar
                                                                 [classpath] /var/lib/neo4j/lib/netty-transport-classes-epoll-4.1.111.Final.jar
                                                                 [classpath] /var/lib/neo4j/lib/neo4j-browser-5.21.0.jar
                                                                 [classpath] /var/lib/neo4j/lib/jackson-datatype-jsr310-2.17.0.jar
                                                                 [classpath] /var/lib/neo4j/lib/grpc-netty-1.65.0.jar
                                                                 [classpath] /var/lib/neo4j/lib/jetty-io-10.0.20.jar
                                                                 [classpath] /var/lib/neo4j/lib/jetty-servlet-10.0.20.jar
                                                                 [classpath] /var/lib/neo4j/lib/netty-tcnative-2.0.65.Final-linux-aarch_64.jar
                                                                 [classpath] /var/lib/neo4j/conf/*
                                                                 [classpath] /var/lib/neo4j/lib/WMI4Java-1.6.3.jar
                                                                 [classpath] /var/lib/neo4j/lib/jakarta.xml.bind-api-2.3.2.jar
                                                                 [classpath] /var/lib/neo4j/lib/jProcesses-1.6.5.jar
                                                                 [classpath] /var/lib/neo4j/lib/neo4j-import-util-5.22.0.jar
                                                                 [classpath] /var/lib/neo4j/lib/hk2-locator-2.6.1.jar
                                                                 [classpath] /var/lib/neo4j/lib/neo4j-cypher-logical-plans-5.22.0.jar
                                                                 [classpath] /var/lib/neo4j/lib/neo4j-front-end-5.22.0.jar
                                                                 [classpath] /var/lib/neo4j/lib/neo4j-spatial-index-5.22.0.jar
                                                                 [classpath] /var/lib/neo4j/lib/neo4j-ast-5.22.0.jar
                                                                 [classpath] /var/lib/neo4j/lib/eclipse-collections-api-11.1.0.jar
                                                                 [classpath] /var/lib/neo4j/lib/netty-resolver-4.1.111.Final.jar
                                                                 [classpath] /var/lib/neo4j/lib/jersey-container-servlet-core-2.34.jar
                                                                 [classpath] /var/lib/neo4j/lib/netty-handler-proxy-4.1.111.Final.jar
                                                                 [classpath] /var/lib/neo4j/lib/jansi-2.4.0.jar
                                                                 [classpath] /var/lib/neo4j/lib/jetty-xml-10.0.20.jar
                                                                 [classpath] /var/lib/neo4j/lib/jline-terminal-3.21.0.jar
                                                                 [classpath] /var/lib/neo4j/lib/grpc-protobuf-lite-1.62.2.jar
                                                                 [classpath] /var/lib/neo4j/lib/cypher-v6-parser-listener-5.22.0.jar
                                                                 [classpath] /var/lib/neo4j/lib/netty-codec-4.1.111.Final.jar
                                                                 [classpath] /var/lib/neo4j/lib/netty-tcnative-2.0.65.Final-linux-aarch_64-fedora.jar
                                                                 [classpath] /var/lib/neo4j/lib/neo4j-java-driver-5.22.0.jar
                                                                 [classpath] /var/lib/neo4j/lib/neo4j-cypher-ast-factory-5.22.0.jar
                                                                 [classpath] /var/lib/neo4j/lib/netty-transport-native-epoll-4.1.111.Final-linux-x86_64.jar
                                                                 [classpath] /var/lib/neo4j/lib/neo4j-cypher-rendering-5.22.0.jar
                                                                 [classpath] /var/lib/neo4j/lib/cypher-v6-ast-factory-5.22.0.jar
                                                                 [classpath] /var/lib/neo4j/lib/cypher-shell-5.22.0.jar
                                                                 [classpath] /var/lib/neo4j/lib/netty-handler-4.1.111.Final.jar
                                                                 [classpath] /var/lib/neo4j/lib/kiama_2.13-2.5.1.jar
                                                                 [classpath] /var/lib/neo4j/lib/jakarta.ws.rs-api-2.1.6.jar
                                                                 [classpath] /var/lib/neo4j/lib/netty-transport-native-kqueue-4.1.111.Final-osx-aarch_64.jar
                                                                 [classpath] /var/lib/neo4j/lib/neo4j-cypher-ir-5.22.0.jar
                                                                 [classpath] /var/lib/neo4j/lib/jackson-core-2.17.1.jar
                                                                 [classpath] /var/lib/neo4j/lib/istack-commons-runtime-3.0.8.jar
                                                                 [classpath] /var/lib/neo4j/lib/neo4j-cloud-5.22.0.jar
                                                                 [classpath] /var/lib/neo4j/lib/jetty-servlet-api-4.0.6.jar
                                                                 [classpath] /var/lib/neo4j/lib/neo4j-cypher-javacc-parser-5.22.0.jar
                                                                 [classpath] /var/lib/neo4j/lib/eclipse-collections-11.1.0.jar
                                                                 [classpath] /var/lib/neo4j/lib/guava-33.2.1-jre.jar
                                                                 [classpath] /var/lib/neo4j/lib/shiro-cache-2.0.0.jar
                                                                 [classpath] /var/lib/neo4j/lib/cypher-v5-literal-interpreter-5.22.0.jar
                                                                 [classpath] /var/lib/neo4j/lib/netty-common-4.1.111.Final.jar
                                                                 [classpath] /var/lib/neo4j/lib/arrow-memory-netty-16.1.0.jar
                                                                 [classpath] /var/lib/neo4j/lib/commons-text-1.12.0.jar
                                                                 [classpath] /var/lib/neo4j/lib/neo4j-index-5.22.0.jar
                                                                 [classpath] /var/lib/neo4j/lib/neo4j-slf4j-provider-5.22.0.jar
                                                                 [classpath] /var/lib/neo4j/lib/reactor-core-3.6.7.jar
                                                                 [classpath] /var/lib/neo4j/lib/jakarta.validation-api-2.0.2.jar
                                                                 [classpath] /var/lib/neo4j/lib/picocli-4.7.6.jar
                                                                 [classpath] /var/lib/neo4j/lib/shiro-crypto-hash-2.0.0.jar
                                                                 [classpath] /var/lib/neo4j/lib/neo4j-exceptions-5.22.0.jar
                                                                 [classpath] /var/lib/neo4j/lib/shiro-hashes-argon2-2.0.0.jar
                                                                 [classpath] /var/lib/neo4j/lib/neo4j-wal-5.22.0.jar
                                                                 [classpath] /var/lib/neo4j/lib/antlr4-runtime-4.13.1.jar
                                                                 [classpath] /var/lib/neo4j/lib/hk2-utils-2.6.1.jar
                                                                 [classpath] /var/lib/neo4j/lib/http2-common-10.0.20.jar
                                                                 [classpath] /var/lib/neo4j/lib/stax-ex-1.8.1.jar
                                                                 [classpath] /var/lib/neo4j/lib/netty-transport-native-unix-common-4.1.111.Final.jar
                                                                 [classpath] /var/lib/neo4j/lib/neo4j-query-router-5.22.0.jar
                                                                 [classpath] /var/lib/neo4j/lib/txw2-2.3.2.jar
                                                                 [classpath] /var/lib/neo4j/lib/jetty-webapp-10.0.20.jar
                                                                 [classpath] /var/lib/neo4j/lib/commons-lang3-3.14.0.jar
                                                                 [classpath] /var/lib/neo4j/lib/log4j-api-2.20.0.jar
                                                                 [classpath] /var/lib/neo4j/lib/neo4j-gql-status-5.22.0.jar
                                                                 [classpath] /var/lib/neo4j/lib/ipaddress-5.5.0.jar
                                                                 [classpath] /var/lib/neo4j/lib/cypher-parser-ast-common-5.22.0.jar
                                                                 [classpath] /var/lib/neo4j/lib/argparse4j-0.9.0.jar
                                                                 [classpath] /var/lib/neo4j/lib/neo4j-cypher-physical-planning-5.22.0.jar
                                                                 [classpath] /var/lib/neo4j/lib/log4j-core-2.20.0.jar
                                                                 [classpath] /var/lib/neo4j/lib/jetty-http-10.0.20.jar
                                                                 [classpath] /var/lib/neo4j/lib/commons-compress-1.26.2.jar
                                                                 [classpath] /var/lib/neo4j/lib/neo4j-util-5.22.0.jar
                                                                 [classpath] /var/lib/neo4j/lib/protobuf-java-util-3.25.3.jar
                                                                 [classpath] /var/lib/neo4j/lib/jetty-util-10.0.20.jar
                                                                 [classpath] /var/lib/neo4j/lib/lucene-analysis-common-9.11.0.jar
                                                                 [classpath] /var/lib/neo4j/lib/cypher-v5-parser-listener-5.22.0.jar
                                                                 [classpath] /var/lib/neo4j/lib/neo4j-collections-5.22.0.jar
                                                                 [classpath] /var/lib/neo4j/lib/neo4j-storage-engine-util-5.22.0.jar
                                                                 [classpath] /var/lib/neo4j/lib/arrow-memory-netty-buffer-patch-16.1.0.jar
                                                                 [classpath] /var/lib/neo4j/lib/neo4j-bolt-5.22.0.jar
                                                                 [classpath] /var/lib/neo4j/lib/neo4j-native-5.22.0.jar
                                                                 [classpath] /var/lib/neo4j/lib/jetty-server-10.0.20.jar
                                                                 [classpath] /var/lib/neo4j/lib/zstd-jni-1.5.6-3.jar
                                                                 [classpath] /var/lib/neo4j/lib/neo4j-concurrent-5.22.0.jar
                                                                 [classpath] /var/lib/neo4j/lib/cypher-antlr-common-5.22.0.jar
                                                                 [classpath] /var/lib/neo4j/lib/neo4j-token-api-5.22.0.jar
                                                                 [classpath] /var/lib/neo4j/lib/scala-collection-contrib_2.13-0.3.0.jar
                                                                 [classpath] /var/lib/neo4j/lib/animal-sniffer-annotations-1.23.jar
                                                                 [classpath] /var/lib/neo4j/lib/netty-codec-socks-4.1.111.Final.jar
                                                                 [classpath] /var/lib/neo4j/lib/cypher-v5-antlr-parser-5.22.0.jar
                                                                 [classpath] /var/lib/neo4j/lib/jersey-client-2.34.jar
                                                                 [classpath] /var/lib/neo4j/lib/jersey-hk2-2.34.jar
                                                                 [classpath] /var/lib/neo4j/lib/jetty-security-10.0.20.jar
                                                                 [classpath] /var/lib/neo4j/lib/neo4j-cypher-5.22.0.jar
                                                                 [classpath] /var/lib/neo4j/lib/zstd-proxy-5.22.0.jar
                                                                 [classpath] /var/lib/neo4j/lib/neo4j-udc-5.22.0.jar
                                                                 [classpath] /var/lib/neo4j/lib/neo4j-cypher-planner-spi-5.22.0.jar
                                                                 [classpath] /var/lib/neo4j/lib/grpc-core-1.65.0.jar
                                                                 [classpath] /var/lib/neo4j/lib/neo4j-monitoring-5.22.0.jar
                                                                 [classpath] /var/lib/neo4j/lib/jPowerShell-3.0.jar
                                                                 [classpath] /var/lib/neo4j/lib/neo4j-import-tool-5.22.0.jar
                                                                 [classpath] /var/lib/neo4j/lib/server-api-5.22.0.jar
                                                                 [classpath] /var/lib/neo4j/lib/jackson-databind-2.17.1.jar
                                                                 [classpath] /var/lib/neo4j/lib/reactive-streams-1.0.4.jar
                                                                 [classpath] /var/lib/neo4j/lib/arrow-memory-core-16.1.0.jar
                                                                 [classpath] /var/lib/neo4j/lib/neo4j-cypher-runtime-util-5.22.0.jar
                                                                 [classpath] /var/lib/neo4j/lib/neo4j-command-line-5.22.0.jar
                                                                 [classpath] /var/lib/neo4j/lib/netty-transport-native-epoll-4.1.111.Final-linux-aarch_64.jar
                                                                 [classpath] /var/lib/neo4j/lib/neo4j-record-storage-engine-5.22.0.jar
                                                                 [classpath] /var/lib/neo4j/lib/javassist-3.25.0-GA.jar
                                                                 [classpath] /var/lib/neo4j/lib/netty-tcnative-2.0.65.Final-linux-x86_64.jar
                                                                 [classpath] /var/lib/neo4j/lib/jackson-module-jaxb-annotations-2.17.1.jar
                                                                 [classpath] /var/lib/neo4j/lib/neo4j-id-generator-5.22.0.jar
                                                                 [classpath] /var/lib/neo4j/lib/neo4j-notifications-5.22.0.jar
                                                                 [classpath] /var/lib/neo4j/lib/cypher-v6-antlr-parser-5.22.0.jar
                                                                 [classpath] /var/lib/neo4j/lib/listenablefuture-9999.0-empty-to-avoid-conflict-with-guava.jar
                                                                 [classpath] /var/lib/neo4j/lib/failureaccess-1.0.2.jar
                                                                 [classpath] /var/lib/neo4j/lib/http2-hpack-10.0.20.jar
                                                                 [classpath] /var/lib/neo4j/lib/netty-codec-http-4.1.111.Final.jar
                                                                 [classpath] /var/lib/neo4j/lib/neo4j-kernel-5.22.0.jar
                                                                 [classpath] /var/lib/neo4j/lib/neo4j-layout-5.22.0.jar
                                                                 [classpath] /var/lib/neo4j/lib/cypher-parser-factory-5.22.0.jar
                                                                 [classpath] /var/lib/neo4j/lib/neo4j-unsafe-5.22.0.jar
                                                                 [classpath] /var/lib/neo4j/lib/grpc-stub-1.65.0.jar
                                                                 [classpath] /var/lib/neo4j/lib/jersey-common-2.34.jar
                                                                 [classpath] /var/lib/neo4j/lib/cypher-v5-ast-factory-5.22.0.jar
                                                                 [classpath] /var/lib/neo4j/lib/lucene-backward-codecs-9.11.0.jar
                                                                 [classpath] /var/lib/neo4j/lib/neo4j-lock-5.22.0.jar
                                                                 [classpath] /var/lib/neo4j/lib/neo4j-configuration-5.22.0.jar
                                                                 [classpath] /var/lib/neo4j/lib/neo4j-data-collector-5.22.0.jar
                                                                 [classpath] /var/lib/neo4j/lib/http2-server-10.0.20.jar
                                                                 [classpath] /var/lib/neo4j/lib/neo4j-schema-5.22.0.jar
                                                                 [classpath] /var/lib/neo4j/lib/neo4j-logging-5.22.0.jar
                                                                 [classpath] /var/lib/neo4j/lib/jackson-jaxrs-base-2.17.1.jar
                                                                 [classpath] /var/lib/neo4j/lib/neo4j-bootcheck-5.22.0.jar
                                                                 [classpath] /var/lib/neo4j/lib/neo4j-cypher-cache-5.22.0.jar
                                                                 [classpath] /var/lib/neo4j/lib/shiro-crypto-core-2.0.0.jar
                                                                 [classpath] /var/lib/neo4j/lib/neo4j-cypher-interpreted-runtime-5.22.0.jar
                                                                 [classpath] /var/lib/neo4j/lib/jna-5.14.0.jar
                                                                 [classpath] /var/lib/neo4j/lib/neo4j-common-5.22.0.jar
                                                                 [classpath] /var/lib/neo4j/lib/commons-configuration2-2.11.0.jar
                                                                 [classpath] /var/lib/neo4j/lib/netty-transport-4.1.111.Final.jar
                                                                 [classpath] /var/lib/neo4j/lib/neo4j-csv-5.22.0.jar
                                                                 [classpath] /var/lib/neo4j/lib/protobuf-java-3.25.2.jar
                                                                 [classpath] /var/lib/neo4j/lib/jline-terminal-jansi-3.21.0.jar
                                                                 [classpath] /var/lib/neo4j/lib/hk2-api-2.6.1.jar
                                                                 [classpath] /var/lib/neo4j/lib/commons-logging-1.3.2.jar
                                                                 [classpath] /var/lib/neo4j/lib/neo4j-kernel-api-5.22.0.jar
                                                                 [classpath] /var/lib/neo4j/lib/grpc-api-1.65.0.jar
                                                                 [classpath] /var/lib/neo4j/lib/cypher-parser-common-5.22.0.jar
                                                                 [classpath] /var/lib/neo4j/lib/neo4j-graphdb-api-5.22.0.jar
                                                                 [classpath] /var/lib/neo4j/lib/neo4j-graph-algo-5.22.0.jar
                                                                 [classpath] /var/lib/neo4j/lib/neo4j-cypher-config-5.22.0.jar
                                                                 [classpath] /var/lib/neo4j/lib/lucene-core-9.11.0.jar
                                                                 [classpath] /var/lib/neo4j/lib/jackson-annotations-2.17.1.jar
                                                                 [classpath] /var/lib/neo4j/lib/shiro-core-2.0.0.jar
                                                                 [classpath] /var/lib/neo4j/lib/neo4j-fabric-5.22.0.jar
                                                                 [classpath] /var/lib/neo4j/lib/jsr305-3.0.2.jar
                                                                 [classpath] /var/lib/neo4j/lib/grpc-protobuf-1.65.0.jar
                                                                 [classpath] /var/lib/neo4j/lib/shiro-lang-2.0.0.jar
                                                                 [classpath] /var/lib/neo4j/lib/commons-codec-1.17.0.jar
                                                                 [classpath] /var/lib/neo4j/lib/jakarta.activation-api-1.2.2.jar
                                                                 [classpath] /var/lib/neo4j/lib/neo4j-cypher-macros-5.22.0.jar
                                                                 [classpath] /var/lib/neo4j/lib/grpc-util-1.62.2.jar
                                                                 [classpath] /var/lib/neo4j/lib/neo4j-diagnostics-5.22.0.jar
                                                                 [classpath] /var/lib/neo4j/lib/jetty-alpn-java-server-10.0.20.jar
                                                                 [classpath] /var/lib/neo4j/lib/neo4j-fulltext-index-5.22.0.jar
                                                                 [classpath] /var/lib/neo4j/lib/jettison-1.5.4.jar
                                                                 [classpath] /var/lib/neo4j/lib/jakarta.inject-2.6.1.jar
                                                                 [classpath] /var/lib/neo4j/lib/neo4j-cypher-slotted-runtime-5.22.0.jar
                                                                 [classpath] /var/lib/neo4j/lib/netty-tcnative-classes-2.0.65.Final.jar
                                                                 [classpath] /var/lib/neo4j/lib/slf4j-api-2.0.9.jar
                                                                 [classpath] /var/lib/neo4j/lib/perfmark-api-0.26.0.jar
                                                                 [classpath] /var/lib/neo4j/lib/arrow-vector-16.1.0.jar
                                                                 [classpath] /var/lib/neo4j/lib/gson-2.11.0.jar
                                                                 [classpath] /var/lib/neo4j/lib/jline-reader-3.21.0.jar
                                                                 [classpath] /var/lib/neo4j/lib/FastInfoset-1.2.16.jar
                                                                 [classpath] /var/lib/neo4j/lib/shiro-crypto-cipher-2.0.0.jar
                                                                 [classpath] /var/lib/neo4j/lib/neo4j-ssl-5.22.0.jar
                                                                 [classpath] /var/lib/neo4j/lib/cypher-ast-factory-5.22.0.jar
                                                                 [classpath] /var/lib/neo4j/lib/jackson-jaxrs-json-provider-2.17.1.jar
                                                                 [classpath] /var/lib/neo4j/lib/netty-tcnative-2.0.65.Final-linux-x86_64-fedora.jar
                                                                 [classpath] /var/lib/neo4j/lib/netty-codec-http2-4.1.111.Final.jar
                                                                 [classpath] /var/lib/neo4j/lib/neo4j-cypher-expression-evaluator-5.22.0.jar
                                                                 [classpath] /var/lib/neo4j/lib/flatbuffers-java-23.5.26.jar
                                                                 [classpath] /var/lib/neo4j/lib/neo4j-rewriting-5.22.0.jar
                                                                 [classpath] /var/lib/neo4j/lib/lucene-queryparser-9.11.0.jar
                                                                 [classpath] /var/lib/neo4j/lib/neo4j-expressions-5.22.0.jar
                                                                 [classpath] /var/lib/neo4j/lib/neo4j-lucene-index-5.22.0.jar
                                                                 [classpath] /var/lib/neo4j/lib/proto-google-common-protos-2.40.0.jar
                                                                 [classpath] /var/lib/neo4j/lib/netty-transport-classes-kqueue-4.1.111.Final.jar
                                                                 [classpath] /var/lib/neo4j/lib/annotations-5.22.0.jar
                                                                 [classpath] /var/lib/neo4j/lib/neo4j-codegen-5.22.0.jar
                                                                 [classpath] /var/lib/neo4j/lib/scala-reflect-2.13.11.jar
                                                                 [classpath] /var/lib/neo4j/plugins/apoc.jar
                                                                 [classpath] /var/lib/neo4j/lib/commons-io-2.16.1.jar
                                                                 [classpath] /var/lib/neo4j/lib/jakarta.annotation-api-1.3.5.jar
                                                                 [classpath] /var/lib/neo4j/lib/jctools-core-4.0.5.jar
                                                                 [classpath] /var/lib/neo4j/lib/grpc-context-1.65.0.jar
                                                                 [classpath] /var/lib/neo4j/lib/netty-transport-native-kqueue-4.1.111.Final-osx-x86_64.jar
                                                                 [classpath] /var/lib/neo4j/lib/neo4j-io-5.22.0.jar
                                                                 [classpath] /var/lib/neo4j/lib/neo4j-dbms-5.22.0.jar
                                                                 [classpath] /var/lib/neo4j/lib/flight-core-16.1.0.jar
                                                                 [classpath] /var/lib/neo4j/lib/neo4j-server-5.22.0.jar
                                                                 [classpath] /var/lib/neo4j/lib/neo4j-push-to-cloud-5.22.0.jar
                                                                 [classpath] /var/lib/neo4j/lib/neo4j-security-5.22.0.jar
                                                                 [classpath] /var/lib/neo4j/lib/log4j-layout-template-json-2.20.0.jar
                                                                 [classpath] /var/lib/neo4j/lib/netty-buffer-4.1.111.Final.jar
                                                                 [classpath] /var/lib/neo4j/lib/shiro-hashes-bcrypt-2.0.0.jar
                                                                 [classpath] /var/lib/neo4j/lib/jersey-server-2.34.jar
                                                                 [classpath] /var/lib/neo4j/lib/neo4j-consistency-check-5.22.0.jar
                                                                 [classpath] /var/lib/neo4j/lib/neo4j-capabilities-5.22.0.jar
                                                                 [classpath] /var/lib/neo4j/lib/shiro-config-core-2.0.0.jar
                                                                 [classpath] /var/lib/neo4j/lib/neo4j-cypher-dsl-2024.0.0.jar
                                                                 [classpath] /var/lib/neo4j/lib/shiro-event-2.0.0.jar
                                                                
                                                                --------------------------------------------------------------------------------
                                                                                                [ Library path ]                                
                                                                --------------------------------------------------------------------------------
                                                                /usr/java/packages/lib
                                                                /usr/lib64
                                                                /lib64
                                                                /lib
                                                                /usr/lib
                                                                
                                                                --------------------------------------------------------------------------------
                                                                                             [ System properties ]                              
                                                                --------------------------------------------------------------------------------
                                                                jdk.tls.rejectClientInitiatedRenegotiation = true
                                                                sun.jnu.encoding = UTF-8
                                                                sun.arch.data.model = 64
                                                                user.timezone = Etc/UTC
                                                                sun.java.launcher = SUN_STANDARD
                                                                sun.boot.library.path = /opt/java/openjdk/lib
                                                                sun.java.command = org.neo4j.server.CommunityEntryPoint --home-dir=/var/lib/neo4j --config-dir=/var/lib/neo4j/conf --console-mode
                                                                jdk.debug = release
                                                                io.netty.tryReflectionSetAccessible = true
                                                                sun.cpu.endian = little
                                                                user.home = /var/lib/neo4j
                                                                user.language = en
                                                                file.separator = /
                                                                jdk.tls.ephemeralDHKeySize = 2048
                                                                sun.management.compiler = HotSpot 64-Bit Tiered Compilers
                                                                user.name = neo4j
                                                                jdk.nio.maxCachedBufferSize = 1024
                                                                path.separator = :
                                                                file.encoding = UTF-8
                                                                jnidispatch.path = /var/lib/neo4j/.cache/JNA/temp/jna13404269037591678816.tmp
                                                                jna.loaded = true
                                                                user.dir = /var/lib/neo4j
                                                                native.encoding = UTF-8
                                                                sun.io.unicode.encoding = UnicodeLittle
                                                                log4j2.disable.jmx = true
                                                                
                                                                --------------------------------------------------------------------------------
                                                                                      [ (IANA) TimeZone database version ]                      
                                                                --------------------------------------------------------------------------------
                                                                  TimeZone version: 2024a (available for 603 zone identifiers)
                                                                
                                                                --------------------------------------------------------------------------------
                                                                                            [ Network information ]                             
                                                                --------------------------------------------------------------------------------
                                                                Interface eth0:
                                                                    address: 172.18.0.4
                                                                Interface lo:
                                                                    address: 0:0:0:0:0:0:0:1%lo
                                                                    address: 127.0.0.1
                                                                
                                                                --------------------------------------------------------------------------------
                                                                                         [ Native access information ]                          
                                                                --------------------------------------------------------------------------------
                                                                Native access details: Linux native access is available.
                                                                
                                                                --------------------------------------------------------------------------------
                                                                                                [ DBMS config ]                                 
                                                                --------------------------------------------------------------------------------
                                                                DBMS provided settings:
                                                                db.tx_log.rotation.retention_policy=2 days 2G
                                                                dbms.memory.transaction.total.max=1.00GiB
                                                                dbms.security.procedures.unrestricted=apoc.*
                                                                server.bolt.enabled=true
                                                                server.databases.writable=true
                                                                server.default_listen_address=0.0.0.0
                                                                server.directories.import=/import
                                                                server.directories.logs=/logs
                                                                server.directories.neo4j_home=/var/lib/neo4j
                                                                server.http.enabled=true
                                                                server.https.enabled=false
                                                                server.jvm.additional=-XX:+UseG1GC
-XX:-OmitStackTraceInFastThrow
-XX:+AlwaysPreTouch
-XX:+UnlockExperimentalVMOptions
-XX:+TrustFinalNonStaticFields
-XX:+DisableExplicitGC
-Djdk.nio.maxCachedBufferSize=1024
-Dio.netty.tryReflectionSetAccessible=true
-Djdk.tls.ephemeralDHKeySize=2048
-Djdk.tls.rejectClientInitiatedRenegotiation=true
-XX:FlightRecorderOptions=stackdepth=256
-XX:+UnlockDiagnosticVMOptions
-XX:+DebugNonSafepoints
--add-opens=java.base/java.nio=ALL-UNNAMED
--add-opens=java.base/java.io=ALL-UNNAMED
--add-opens=java.base/sun.nio.ch=ALL-UNNAMED
-Dlog4j2.disable.jmx=true
                                                                server.memory.heap.initial_size=1.00GiB
                                                                server.memory.heap.max_size=2.00GiB
                                                                server.memory.pagecache.size=2.00GiB
                                                                server.windows_service_name=neo4j
                                                                Directories in use:
                                                                server.directories.data=/var/lib/neo4j/data
                                                                server.directories.dumps.root=/var/lib/neo4j/data/dumps
                                                                server.directories.import=/import
                                                                server.directories.lib=/var/lib/neo4j/lib
                                                                server.directories.licenses=/var/lib/neo4j/licenses
                                                                server.directories.logs=/logs
                                                                server.directories.neo4j_home=/var/lib/neo4j
                                                                server.directories.plugins=/var/lib/neo4j/plugins
                                                                server.directories.run=/var/lib/neo4j/run
                                                                server.directories.script.root=/var/lib/neo4j/data/scripts
                                                                server.directories.transaction.logs.root=/var/lib/neo4j/data/transactions
                                                                
                                                                --------------------------------------------------------------------------------
                                                                                                 [ Packaging ]                                  
                                                                --------------------------------------------------------------------------------
                                                                Edition: Community
                                                                Package Type: docker bullseye
                                                                
2026-01-20 08:54:37.388+0000 INFO  [o.n.d.i.DefaultIdentityModule] Generated new ServerId: ServerId{6bdcb1ef} (6bdcb1ef-58bf-41d7-9e1c-0ee16147efa0)
2026-01-20 08:54:37.390+0000 INFO  [o.n.d.i.DefaultIdentityModule] This instance is ServerId{6bdcb1ef} (6bdcb1ef-58bf-41d7-9e1c-0ee16147efa0)
2026-01-20 08:54:38.921+0000 INFO  [o.n.s.CommunityNeoWebServer] ======== Neo4j 5.22.0 ========
2026-01-20 08:54:38.944+0000 INFO  [o.n.d.d.DatabaseLifecycles] Creating 'DatabaseId{00000000[system]}'.
2026-01-20 08:54:39.014+0000 INFO  [a.ApocConfig] successfully registered ApocConfig for @Context
2026-01-20 08:54:39.017+0000 INFO  [a.Pools] successfully registered Pools for @Context
2026-01-20 08:54:39.170+0000 INFO  [a.ApocConfig] cannot determine conf folder from sys property org.neo4j.server.CommunityEntryPoint --home-dir=/var/lib/neo4j --config-dir=/var/lib/neo4j/conf --console-mode, assuming /var/lib/neo4j/conf
2026-01-20 08:54:39.173+0000 INFO  [a.ApocConfig] system property NEO4J_CONF set to /var/lib/neo4j/conf
2026-01-20 08:54:39.326+0000 INFO  [a.ApocConfig] setting APOC config to default value: apoc.trigger.enabled=false
2026-01-20 08:54:39.386+0000 INFO  [o.n.b.BoltServer] Using connector transport epoll
2026-01-20 08:54:39.476+0000 INFO  [o.n.b.BoltServer] Configured external Bolt connector with listener address /0.0.0.0:7687
2026-01-20 08:54:39.480+0000 INFO  [o.n.b.BoltServer] Bolt server loaded
2026-01-20 08:54:39.518+0000 INFO  [o.n.d.d.DatabaseLifecycles] Starting 'DatabaseId{00000000[system]}'.
2026-01-20 08:54:40.596+0000 INFO  [o.n.i.d.DiagnosticsManager] [system/00000000] 
                                                                [system/00000000] ********************************************************************************
                                                                [system/00000000]                               [ Database: system ]                              
                                                                [system/00000000] ********************************************************************************
                                                                [system/00000000] --------------------------------------------------------------------------------
                                                                [system/00000000]                                   [ Version ]                                   
                                                                [system/00000000] --------------------------------------------------------------------------------
                                                                [system/00000000] DBMS: community record-aligned-1.1
                                                                [system/00000000] Kernel version: 5.22.0
                                                                [system/00000000] 
                                                                [system/00000000] --------------------------------------------------------------------------------
                                                                [system/00000000]                                 [ Store files ]                                 
                                                                [system/00000000] --------------------------------------------------------------------------------
                                                                [system/00000000] Disk space on partition (Total / Free / Free %): 494384795648 / 28534800384 / 5
                                                                [system/00000000] Storage files stored on file store: fakeowner
                                                                [system/00000000] Storage files: (filename : modification date - size)
                                                                [system/00000000]   neostore: 2026-01-20 08:54:40.381+0000 - 8.000KiB
                                                                [system/00000000]   neostore.counts.db: 2026-01-20 08:54:40.423+0000 - 0B
                                                                [system/00000000]   neostore.indexstats.db: 2026-01-20 08:54:40.444+0000 - 0B
                                                                [system/00000000]   neostore.labeltokenstore.db: 2026-01-20 08:54:40.352+0000 - 0B
                                                                [system/00000000]   neostore.labeltokenstore.db.id: 2026-01-20 08:54:40.349+0000 - 0B
                                                                [system/00000000]   neostore.labeltokenstore.db.names: 2026-01-20 08:54:40.344+0000 - 8.000KiB
                                                                [system/00000000]   neostore.labeltokenstore.db.names.id: 2026-01-20 08:54:40.341+0000 - 0B
                                                                [system/00000000]   neostore.nodestore.db: 2026-01-20 08:54:40.297+0000 - 0B
                                                                [system/00000000]   neostore.nodestore.db.id: 2026-01-20 08:54:40.295+0000 - 0B
                                                                [system/00000000]   neostore.nodestore.db.labels: 2026-01-20 08:54:40.287+0000 - 8.000KiB
                                                                [system/00000000]   neostore.nodestore.db.labels.id: 2026-01-20 08:54:40.251+0000 - 0B
                                                                [system/00000000]   neostore.propertystore.db: 2026-01-20 08:54:40.325+0000 - 0B
                                                                [system/00000000]   neostore.propertystore.db.arrays: 2026-01-20 08:54:40.317+0000 - 8.000KiB
                                                                [system/00000000]   neostore.propertystore.db.arrays.id: 2026-01-20 08:54:40.313+0000 - 0B
                                                                [system/00000000]   neostore.propertystore.db.id: 2026-01-20 08:54:40.322+0000 - 0B
                                                                [system/00000000]   neostore.propertystore.db.index: 2026-01-20 08:54:40.306+0000 - 0B
                                                                [system/00000000]   neostore.propertystore.db.index.id: 2026-01-20 08:54:40.305+0000 - 0B
                                                                [system/00000000]   neostore.propertystore.db.index.keys: 2026-01-20 08:54:40.301+0000 - 8.000KiB
                                                                [system/00000000]   neostore.propertystore.db.index.keys.id: 2026-01-20 08:54:40.299+0000 - 0B
                                                                [system/00000000]   neostore.propertystore.db.strings: 2026-01-20 08:54:40.310+0000 - 8.000KiB
                                                                [system/00000000]   neostore.propertystore.db.strings.id: 2026-01-20 08:54:40.308+0000 - 0B
                                                                [system/00000000]   neostore.relationshipgroupstore.db: 2026-01-20 08:54:40.365+0000 - 8.000KiB
                                                                [system/00000000]   neostore.relationshipgroupstore.db.id: 2026-01-20 08:54:40.362+0000 - 0B
                                                                [system/00000000]   neostore.relationshipgroupstore.degrees.db: 2026-01-20 08:54:40.436+0000 - 0B
                                                                [system/00000000]   neostore.relationshipstore.db: 2026-01-20 08:54:40.330+0000 - 0B
                                                                [system/00000000]   neostore.relationshipstore.db.id: 2026-01-20 08:54:40.329+0000 - 0B
                                                                [system/00000000]   neostore.relationshiptypestore.db: 2026-01-20 08:54:40.338+0000 - 0B
                                                                [system/00000000]   neostore.relationshiptypestore.db.id: 2026-01-20 08:54:40.337+0000 - 0B
                                                                [system/00000000]   neostore.relationshiptypestore.db.names: 2026-01-20 08:54:40.334+0000 - 8.000KiB
                                                                [system/00000000]   neostore.relationshiptypestore.db.names.id: 2026-01-20 08:54:40.331+0000 - 0B
                                                                [system/00000000]   neostore.schemastore.db: 2026-01-20 08:54:40.358+0000 - 8.000KiB
                                                                [system/00000000]   neostore.schemastore.db.id: 2026-01-20 08:54:40.356+0000 - 0B
                                                                [system/00000000] Storage summary: 
                                                                [system/00000000]   Total size of store: 72.00KiB
                                                                [system/00000000]   Total size of mapped files: 72.00KiB
                                                                [system/00000000] 
                                                                [system/00000000] --------------------------------------------------------------------------------
                                                                [system/00000000]                               [ Transaction log ]                               
                                                                [system/00000000] --------------------------------------------------------------------------------
                                                                [system/00000000] Transaction log files stored on file store: fakeowner
                                                                [system/00000000] Transaction log metadata:
                                                                [system/00000000]  - current kernel version used in transactions: V5_22
                                                                [system/00000000]  - last committed transaction id: 1
                                                                [system/00000000] Transaction log files:
                                                                [system/00000000]  - existing transaction log versions: -1--1
                                                                [system/00000000]  - no transactions found
                                                                [system/00000000] Checkpoint log files:
                                                                [system/00000000]  - existing checkpoint log versions: -1--1
                                                                [system/00000000]  - no checkpoints found
                                                                [system/00000000] 
                                                                [system/00000000] --------------------------------------------------------------------------------
                                                                [system/00000000]                                   [ Id usage ]                                  
                                                                [system/00000000] --------------------------------------------------------------------------------
                                                                [system/00000000] ArrayPropertyStore[neostore.nodestore.db.labels]: used=1 high=0
                                                                [system/00000000] NodeStore[neostore.nodestore.db]: used=0 high=-1
                                                                [system/00000000] StringPropertyStore[neostore.propertystore.db.index.keys]: used=1 high=0
                                                                [system/00000000] PropertyIndexStore[neostore.propertystore.db.index]: used=0 high=-1
                                                                [system/00000000] StringPropertyStore[neostore.propertystore.db.strings]: used=1 high=0
                                                                [system/00000000] ArrayPropertyStore[neostore.propertystore.db.arrays]: used=1 high=0
                                                                [system/00000000] PropertyStore[neostore.propertystore.db]: used=0 high=-1
                                                                [system/00000000] RelationshipStore[neostore.relationshipstore.db]: used=0 high=-1
                                                                [system/00000000] StringPropertyStore[neostore.relationshiptypestore.db.names]: used=1 high=0
                                                                [system/00000000] RelationshipTypeStore[neostore.relationshiptypestore.db]: used=0 high=-1
                                                                [system/00000000] StringPropertyStore[neostore.labeltokenstore.db.names]: used=1 high=0
                                                                [system/00000000] LabelTokenStore[neostore.labeltokenstore.db]: used=0 high=-1
                                                                [system/00000000] SchemaStore[neostore.schemastore.db]: used=1 high=0
                                                                [system/00000000] RelationshipGroupStore[neostore.relationshipgroupstore.db]: used=1 high=0
                                                                [system/00000000] NeoStore[neostore]: used=-1 high=-1
                                                                [system/00000000] 
                                                                [system/00000000] --------------------------------------------------------------------------------
                                                                [system/00000000]                                   [ Metadata ]                                  
                                                                [system/00000000] --------------------------------------------------------------------------------
                                                                [system/00000000] EXTERNAL_STORE_UUID (Database identifier exposed as external store identity. Generated on creation and never updated): 11492661-349b-4c9e-8bae-3bd39e9b80e6
                                                                [system/00000000] DATABASE_ID (The last used DatabaseId for this database): null
                                                                [system/00000000] LEGACY_STORE_VERSION (Legacy store format version. This field is used from 5.0 onwards only to distinguish non-migrated pre 5.0 metadata stores.): -3523014627327384477
                                                                [system/00000000] STORE_ID (Store ID): StoreId{creationTime=1768899280374, random=-6912260248954375244, storageEngineName='record', formatName='aligned', majorVersion=1, minorVersion=1}
                                                                [system/00000000] 
2026-01-20 08:54:40.634+0000 INFO  [o.n.k.a.DatabaseAvailabilityGuard] [system/00000000] Requirement `Database unavailable` makes database system unavailable.
2026-01-20 08:54:40.642+0000 INFO  [o.n.k.a.DatabaseAvailabilityGuard] [system/00000000] DatabaseId{00000000[system]} is unavailable.
2026-01-20 08:54:40.670+0000 WARN  [o.n.k.i.s.MetaDataStore] [system/00000000] Missing counts store, rebuilding it.
2026-01-20 08:54:40.680+0000 WARN  [o.n.k.i.s.MetaDataStore] [system/00000000] Counts store rebuild completed.
2026-01-20 08:54:40.825+0000 INFO  [o.n.k.d.Database] [system/00000000] Starting transaction log [/data/transactions/system/neostore.transaction.db.0] at version=0
2026-01-20 08:54:40.848+0000 INFO  [o.n.k.d.Database] [system/00000000] Starting transaction log [/data/transactions/system/checkpoint.0] at version=0
2026-01-20 08:54:40.854+0000 INFO  [o.n.k.i.t.l.f.c.CheckpointLogFile] [system/00000000] Scanning log file with version 0 for checkpoint entries
2026-01-20 08:54:40.875+0000 INFO  [o.n.k.a.DatabaseAvailabilityGuard] [system/00000000] Fulfilling of requirement 'Database unavailable' makes database system available.
2026-01-20 08:54:40.876+0000 INFO  [o.n.k.a.DatabaseAvailabilityGuard] [system/00000000] DatabaseId{00000000[system]} is ready.
2026-01-20 08:54:41.201+0000 INFO  [o.n.k.i.a.i.IndexPopulationJob] [system/00000000] Index population started: [Index( id=2, name='index_f7700477', type='LOOKUP', schema=()-[:<any-types>]-(), indexProvider='token-lookup-1.0' )]
2026-01-20 08:54:41.248+0000 INFO  [o.n.k.i.a.i.IndexPopulationJob] [system/00000000] Index creation finished for index [Index( id=2, name='index_f7700477', type='LOOKUP', schema=()-[:<any-types>]-(), indexProvider='token-lookup-1.0' )].
2026-01-20 08:54:41.256+0000 INFO  [o.n.k.i.a.i.IndexPopulationJob] [system/00000000] Index population started: [Index( id=1, name='index_343aff4e', type='LOOKUP', schema=(:<any-labels>), indexProvider='token-lookup-1.0' )]
2026-01-20 08:54:41.268+0000 INFO  [o.n.k.i.a.i.IndexPopulationJob] [system/00000000] Index creation finished for index [Index( id=1, name='index_343aff4e', type='LOOKUP', schema=(:<any-labels>), indexProvider='token-lookup-1.0' )].
2026-01-20 08:54:41.274+0000 INFO  [o.n.k.i.t.l.c.CheckPointerImpl] [system/00000000] Checkpoint triggered by "Database init completed." @ txId: 3 checkpoint started...
2026-01-20 08:54:41.340+0000 INFO  [o.n.k.i.t.l.c.CheckPointerImpl] [system/00000000] Checkpoint triggered by "Database init completed." @ txId: 3 checkpoint completed in 64ms. Checkpoint flushed 74 pages (0% of total available pages), in 57 IOs. Checkpoint performed with IO limit: unlimited, paused in total 0 times( 0 millis).
2026-01-20 08:54:41.345+0000 INFO  [o.n.k.i.t.l.p.LogPruningImpl] [system/00000000] No log version pruned. The strategy used was '2 days 2147483648 size'. 
2026-01-20 08:54:41.395+0000 WARN  [o.n.k.a.p.GlobalProcedures] Failed to load `com.opencsv.bean.BeanFieldJoinStringIndex` from plugin jar `/var/lib/neo4j/plugins/apoc.jar`: java.lang.NoClassDefFoundError: org/apache/commons/collections4/MultiValuedMap
2026-01-20 08:54:41.400+0000 WARN  [o.n.k.a.p.GlobalProcedures] Failed to load `com.jayway.jsonpath.spi.mapper.JakartaMappingProvider` from plugin jar `/var/lib/neo4j/plugins/apoc.jar`: java.lang.NoClassDefFoundError: jakarta/json/stream/JsonParser
2026-01-20 08:54:41.457+0000 WARN  [o.n.k.a.p.GlobalProcedures] Failed to load `com.opencsv.bean.AbstractMappingStrategy` from plugin jar `/var/lib/neo4j/plugins/apoc.jar`: java.lang.NoClassDefFoundError: org/apache/commons/collections4/MultiValuedMap
2026-01-20 08:54:41.468+0000 WARN  [o.n.k.a.p.GlobalProcedures] Failed to load `com.opencsv.bean.concurrent.BeanExecutor` from plugin jar `/var/lib/neo4j/plugins/apoc.jar`: java.lang.NoClassDefFoundError: org/apache/commons/collections4/ListValuedMap
2026-01-20 08:54:41.495+0000 WARN  [o.n.k.a.p.GlobalProcedures] Failed to load `com.opencsv.bean.HeaderIndex` from plugin jar `/var/lib/neo4j/plugins/apoc.jar`: java.lang.NoClassDefFoundError: org/apache/commons/collections4/MultiValuedMap
2026-01-20 08:54:41.498+0000 WARN  [o.n.k.a.p.GlobalProcedures] Failed to load `com.opencsv.bean.FuzzyMappingStrategy` from plugin jar `/var/lib/neo4j/plugins/apoc.jar`: java.lang.NoClassDefFoundError: org/apache/commons/collections4/MultiValuedMap
2026-01-20 08:54:41.502+0000 WARN  [o.n.k.a.p.GlobalProcedures] Failed to load `net.minidev.asm.ASMUtil` from plugin jar `/var/lib/neo4j/plugins/apoc.jar`: java.lang.NoClassDefFoundError: org/objectweb/asm/MethodVisitor
2026-01-20 08:54:41.503+0000 WARN  [o.n.k.a.p.GlobalProcedures] Failed to load `apoc.util.hdfs.HDFSUtils$1` from plugin jar `/var/lib/neo4j/plugins/apoc.jar`: java.lang.NoClassDefFoundError: org/apache/hadoop/fs/FSDataInputStream
2026-01-20 08:54:41.503+0000 WARN  [o.n.k.a.p.GlobalProcedures] Failed to load `com.opencsv.bean.BeanFieldJoin` from plugin jar `/var/lib/neo4j/plugins/apoc.jar`: java.lang.NoClassDefFoundError: org/apache/commons/collections4/MultiValuedMap
2026-01-20 08:54:41.505+0000 WARN  [o.n.k.a.p.GlobalProcedures] Failed to load `META-INF.versions.9.module-info` from plugin jar `/var/lib/neo4j/plugins/apoc.jar`: java.lang.NoClassDefFoundError: META-INF/versions/9/module-info is not a class because access_flag ACC_MODULE is set
2026-01-20 08:54:41.518+0000 WARN  [o.n.k.a.p.GlobalProcedures] Failed to load `com.jayway.jsonpath.spi.json.JakartaJsonProvider$JsonObjectProxy$1` from plugin jar `/var/lib/neo4j/plugins/apoc.jar`: java.lang.NoClassDefFoundError: jakarta/json/JsonObject
2026-01-20 08:54:41.524+0000 WARN  [o.n.k.a.p.GlobalProcedures] Failed to load `com.opencsv.bean.customconverter.ConvertGermanToBoolean` from plugin jar `/var/lib/neo4j/plugins/apoc.jar`: java.lang.NoClassDefFoundError: org/apache/commons/beanutils/ConversionException
2026-01-20 08:54:41.535+0000 WARN  [o.n.k.a.p.GlobalProcedures] Failed to load `com.opencsv.bean.StatefulBeanToCsv` from plugin jar `/var/lib/neo4j/plugins/apoc.jar`: java.lang.NoClassDefFoundError: org/apache/commons/collections4/MultiValuedMap
2026-01-20 08:54:41.539+0000 WARN  [o.n.k.a.p.GlobalProcedures] Failed to load `com.opencsv.bean.HeaderNameBaseMappingStrategy` from plugin jar `/var/lib/neo4j/plugins/apoc.jar`: java.lang.NoClassDefFoundError: org/apache/commons/collections4/MultiValuedMap
2026-01-20 08:54:41.541+0000 WARN  [o.n.k.a.p.GlobalProcedures] Failed to load `com.jayway.jsonpath.spi.mapper.JakartaMappingProvider$JsonStructureScope` from plugin jar `/var/lib/neo4j/plugins/apoc.jar`: java.lang.NoClassDefFoundError: jakarta/json/JsonValue
2026-01-20 08:54:41.543+0000 WARN  [o.n.k.a.p.GlobalProcedures] Failed to load `com.opencsv.bean.concurrent.IntolerantThreadPoolExecutor` from plugin jar `/var/lib/neo4j/plugins/apoc.jar`: java.lang.NoClassDefFoundError: org/apache/commons/collections4/ListValuedMap
2026-01-20 08:54:41.567+0000 WARN  [o.n.k.a.p.GlobalProcedures] Failed to load `com.opencsv.bean.customconverter.ConverterLanguageToBoolean` from plugin jar `/var/lib/neo4j/plugins/apoc.jar`: java.lang.NoClassDefFoundError: org/apache/commons/beanutils/ConversionException
2026-01-20 08:54:41.592+0000 WARN  [o.n.k.a.p.GlobalProcedures] Failed to load `com.opencsv.bean.customconverter.ConvertFrenchToBoolean` from plugin jar `/var/lib/neo4j/plugins/apoc.jar`: java.lang.NoClassDefFoundError: org/apache/commons/beanutils/ConversionException
2026-01-20 08:54:41.594+0000 WARN  [o.n.k.a.p.GlobalProcedures] Failed to load `com.opencsv.bean.ColumnPositionMappingStrategy` from plugin jar `/var/lib/neo4j/plugins/apoc.jar`: java.lang.NoClassDefFoundError: org/apache/commons/collections4/MultiValuedMap
2026-01-20 08:54:41.598+0000 WARN  [o.n.k.a.p.GlobalProcedures] Failed to load `com.jayway.jsonpath.spi.mapper.JakartaMappingProvider$JsonObjectScope` from plugin jar `/var/lib/neo4j/plugins/apoc.jar`: java.lang.NoClassDefFoundError: jakarta/json/JsonValue
2026-01-20 08:54:41.602+0000 WARN  [o.n.k.a.p.GlobalProcedures] Failed to load `apoc.util.google.cloud.GCStorageURLConnection` from plugin jar `/var/lib/neo4j/plugins/apoc.jar`: java.lang.NoClassDefFoundError: com/google/cloud/storage/Storage
2026-01-20 08:54:41.606+0000 WARN  [o.n.k.a.p.GlobalProcedures] Failed to load `com.jayway.jsonpath.spi.json.JakartaJsonProvider` from plugin jar `/var/lib/neo4j/plugins/apoc.jar`: java.lang.NoClassDefFoundError: jakarta/json/JsonObject
2026-01-20 08:54:41.614+0000 WARN  [o.n.k.a.p.GlobalProcedures] Failed to load `com.opencsv.bean.CsvToBeanBuilder` from plugin jar `/var/lib/neo4j/plugins/apoc.jar`: java.lang.NoClassDefFoundError: org/apache/commons/collections4/ListValuedMap
2026-01-20 08:54:41.629+0000 WARN  [o.n.k.a.p.GlobalProcedures] Failed to load `com.jayway.jsonpath.spi.json.JakartaJsonProvider$JsonArrayProxy` from plugin jar `/var/lib/neo4j/plugins/apoc.jar`: java.lang.NoClassDefFoundError: jakarta/json/JsonArray
2026-01-20 08:54:41.642+0000 WARN  [o.n.k.a.p.GlobalProcedures] Failed to load `com.opencsv.bean.FieldMapByPosition$1` from plugin jar `/var/lib/neo4j/plugins/apoc.jar`: java.lang.NoClassDefFoundError: org/apache/commons/collections4/iterators/LazyIteratorChain
2026-01-20 08:54:41.644+0000 WARN  [o.n.k.a.p.GlobalProcedures] Failed to load `com.opencsv.bean.HeaderColumnNameMappingStrategy` from plugin jar `/var/lib/neo4j/plugins/apoc.jar`: java.lang.NoClassDefFoundError: org/apache/commons/collections4/MultiValuedMap
2026-01-20 08:54:41.647+0000 WARN  [o.n.k.a.p.GlobalProcedures] Failed to load `apoc.util.hdfs.HDFSUtils` from plugin jar `/var/lib/neo4j/plugins/apoc.jar`: java.lang.NoClassDefFoundError: org/apache/hadoop/fs/FSDataOutputStream
2026-01-20 08:54:41.660+0000 WARN  [o.n.k.a.p.GlobalProcedures] Failed to load `com.jayway.jsonpath.spi.json.JakartaJsonProvider$JsonArrayProxy$1` from plugin jar `/var/lib/neo4j/plugins/apoc.jar`: java.lang.NoClassDefFoundError: jakarta/json/JsonValue
2026-01-20 08:54:41.661+0000 WARN  [o.n.k.a.p.GlobalProcedures] Failed to load `com.jayway.jsonpath.spi.json.JakartaJsonProvider$JsonArrayProxy$2` from plugin jar `/var/lib/neo4j/plugins/apoc.jar`: java.lang.NoClassDefFoundError: jakarta/json/JsonValue
2026-01-20 08:54:41.671+0000 WARN  [o.n.k.a.p.GlobalProcedures] Failed to load `com.opencsv.bean.StatefulBeanToCsvBuilder` from plugin jar `/var/lib/neo4j/plugins/apoc.jar`: java.lang.NoClassDefFoundError: org/apache/commons/collections4/ListValuedMap
2026-01-20 08:54:41.673+0000 WARN  [o.n.k.a.p.GlobalProcedures] Failed to load `com.opencsv.bean.HeaderColumnNameTranslateMappingStrategy` from plugin jar `/var/lib/neo4j/plugins/apoc.jar`: java.lang.NoClassDefFoundError: org/apache/commons/collections4/MultiValuedMap
2026-01-20 08:54:41.681+0000 WARN  [o.n.k.a.p.GlobalProcedures] Failed to load `apoc.util.s3.S3URLConnection` from plugin jar `/var/lib/neo4j/plugins/apoc.jar`: java.lang.NoClassDefFoundError: com/amazonaws/ClientConfiguration
2026-01-20 08:54:41.683+0000 WARN  [o.n.k.a.p.GlobalProcedures] Failed to load `com.opencsv.bean.BeanFieldJoinIntegerIndex` from plugin jar `/var/lib/neo4j/plugins/apoc.jar`: java.lang.NoClassDefFoundError: org/apache/commons/collections4/MultiValuedMap
2026-01-20 08:54:41.684+0000 WARN  [o.n.k.a.p.GlobalProcedures] Failed to load `com.jayway.jsonpath.spi.json.JsonOrgJsonProvider` from plugin jar `/var/lib/neo4j/plugins/apoc.jar`: java.lang.NoClassDefFoundError: org/json/JSONException
2026-01-20 08:54:41.686+0000 WARN  [o.n.k.a.p.GlobalProcedures] Failed to load `com.opencsv.bean.concurrent.LineExecutor` from plugin jar `/var/lib/neo4j/plugins/apoc.jar`: java.lang.NoClassDefFoundError: org/apache/commons/collections4/ListValuedMap
2026-01-20 08:54:41.697+0000 WARN  [o.n.k.a.p.GlobalProcedures] Failed to load `net.minidev.asm.BeansAccessBuilder` from plugin jar `/var/lib/neo4j/plugins/apoc.jar`: java.lang.NoClassDefFoundError: org/objectweb/asm/MethodVisitor
2026-01-20 08:54:41.702+0000 WARN  [o.n.k.a.p.GlobalProcedures] Failed to load `com.jayway.jsonpath.spi.json.JakartaJsonProvider$JsonObjectProxy` from plugin jar `/var/lib/neo4j/plugins/apoc.jar`: java.lang.NoClassDefFoundError: jakarta/json/JsonObject
2026-01-20 08:54:41.704+0000 WARN  [o.n.k.a.p.GlobalProcedures] Failed to load `com.opencsv.bean.MappingStrategy` from plugin jar `/var/lib/neo4j/plugins/apoc.jar`: java.lang.NoClassDefFoundError: org/apache/commons/collections4/MultiValuedMap
2026-01-20 08:54:41.738+0000 WARN  [o.n.k.a.p.GlobalProcedures] Failed to load `apoc.util.s3.S3OutputStream$S3UploadManager` from plugin jar `/var/lib/neo4j/plugins/apoc.jar`: java.lang.NoClassDefFoundError: com/amazonaws/services/s3/AmazonS3
2026-01-20 08:54:41.749+0000 WARN  [o.n.k.a.p.GlobalProcedures] Failed to load `com.jayway.jsonpath.spi.mapper.JakartaMappingProvider$JsonArrayScope` from plugin jar `/var/lib/neo4j/plugins/apoc.jar`: java.lang.NoClassDefFoundError: jakarta/json/JsonValue
2026-01-20 08:54:41.752+0000 WARN  [o.n.k.a.p.GlobalProcedures] Failed to load `com.opencsv.bean.ConverterPrimitiveTypes` from plugin jar `/var/lib/neo4j/plugins/apoc.jar`: java.lang.NoClassDefFoundError: org/apache/commons/beanutils/ConversionException
2026-01-20 08:54:41.753+0000 WARN  [o.n.k.a.p.GlobalProcedures] Failed to load `apoc.util.s3.S3Aws` from plugin jar `/var/lib/neo4j/plugins/apoc.jar`: java.lang.NoClassDefFoundError: com/amazonaws/auth/AWSCredentials
2026-01-20 08:54:41.755+0000 WARN  [o.n.k.a.p.GlobalProcedures] Failed to load `com.jayway.jsonpath.spi.mapper.JakartaMappingProvider$JsonStructureToParserAdapter` from plugin jar `/var/lib/neo4j/plugins/apoc.jar`: java.lang.NoClassDefFoundError: jakarta/json/stream/JsonParser
2026-01-20 08:54:41.760+0000 WARN  [o.n.k.a.p.GlobalProcedures] Failed to load `com.opencsv.bean.concurrent.AccumulateCsvResults` from plugin jar `/var/lib/neo4j/plugins/apoc.jar`: java.lang.NoClassDefFoundError: org/apache/commons/collections4/ListValuedMap
2026-01-20 08:54:41.763+0000 WARN  [o.n.k.a.p.GlobalProcedures] Failed to load `apoc.util.s3.S3Aws$1` from plugin jar `/var/lib/neo4j/plugins/apoc.jar`: java.lang.NoClassDefFoundError: com/amazonaws/services/s3/model/S3ObjectInputStream
2026-01-20 08:54:42.457+0000 WARN  [o.n.k.a.p.GlobalProcedures] Use of @Procedure(deprecatedBy) without @Deprecated in apoc.convert.toTree
2026-01-20 08:54:42.582+0000 INFO  [o.n.k.i.a.i.IndexPopulationJob] [system/00000000] Index population started: [Index( id=3, name='constraint_798238d6', type='RANGE', schema=(:DatabaseName {name, namespace}), indexProvider='range-1.0' )]
2026-01-20 08:54:42.617+0000 INFO  [o.n.k.i.a.i.IndexPopulationJob] [system/00000000] Index creation finished for index [Index( id=3, name='constraint_798238d6', type='RANGE', schema=(:DatabaseName {name, namespace}), indexProvider='range-1.0' )].
2026-01-20 08:54:42.645+0000 INFO  [o.n.k.i.a.i.IndexPopulationJob] [system/00000000] Index population started: [Index( id=4, name='constraint_8014b60a', type='RANGE', schema=(:Database {name}), indexProvider='range-1.0' )]
2026-01-20 08:54:42.657+0000 INFO  [o.n.k.i.a.i.IndexPopulationJob] [system/00000000] Index creation finished for index [Index( id=4, name='constraint_8014b60a', type='RANGE', schema=(:Database {name}), indexProvider='range-1.0' )].
2026-01-20 08:54:42.705+0000 INFO  [o.n.k.i.a.i.IndexingService] [system/00000000] Constraint Index( id=3, name='constraint_798238d6', type='RANGE', schema=(:Label[1] {PropertyKey[11], PropertyKey[12]}), indexProvider='range-1.0' ) is ONLINE.
2026-01-20 08:54:42.707+0000 INFO  [o.n.k.i.a.i.IndexingService] [system/00000000] Constraint Index( id=4, name='constraint_8014b60a', type='RANGE', schema=(:Label[2] {PropertyKey[11]}), indexProvider='range-1.0' ) is ONLINE.
2026-01-20 08:54:42.904+0000 INFO  [o.n.k.i.a.i.IndexPopulationJob] [system/00000000] Index population started: [Index( id=7, name='constraint_5789ae3', type='RANGE', schema=(:User {name}), indexProvider='range-1.0' )]
2026-01-20 08:54:42.918+0000 INFO  [o.n.k.i.a.i.IndexPopulationJob] [system/00000000] Index creation finished for index [Index( id=7, name='constraint_5789ae3', type='RANGE', schema=(:User {name}), indexProvider='range-1.0' )].
2026-01-20 08:54:42.935+0000 INFO  [o.n.k.i.a.i.IndexPopulationJob] [system/00000000] Index population started: [Index( id=8, name='constraint_74fad970', type='RANGE', schema=(:User {id}), indexProvider='range-1.0' )]
2026-01-20 08:54:42.949+0000 INFO  [o.n.k.i.a.i.IndexPopulationJob] [system/00000000] Index creation finished for index [Index( id=8, name='constraint_74fad970', type='RANGE', schema=(:User {id}), indexProvider='range-1.0' )].
2026-01-20 08:54:42.966+0000 INFO  [o.n.k.i.a.i.IndexPopulationJob] [system/00000000] Index population started: [Index( id=9, name='auth-constraint', type='RANGE', schema=(:Auth {provider, id}), indexProvider='range-1.0' )]
2026-01-20 08:54:42.982+0000 INFO  [o.n.k.i.a.i.IndexPopulationJob] [system/00000000] Index creation finished for index [Index( id=9, name='auth-constraint', type='RANGE', schema=(:Auth {provider, id}), indexProvider='range-1.0' )].
2026-01-20 08:54:42.993+0000 INFO  [o.n.k.i.a.i.IndexingService] [system/00000000] Constraint Index( id=7, name='constraint_5789ae3', type='RANGE', schema=(:Label[3] {PropertyKey[11]}), indexProvider='range-1.0' ) is ONLINE.
2026-01-20 08:54:42.994+0000 INFO  [o.n.k.i.a.i.IndexingService] [system/00000000] Constraint Index( id=8, name='constraint_74fad970', type='RANGE', schema=(:Label[3] {PropertyKey[27]}), indexProvider='range-1.0' ) is ONLINE.
2026-01-20 08:54:42.995+0000 INFO  [o.n.k.i.a.i.IndexingService] [system/00000000] Constraint Index( id=9, name='auth-constraint', type='RANGE', schema=(:Label[4] {PropertyKey[28], PropertyKey[27]}), indexProvider='range-1.0' ) is ONLINE.
2026-01-20 08:54:42.998+0000 INFO  [o.n.s.s.s.UserSecurityGraphComponent] Initializing system graph model for component 'security-users' with version -1 and status UNINITIALIZED
2026-01-20 08:54:43.008+0000 INFO  [o.n.s.s.s.UserSecurityGraphComponent] Setting up initial user from `auth.ini` file: neo4j
2026-01-20 08:54:43.009+0000 INFO  [o.n.s.s.a.CommunitySecurityModule] CREATE USER neo4j PASSWORD ****** CHANGE NOT REQUIRED
2026-01-20 08:54:43.025+0000 INFO  [o.n.s.s.s.UserSecurityGraphComponent] Setting version for 'security-users' to 5
2026-01-20 08:54:43.028+0000 INFO  [o.n.s.s.s.UserSecurityGraphComponent] After initialization of system graph model component 'security-users' have version 5 and status CURRENT
2026-01-20 08:54:43.034+0000 INFO  [o.n.s.s.s.UserSecurityGraphComponent] Performing postInitialization step for component 'security-users' with version 5 and status CURRENT
2026-01-20 08:54:43.040+0000 INFO  [o.n.d.d.DatabaseLifecycles] Creating 'DatabaseId{f7f14abc[neo4j]}'.
2026-01-20 08:54:43.043+0000 INFO  [o.n.d.d.DatabaseLifecycles] Starting 'DatabaseId{f7f14abc[neo4j]}'.
2026-01-20 08:54:43.069+0000 INFO  [o.n.k.i.t.l.f.c.CheckpointLogFile] [neo4j/f7f14abc] Scanning log file with version 0 for checkpoint entries
2026-01-20 08:54:43.088+0000 INFO  [o.n.k.i.s.f.RecordFormatSelector] [neo4j/f7f14abc] Selected RecordFormat:PageAlignedV5_0[aligned-1.1] record format from store /data/databases/neo4j
2026-01-20 08:54:43.089+0000 INFO  [o.n.k.i.s.f.RecordFormatSelector] [neo4j/f7f14abc] Selected format from the store files: RecordFormat:PageAlignedV5_0[aligned-1.1]
2026-01-20 08:54:43.162+0000 INFO  [o.n.i.d.DiagnosticsManager] [neo4j/f7f14abc] 
                                                                [neo4j/f7f14abc] ********************************************************************************
                                                                [neo4j/f7f14abc]                               [ Database: neo4j ]                               
                                                                [neo4j/f7f14abc] ********************************************************************************
                                                                [neo4j/f7f14abc] --------------------------------------------------------------------------------
                                                                [neo4j/f7f14abc]                                   [ Version ]                                   
                                                                [neo4j/f7f14abc] --------------------------------------------------------------------------------
                                                                [neo4j/f7f14abc] DBMS: community record-aligned-1.1
                                                                [neo4j/f7f14abc] Kernel version: 5.22.0
                                                                [neo4j/f7f14abc] 
                                                                [neo4j/f7f14abc] --------------------------------------------------------------------------------
                                                                [neo4j/f7f14abc]                                 [ Store files ]                                 
                                                                [neo4j/f7f14abc] --------------------------------------------------------------------------------
                                                                [neo4j/f7f14abc] Disk space on partition (Total / Free / Free %): 494384795648 / 28264169472 / 5
                                                                [neo4j/f7f14abc] Storage files stored on file store: fakeowner
                                                                [neo4j/f7f14abc] Storage files: (filename : modification date - size)
                                                                [neo4j/f7f14abc]   database_lock: 2026-01-20 08:54:14.394+0000 - 0B
                                                                [neo4j/f7f14abc]   neostore: 2026-01-20 08:54:16.238+0000 - 8.000KiB
                                                                [neo4j/f7f14abc]   neostore.counts.db: 2026-01-20 08:54:43.123+0000 - 40.00KiB
                                                                [neo4j/f7f14abc]   neostore.indexstats.db: 2026-01-20 08:54:43.127+0000 - 0B
                                                                [neo4j/f7f14abc]   neostore.labeltokenstore.db: 2026-01-20 08:54:17.136+0000 - 8.000KiB
                                                                [neo4j/f7f14abc]   neostore.labeltokenstore.db.id: 2026-01-20 08:54:43.116+0000 - 40.00KiB
                                                                [neo4j/f7f14abc]   neostore.labeltokenstore.db.names: 2026-01-20 08:54:17.135+0000 - 8.000KiB
                                                                [neo4j/f7f14abc]   neostore.labeltokenstore.db.names.id: 2026-01-20 08:54:43.114+0000 - 40.00KiB
                                                                [neo4j/f7f14abc]   neostore.nodestore.db: 2026-01-20 08:54:20.373+0000 - 656.0KiB
                                                                [neo4j/f7f14abc]   neostore.nodestore.db.id: 2026-01-20 08:54:43.097+0000 - 40.00KiB
                                                                [neo4j/f7f14abc]   neostore.nodestore.db.labels: 2026-01-20 08:54:16.144+0000 - 8.000KiB
                                                                [neo4j/f7f14abc]   neostore.nodestore.db.labels.id: 2026-01-20 08:54:43.093+0000 - 40.00KiB
                                                                [neo4j/f7f14abc]   neostore.propertystore.db: 2026-01-20 08:54:20.367+0000 - 2.828MiB
                                                                [neo4j/f7f14abc]   neostore.propertystore.db.arrays: 2026-01-20 08:54:16.192+0000 - 8.000KiB
                                                                [neo4j/f7f14abc]   neostore.propertystore.db.arrays.id: 2026-01-20 08:54:43.105+0000 - 40.00KiB
                                                                [neo4j/f7f14abc]   neostore.propertystore.db.id: 2026-01-20 08:54:43.107+0000 - 40.00KiB
                                                                [neo4j/f7f14abc]   neostore.propertystore.db.index: 2026-01-20 08:54:20.369+0000 - 8.000KiB
                                                                [neo4j/f7f14abc]   neostore.propertystore.db.index.id: 2026-01-20 08:54:43.101+0000 - 40.00KiB
                                                                [neo4j/f7f14abc]   neostore.propertystore.db.index.keys: 2026-01-20 08:54:20.370+0000 - 8.000KiB
                                                                [neo4j/f7f14abc]   neostore.propertystore.db.index.keys.id: 2026-01-20 08:54:43.099+0000 - 40.00KiB
                                                                [neo4j/f7f14abc]   neostore.propertystore.db.strings: 2026-01-20 08:54:17.292+0000 - 3.203MiB
                                                                [neo4j/f7f14abc]   neostore.propertystore.db.strings.id: 2026-01-20 08:54:43.103+0000 - 40.00KiB
                                                                [neo4j/f7f14abc]   neostore.relationshipgroupstore.db: 2026-01-20 08:54:20.370+0000 - 8.000KiB
                                                                [neo4j/f7f14abc]   neostore.relationshipgroupstore.db.id: 2026-01-20 08:54:43.120+0000 - 40.00KiB
                                                                [neo4j/f7f14abc]   neostore.relationshipgroupstore.degrees.db: 2026-01-20 08:54:43.126+0000 - 40.00KiB
                                                                [neo4j/f7f14abc]   neostore.relationshipstore.db: 2026-01-20 08:54:20.381+0000 - 4.391MiB
                                                                [neo4j/f7f14abc]   neostore.relationshipstore.db.id: 2026-01-20 08:54:43.108+0000 - 40.00KiB
                                                                [neo4j/f7f14abc]   neostore.relationshiptypestore.db: 2026-01-20 08:54:17.572+0000 - 8.000KiB
                                                                [neo4j/f7f14abc]   neostore.relationshiptypestore.db.id: 2026-01-20 08:54:43.112+0000 - 40.00KiB
                                                                [neo4j/f7f14abc]   neostore.relationshiptypestore.db.names: 2026-01-20 08:54:17.575+0000 - 8.000KiB
                                                                [neo4j/f7f14abc]   neostore.relationshiptypestore.db.names.id: 2026-01-20 08:54:43.110+0000 - 40.00KiB
                                                                [neo4j/f7f14abc]   neostore.schemastore.db: 2026-01-20 08:54:20.367+0000 - 8.000KiB
                                                                [neo4j/f7f14abc]   neostore.schemastore.db.id: 2026-01-20 08:54:43.118+0000 - 40.00KiB
                                                                [neo4j/f7f14abc]   schema:
                                                                [neo4j/f7f14abc]     index:
                                                                [neo4j/f7f14abc]       token-lookup-1.0:
                                                                [neo4j/f7f14abc]         1:
                                                                [neo4j/f7f14abc]           index-1: 2026-01-20 08:54:20.210+0000 - 96.00KiB
                                                                [neo4j/f7f14abc]         - Total: 2026-01-20 08:54:20.128+0000 - 96.00KiB
                                                                [neo4j/f7f14abc]         2:
                                                                [neo4j/f7f14abc]           index-2: 2026-01-20 08:54:20.338+0000 - 536.0KiB
                                                                [neo4j/f7f14abc]         - Total: 2026-01-20 08:54:20.222+0000 - 536.0KiB
                                                                [neo4j/f7f14abc]       - Total: 2026-01-20 08:54:20.221+0000 - 632.0KiB
                                                                [neo4j/f7f14abc]     - Total: 2026-01-20 08:54:20.122+0000 - 632.0KiB
                                                                [neo4j/f7f14abc]   - Total: 2026-01-20 08:54:20.121+0000 - 632.0KiB
                                                                [neo4j/f7f14abc] Storage summary: 
                                                                [neo4j/f7f14abc]   Total size of store: 12.39MiB
                                                                [neo4j/f7f14abc]   Total size of mapped files: 11.77MiB
                                                                [neo4j/f7f14abc] 
                                                                [neo4j/f7f14abc] --------------------------------------------------------------------------------
                                                                [neo4j/f7f14abc]                               [ Transaction log ]                               
                                                                [neo4j/f7f14abc] --------------------------------------------------------------------------------
                                                                [neo4j/f7f14abc] Transaction log files stored on file store: fakeowner
                                                                [neo4j/f7f14abc] Transaction log metadata:
                                                                [neo4j/f7f14abc]  - current kernel version used in transactions: V5_22
                                                                [neo4j/f7f14abc]  - last committed transaction id: 2
                                                                [neo4j/f7f14abc] Transaction log files:
                                                                [neo4j/f7f14abc]  - existing transaction log versions: 0-0
                                                                [neo4j/f7f14abc]  - oldest append index 2 found in log with version 0
                                                                [neo4j/f7f14abc]  - files: (filename : creation date - size)
                                                                [neo4j/f7f14abc]      neostore.transaction.db.0: 2026-01-20 08:54:19.079+0000 - 256.0MiB
                                                                [neo4j/f7f14abc]  - total size of files: 256.0MiB
                                                                [neo4j/f7f14abc] Checkpoint log files:
                                                                [neo4j/f7f14abc]  - existing checkpoint log versions: 0-0
                                                                [neo4j/f7f14abc]  - last checkpoint: CheckpointInfo[oldestNotVisibleTransactionLogPosition=LogPosition{logVersion=0, byteOffset=184}, transactionLogPosition=LogPosition{logVersion=0, byteOffset=184}, storeId=StoreId{creationTime=1768899256234, random=2047471587196363487, storageEngineName='record', formatName='aligned', majorVersion=1, minorVersion=1}, checkpointEntryPosition=LogPosition{logVersion=0, byteOffset=128}, channelPositionAfterCheckpoint=LogPosition{logVersion=0, byteOffset=360}, checkpointFilePostReadPosition=LogPosition{logVersion=0, byteOffset=360}, kernelVersion=KernelVersion{V5_22,version=18}, kernelVersionByte=18, transactionId=TransactionId[id=2, appendIndex=2, kernelVersion=KernelVersion{V5_22,version=18}, checksum=-1084768667, commitTimestamp=0, consensusIndex=-1], appendIndex=2, reason=Batch importer checkpoint., consensusIndexInCheckpoint=true]
                                                                [neo4j/f7f14abc] 
                                                                [neo4j/f7f14abc] --------------------------------------------------------------------------------
                                                                [neo4j/f7f14abc]                                   [ Id usage ]                                  
                                                                [neo4j/f7f14abc] --------------------------------------------------------------------------------
                                                                [neo4j/f7f14abc] ArrayPropertyStore[neostore.nodestore.db.labels]: used=1 high=0
                                                                [neo4j/f7f14abc] NodeStore[neostore.nodestore.db]: used=44772 high=44771
                                                                [neo4j/f7f14abc] StringPropertyStore[neostore.propertystore.db.index.keys]: used=22 high=21
                                                                [neo4j/f7f14abc] PropertyIndexStore[neostore.propertystore.db.index]: used=12 high=11
                                                                [neo4j/f7f14abc] StringPropertyStore[neostore.propertystore.db.strings]: used=26294 high=26293
                                                                [neo4j/f7f14abc] ArrayPropertyStore[neostore.propertystore.db.arrays]: used=1 high=0
                                                                [neo4j/f7f14abc] PropertyStore[neostore.propertystore.db]: used=71849 high=71848
                                                                [neo4j/f7f14abc] RelationshipStore[neostore.relationshipstore.db]: used=134880 high=134879
                                                                [neo4j/f7f14abc] StringPropertyStore[neostore.relationshiptypestore.db.names]: used=10 high=9
                                                                [neo4j/f7f14abc] RelationshipTypeStore[neostore.relationshiptypestore.db]: used=9 high=8
                                                                [neo4j/f7f14abc] StringPropertyStore[neostore.labeltokenstore.db.names]: used=8 high=7
                                                                [neo4j/f7f14abc] LabelTokenStore[neostore.labeltokenstore.db]: used=7 high=6
                                                                [neo4j/f7f14abc] SchemaStore[neostore.schemastore.db]: used=3 high=2
                                                                [neo4j/f7f14abc] RelationshipGroupStore[neostore.relationshipgroupstore.db]: used=215 high=214
                                                                [neo4j/f7f14abc] NeoStore[neostore]: used=-1 high=-1
                                                                [neo4j/f7f14abc] 
                                                                [neo4j/f7f14abc] --------------------------------------------------------------------------------
                                                                [neo4j/f7f14abc]                                   [ Metadata ]                                  
                                                                [neo4j/f7f14abc] --------------------------------------------------------------------------------
                                                                [neo4j/f7f14abc] EXTERNAL_STORE_UUID (Database identifier exposed as external store identity. Generated on creation and never updated): 630603e7-7aba-4c67-80b2-75bd479fde53
                                                                [neo4j/f7f14abc] DATABASE_ID (The last used DatabaseId for this database): null
                                                                [neo4j/f7f14abc] LEGACY_STORE_VERSION (Legacy store format version. This field is used from 5.0 onwards only to distinguish non-migrated pre 5.0 metadata stores.): -3523014627327384477
                                                                [neo4j/f7f14abc] STORE_ID (Store ID): StoreId{creationTime=1768899256234, random=2047471587196363487, storageEngineName='record', formatName='aligned', majorVersion=1, minorVersion=1}
                                                                [neo4j/f7f14abc] 
2026-01-20 08:54:43.175+0000 INFO  [o.n.k.i.a.i.IndexingService] [neo4j/f7f14abc] IndexingService.init: indexes not specifically mentioned above are ONLINE. Total 2 indexes. Processed in 8ms
2026-01-20 08:54:43.177+0000 INFO  [o.n.k.a.DatabaseAvailabilityGuard] [neo4j/f7f14abc] Requirement `Database unavailable` makes database neo4j unavailable.
2026-01-20 08:54:43.177+0000 INFO  [o.n.k.a.DatabaseAvailabilityGuard] [neo4j/f7f14abc] DatabaseId{f7f14abc[neo4j]} is unavailable.
2026-01-20 08:54:43.247+0000 INFO  [o.n.k.d.Database] [neo4j/f7f14abc] Starting transaction log [/data/transactions/neo4j/neostore.transaction.db.0] at version=0
2026-01-20 08:54:43.250+0000 INFO  [o.n.k.d.Database] [neo4j/f7f14abc] Starting transaction log [/data/transactions/neo4j/checkpoint.0] at version=0
2026-01-20 08:54:43.254+0000 INFO  [o.n.k.i.t.l.f.c.CheckpointLogFile] [neo4j/f7f14abc] Scanning log file with version 0 for checkpoint entries
2026-01-20 08:54:43.265+0000 INFO  [o.n.k.i.a.i.IndexingService] [neo4j/f7f14abc] IndexingService.start: indexes not specifically mentioned above are ONLINE. Total 2 indexes. Processed in 0ms
2026-01-20 08:54:43.268+0000 INFO  [o.n.k.a.DatabaseAvailabilityGuard] [neo4j/f7f14abc] Fulfilling of requirement 'Database unavailable' makes database neo4j available.
2026-01-20 08:54:43.268+0000 INFO  [o.n.k.a.DatabaseAvailabilityGuard] [neo4j/f7f14abc] DatabaseId{f7f14abc[neo4j]} is ready.
2026-01-20 08:54:43.270+0000 INFO  [o.n.u.UserDataCollector] Anonymous Usage Data is being sent to Neo4j, see https://neo4j.com/docs/usage-data/
2026-01-20 08:54:43.326+0000 INFO  [o.n.b.p.c.c.n.SocketNettyConnector] Bolt enabled on 0.0.0.0:7687.
2026-01-20 08:54:43.328+0000 WARN  [i.n.b.ServerBootstrap] Unknown channel option 'SO_REUSEADDR' for channel '[id: 0xcd33b087]'
2026-01-20 08:54:43.335+0000 INFO  [o.n.b.BoltServer] Bolt server started
2026-01-20 08:54:43.335+0000 INFO  [o.n.s.A.ServerComponentsLifecycleAdapter] Starting web server
2026-01-20 08:54:44.007+0000 INFO  [o.n.s.CommunityNeoWebServer] HTTP enabled on 0.0.0.0:7474.
2026-01-20 08:54:44.008+0000 INFO  [o.n.s.CommunityNeoWebServer] Remote interface available at http://localhost:7474/
2026-01-20 08:54:44.008+0000 INFO  [o.n.s.A.ServerComponentsLifecycleAdapter] Web server started.
2026-01-20 08:54:44.012+0000 INFO  [o.n.g.f.DatabaseManagementServiceFactory] id: 04267C43772DEB876CA204FC7619FA7BCA5A495AFBA6DC493C98774E6DC3FB8C
2026-01-20 08:54:44.013+0000 INFO  [o.n.g.f.DatabaseManagementServiceFactory] name: system
2026-01-20 08:54:44.013+0000 INFO  [o.n.g.f.DatabaseManagementServiceFactory] creationDate: 2026-01-20T08:54:40.374Z
2026-01-20 09:09:33.226+0000 WARN  [o.n.k.i.c.VmPauseMonitorComponent] Detected VM stop-the-world pause: {pauseTime=329, gcTime=0, gcCount=0}
2026-01-20 09:09:33.562+0000 WARN  [o.n.k.i.c.VmPauseMonitorComponent] Detected VM stop-the-world pause: {pauseTime=433, gcTime=0, gcCount=0}
2026-01-20 09:09:51.201+0000 INFO  [o.n.k.i.t.l.c.CheckPointerImpl] [system/00000000] Checkpoint triggered by "Scheduled checkpoint for every 15 minutes threshold" @ txId: 41 checkpoint started...
2026-01-20 09:09:51.311+0000 INFO  [o.n.k.i.t.l.c.CheckPointerImpl] [system/00000000] Checkpoint triggered by "Scheduled checkpoint for every 15 minutes threshold" @ txId: 41 checkpoint completed in 106ms. Checkpoint flushed 73 pages (0% of total available pages), in 73 IOs. Checkpoint performed with IO limit: unlimited, paused in total 0 times( 0 millis).
2026-01-20 09:09:51.314+0000 INFO  [o.n.k.i.t.l.p.LogPruningImpl] [system/00000000] No log version pruned. The strategy used was '2 days 2147483648 size'. 
2026-01-20 09:12:23.587+0000 INFO  [o.n.k.i.t.l.c.CheckPointerImpl] [neo4j/f7f14abc] Checkpoint triggered by "Scheduled checkpoint for every 15 minutes threshold" @ txId: 6 checkpoint started...
2026-01-20 09:12:23.663+0000 INFO  [o.n.k.i.t.l.c.CheckPointerImpl] [neo4j/f7f14abc] Checkpoint triggered by "Scheduled checkpoint for every 15 minutes threshold" @ txId: 6 checkpoint completed in 72ms. Checkpoint flushed 68 pages (0% of total available pages), in 56 IOs. Checkpoint performed with IO limit: unlimited, paused in total 0 times( 0 millis).
2026-01-20 09:12:23.663+0000 INFO  [o.n.k.i.t.l.p.LogPruningImpl] [neo4j/f7f14abc] No log version pruned. The strategy used was '2 days 2147483648 size'. 
2026-01-20 09:21:18.271+0000 WARN  [o.n.k.i.c.VmPauseMonitorComponent] Detected VM stop-the-world pause: {pauseTime=253, gcTime=0, gcCount=0}
2026-01-20 09:43:41.652+0000 WARN  [o.n.k.i.c.VmPauseMonitorComponent] Detected VM stop-the-world pause: {pauseTime=624, gcTime=0, gcCount=0}
2026-01-20 09:43:41.920+0000 WARN  [o.n.k.i.c.VmPauseMonitorComponent] Detected VM stop-the-world pause: {pauseTime=931, gcTime=0, gcCount=0}
2026-01-20 09:43:48.346+0000 WARN  [o.n.k.i.c.VmPauseMonitorComponent] Detected VM stop-the-world pause: {pauseTime=247, gcTime=0, gcCount=0}
2026-01-20 10:48:02.758+0000 WARN  [o.n.k.i.c.VmPauseMonitorComponent] Detected VM stop-the-world pause: {pauseTime=239, gcTime=0, gcCount=0}
2026-01-20 10:48:03.219+0000 WARN  [o.n.k.i.c.VmPauseMonitorComponent] Detected VM stop-the-world pause: {pauseTime=333, gcTime=0, gcCount=0}
2026-01-20 11:20:25.896+0000 WARN  [o.n.k.i.c.VmPauseMonitorComponent] Detected VM stop-the-world pause: {pauseTime=742, gcTime=0, gcCount=0}
2026-01-20 11:20:33.483+0000 WARN  [o.n.k.i.c.VmPauseMonitorComponent] Detected VM stop-the-world pause: {pauseTime=6546, gcTime=0, gcCount=0}
2026-01-20 11:20:34.650+0000 WARN  [o.n.k.i.c.VmPauseMonitorComponent] Detected VM stop-the-world pause: {pauseTime=1806, gcTime=0, gcCount=0}
2026-01-20 11:20:35.284+0000 WARN  [o.n.k.i.c.VmPauseMonitorComponent] Detected VM stop-the-world pause: {pauseTime=330, gcTime=0, gcCount=0}
2026-01-20 11:20:47.251+0000 WARN  [o.n.k.i.c.VmPauseMonitorComponent] Detected VM stop-the-world pause: {pauseTime=473, gcTime=0, gcCount=0}
2026-01-20 11:20:47.522+0000 WARN  [o.n.k.i.c.VmPauseMonitorComponent] Detected VM stop-the-world pause: {pauseTime=1390, gcTime=0, gcCount=0}
2026-01-20 11:46:25.068+0000 WARN  [o.n.k.i.c.VmPauseMonitorComponent] Detected VM stop-the-world pause: {pauseTime=227, gcTime=0, gcCount=0}
2026-01-20 14:03:56.878+0000 WARN  [o.n.k.i.c.VmPauseMonitorComponent] Detected VM stop-the-world pause: {pauseTime=298, gcTime=0, gcCount=0}
2026-01-20 14:18:02.520+0000 WARN  [o.n.k.i.c.VmPauseMonitorComponent] Detected VM stop-the-world pause: {pauseTime=433, gcTime=0, gcCount=0}
2026-01-20 14:18:02.951+0000 WARN  [o.n.k.i.c.VmPauseMonitorComponent] Detected VM stop-the-world pause: {pauseTime=611, gcTime=0, gcCount=0}
2026-01-20 14:41:45.815+0000 WARN  [o.n.k.i.c.VmPauseMonitorComponent] Detected VM stop-the-world pause: {pauseTime=457, gcTime=0, gcCount=0}
2026-01-20 14:41:47.139+0000 WARN  [o.n.k.i.c.VmPauseMonitorComponent] Detected VM stop-the-world pause: {pauseTime=1145, gcTime=0, gcCount=0}
2026-01-20 14:56:04.036+0000 WARN  [o.n.k.i.c.VmPauseMonitorComponent] Detected VM stop-the-world pause: {pauseTime=267, gcTime=0, gcCount=0}
2026-01-20 14:56:04.467+0000 WARN  [o.n.k.i.c.VmPauseMonitorComponent] Detected VM stop-the-world pause: {pauseTime=208, gcTime=0, gcCount=0}
2026-01-20 15:27:00.397+0000 WARN  [o.n.k.i.c.VmPauseMonitorComponent] Detected VM stop-the-world pause: {pauseTime=212, gcTime=0, gcCount=0}
2026-01-20 15:40:32.629+0000 WARN  [o.n.k.i.c.VmPauseMonitorComponent] Detected VM stop-the-world pause: {pauseTime=335, gcTime=0, gcCount=0}
2026-01-20 15:40:32.967+0000 WARN  [o.n.k.i.c.VmPauseMonitorComponent] Detected VM stop-the-world pause: {pauseTime=529, gcTime=0, gcCount=0}
2026-01-20 15:40:37.606+0000 WARN  [o.n.k.i.c.VmPauseMonitorComponent] Detected VM stop-the-world pause: {pauseTime=343, gcTime=0, gcCount=0}
2026-01-20 15:40:39.176+0000 WARN  [o.n.k.i.c.VmPauseMonitorComponent] Detected VM stop-the-world pause: {pauseTime=356, gcTime=0, gcCount=0}
2026-01-20 15:40:39.858+0000 WARN  [o.n.k.i.c.VmPauseMonitorComponent] Detected VM stop-the-world pause: {pauseTime=482, gcTime=0, gcCount=0}
2026-01-20 15:40:41.323+0000 WARN  [o.n.k.i.c.VmPauseMonitorComponent] Detected VM stop-the-world pause: {pauseTime=1261, gcTime=0, gcCount=0}
2026-01-20 15:40:42.131+0000 WARN  [o.n.k.i.c.VmPauseMonitorComponent] Detected VM stop-the-world pause: {pauseTime=611, gcTime=0, gcCount=0}
2026-01-20 15:41:46.844+0000 WARN  [o.n.k.i.c.VmPauseMonitorComponent] Detected VM stop-the-world pause: {pauseTime=675, gcTime=691, gcCount=1}
2026-01-20 15:41:59.534+0000 WARN  [o.n.k.i.c.VmPauseMonitorComponent] Detected VM stop-the-world pause: {pauseTime=789, gcTime=0, gcCount=0}
2026-01-20 15:42:00.216+0000 WARN  [o.n.k.i.c.VmPauseMonitorComponent] Detected VM stop-the-world pause: {pauseTime=230, gcTime=0, gcCount=0}
2026-01-20 15:42:01.311+0000 WARN  [o.n.k.i.c.VmPauseMonitorComponent] Detected VM stop-the-world pause: {pauseTime=243, gcTime=0, gcCount=0}
2026-01-20 15:42:02.194+0000 WARN  [o.n.k.i.c.VmPauseMonitorComponent] Detected VM stop-the-world pause: {pauseTime=391, gcTime=0, gcCount=0}
2026-01-20 15:42:03.109+0000 WARN  [o.n.k.i.c.VmPauseMonitorComponent] Detected VM stop-the-world pause: {pauseTime=332, gcTime=0, gcCount=0}
2026-01-20 15:42:03.516+0000 WARN  [o.n.k.i.c.VmPauseMonitorComponent] Detected VM stop-the-world pause: {pauseTime=202, gcTime=0, gcCount=0}
2026-01-20 15:42:30.656+0000 WARN  [o.n.k.i.c.VmPauseMonitorComponent] Detected VM stop-the-world pause: {pauseTime=287, gcTime=278, gcCount=1}
2026-01-20 15:42:46.830+0000 WARN  [o.n.k.i.c.VmPauseMonitorComponent] Detected VM stop-the-world pause: {pauseTime=361, gcTime=411, gcCount=1}
2026-01-20 15:43:40.183+0000 WARN  [o.n.k.i.c.VmPauseMonitorComponent] Detected VM stop-the-world pause: {pauseTime=255, gcTime=0, gcCount=0}
2026-01-20 15:43:40.550+0000 WARN  [o.n.k.i.c.VmPauseMonitorComponent] Detected VM stop-the-world pause: {pauseTime=275, gcTime=0, gcCount=0}
2026-01-20 15:43:51.969+0000 WARN  [o.n.k.i.c.VmPauseMonitorComponent] Detected VM stop-the-world pause: {pauseTime=414, gcTime=586, gcCount=1}
2026-01-20 15:44:07.036+0000 WARN  [o.n.k.i.c.VmPauseMonitorComponent] Detected VM stop-the-world pause: {pauseTime=217, gcTime=0, gcCount=0}
2026-01-20 15:44:11.120+0000 WARN  [o.n.k.i.c.VmPauseMonitorComponent] Detected VM stop-the-world pause: {pauseTime=323, gcTime=0, gcCount=0}
2026-01-20 15:44:11.926+0000 WARN  [o.n.k.i.c.VmPauseMonitorComponent] Detected VM stop-the-world pause: {pauseTime=343, gcTime=0, gcCount=0}
2026-01-20 15:44:12.240+0000 WARN  [o.n.k.i.c.VmPauseMonitorComponent] Detected VM stop-the-world pause: {pauseTime=557, gcTime=0, gcCount=0}
2026-01-20 15:44:12.791+0000 WARN  [o.n.k.i.c.VmPauseMonitorComponent] Detected VM stop-the-world pause: {pauseTime=351, gcTime=0, gcCount=0}
2026-01-20 15:44:13.425+0000 WARN  [o.n.k.i.c.VmPauseMonitorComponent] Detected VM stop-the-world pause: {pauseTime=433, gcTime=0, gcCount=0}
2026-01-20 15:44:26.359+0000 WARN  [o.n.k.i.c.VmPauseMonitorComponent] Detected VM stop-the-world pause: {pauseTime=625, gcTime=659, gcCount=1}
2026-01-20 15:45:01.709+0000 WARN  [o.n.k.i.c.VmPauseMonitorComponent] Detected VM stop-the-world pause: {pauseTime=361, gcTime=474, gcCount=1}
2026-01-20 15:45:20.641+0000 WARN  [o.n.k.i.c.VmPauseMonitorComponent] Detected VM stop-the-world pause: {pauseTime=228, gcTime=338, gcCount=1}
2026-01-20 15:47:14.328+0000 WARN  [o.n.k.i.c.VmPauseMonitorComponent] Detected VM stop-the-world pause: {pauseTime=583, gcTime=620, gcCount=1}
2026-01-20 15:47:34.702+0000 WARN  [o.n.k.i.c.VmPauseMonitorComponent] Detected VM stop-the-world pause: {pauseTime=233, gcTime=250, gcCount=1}
2026-01-20 15:49:30.070+0000 WARN  [o.n.k.i.c.VmPauseMonitorComponent] Detected VM stop-the-world pause: {pauseTime=237, gcTime=307, gcCount=1}
2026-01-20 15:51:36.584+0000 WARN  [o.n.k.i.c.VmPauseMonitorComponent] Detected VM stop-the-world pause: {pauseTime=485, gcTime=475, gcCount=1}
2026-01-20 15:52:34.960+0000 WARN  [o.n.k.i.c.VmPauseMonitorComponent] Detected VM stop-the-world pause: {pauseTime=297, gcTime=0, gcCount=0}
2026-01-20 15:53:52.758+0000 WARN  [o.n.k.i.c.VmPauseMonitorComponent] Detected VM stop-the-world pause: {pauseTime=526, gcTime=555, gcCount=1}
2026-01-20 15:54:44.507+0000 WARN  [o.n.k.i.c.VmPauseMonitorComponent] Detected VM stop-the-world pause: {pauseTime=308, gcTime=402, gcCount=1}
2026-01-20 15:56:06.416+0000 WARN  [o.n.k.i.c.VmPauseMonitorComponent] Detected VM stop-the-world pause: {pauseTime=457, gcTime=0, gcCount=0}
2026-01-20 15:56:07.062+0000 WARN  [o.n.k.i.c.VmPauseMonitorComponent] Detected VM stop-the-world pause: {pauseTime=698, gcTime=0, gcCount=0}
2026-01-20 15:56:25.983+0000 WARN  [o.n.k.i.c.VmPauseMonitorComponent] Detected VM stop-the-world pause: {pauseTime=327, gcTime=0, gcCount=0}
2026-01-20 15:56:26.364+0000 WARN  [o.n.k.i.c.VmPauseMonitorComponent] Detected VM stop-the-world pause: {pauseTime=305, gcTime=0, gcCount=0}
2026-01-20 15:59:12.823+0000 WARN  [o.n.k.i.c.VmPauseMonitorComponent] Detected VM stop-the-world pause: {pauseTime=531, gcTime=534, gcCount=1}
2026-01-20 16:00:29.684+0000 WARN  [o.n.k.i.c.VmPauseMonitorComponent] Detected VM stop-the-world pause: {pauseTime=277, gcTime=285, gcCount=1}
2026-01-20 16:02:37.168+0000 WARN  [o.n.k.i.c.VmPauseMonitorComponent] Detected VM stop-the-world pause: {pauseTime=210, gcTime=0, gcCount=0}
2026-01-20 16:02:38.188+0000 WARN  [o.n.k.i.c.VmPauseMonitorComponent] Detected VM stop-the-world pause: {pauseTime=1340, gcTime=0, gcCount=0}
2026-01-20 16:02:55.130+0000 WARN  [o.n.k.i.c.VmPauseMonitorComponent] Detected VM stop-the-world pause: {pauseTime=11198, gcTime=0, gcCount=0}
2026-01-20 16:02:55.768+0000 WARN  [o.n.k.i.c.VmPauseMonitorComponent] Detected VM stop-the-world pause: {pauseTime=441, gcTime=0, gcCount=0}
2026-01-20 16:03:00.284+0000 WARN  [o.n.k.i.c.VmPauseMonitorComponent] Detected VM stop-the-world pause: {pauseTime=3400, gcTime=0, gcCount=0}
2026-01-20 16:03:00.846+0000 WARN  [o.n.k.i.c.VmPauseMonitorComponent] Detected VM stop-the-world pause: {pauseTime=360, gcTime=0, gcCount=0}
2026-01-20 16:03:01.315+0000 WARN  [o.n.k.i.c.VmPauseMonitorComponent] Detected VM stop-the-world pause: {pauseTime=270, gcTime=0, gcCount=0}
2026-01-20 16:03:01.798+0000 WARN  [o.n.k.i.c.VmPauseMonitorComponent] Detected VM stop-the-world pause: {pauseTime=282, gcTime=0, gcCount=0}
2026-01-20 16:03:06.610+0000 WARN  [o.n.k.i.c.VmPauseMonitorComponent] Detected VM stop-the-world pause: {pauseTime=1413, gcTime=0, gcCount=0}
2026-01-20 16:27:53.783+0000 WARN  [o.n.k.i.c.VmPauseMonitorComponent] Detected VM stop-the-world pause: {pauseTime=1877, gcTime=0, gcCount=0}
2026-01-20 19:51:30.860+0000 WARN  [o.n.k.i.c.VmPauseMonitorComponent] Detected VM stop-the-world pause: {pauseTime=368, gcTime=0, gcCount=0}
2026-01-20 19:51:31.516+0000 WARN  [o.n.k.i.c.VmPauseMonitorComponent] Detected VM stop-the-world pause: {pauseTime=1460, gcTime=0, gcCount=0}
2026-01-20 22:57:30.584+0000 WARN  [o.n.k.i.c.VmPauseMonitorComponent] Detected VM stop-the-world pause: {pauseTime=257, gcTime=0, gcCount=0}
2026-01-20 22:57:30.974+0000 WARN  [o.n.k.i.c.VmPauseMonitorComponent] Detected VM stop-the-world pause: {pauseTime=212, gcTime=0, gcCount=0}
2026-01-21 00:59:34.484+0000 WARN  [o.n.k.i.c.VmPauseMonitorComponent] Detected VM stop-the-world pause: {pauseTime=6973, gcTime=0, gcCount=0}
2026-01-21 01:09:08.037+0000 WARN  [o.n.k.i.c.VmPauseMonitorComponent] Detected VM stop-the-world pause: {pauseTime=2271, gcTime=0, gcCount=0}
2026-01-21 01:10:09.799+0000 WARN  [o.n.k.i.c.VmPauseMonitorComponent] Detected VM stop-the-world pause: {pauseTime=1184, gcTime=0, gcCount=0}
2026-01-21 01:40:06.072+0000 WARN  [o.n.k.i.c.VmPauseMonitorComponent] Detected VM stop-the-world pause: {pauseTime=266, gcTime=0, gcCount=0}
2026-01-21 01:40:43.780+0000 WARN  [o.n.k.i.c.VmPauseMonitorComponent] Detected VM stop-the-world pause: {pauseTime=254, gcTime=0, gcCount=0}
2026-01-21 02:00:40.546+0000 WARN  [o.n.k.i.c.VmPauseMonitorComponent] Detected VM stop-the-world pause: {pauseTime=211, gcTime=0, gcCount=0}
2026-01-21 02:00:54.007+0000 WARN  [o.n.k.i.c.VmPauseMonitorComponent] Detected VM stop-the-world pause: {pauseTime=202, gcTime=0, gcCount=0}
2026-01-21 02:17:27.901+0000 WARN  [o.n.k.i.c.VmPauseMonitorComponent] Detected VM stop-the-world pause: {pauseTime=212, gcTime=0, gcCount=0}
2026-01-21 02:22:21.555+0000 WARN  [o.n.k.i.c.VmPauseMonitorComponent] Detected VM stop-the-world pause: {pauseTime=433, gcTime=0, gcCount=0}
2026-01-21 02:22:21.781+0000 WARN  [o.n.k.i.c.VmPauseMonitorComponent] Detected VM stop-the-world pause: {pauseTime=263, gcTime=0, gcCount=0}
2026-01-21 02:27:49.120+0000 WARN  [o.n.k.i.c.VmPauseMonitorComponent] Detected VM stop-the-world pause: {pauseTime=247, gcTime=0, gcCount=0}
2026-01-21 02:27:49.383+0000 WARN  [o.n.k.i.c.VmPauseMonitorComponent] Detected VM stop-the-world pause: {pauseTime=265, gcTime=0, gcCount=0}
2026-01-21 02:59:01.142+0000 WARN  [o.n.k.i.c.VmPauseMonitorComponent] Detected VM stop-the-world pause: {pauseTime=350, gcTime=0, gcCount=0}
2026-01-21 02:59:03.575+0000 WARN  [o.n.k.i.c.VmPauseMonitorComponent] Detected VM stop-the-world pause: {pauseTime=209, gcTime=0, gcCount=0}
2026-01-21 02:59:04.116+0000 WARN  [o.n.k.i.c.VmPauseMonitorComponent] Detected VM stop-the-world pause: {pauseTime=384, gcTime=0, gcCount=0}
2026-01-21 02:59:05.737+0000 WARN  [o.n.k.i.c.VmPauseMonitorComponent] Detected VM stop-the-world pause: {pauseTime=711, gcTime=0, gcCount=0}
2026-01-21 02:59:09.626+0000 WARN  [o.n.k.i.c.VmPauseMonitorComponent] Detected VM stop-the-world pause: {pauseTime=1314, gcTime=0, gcCount=0}
2026-01-21 02:59:10.070+0000 WARN  [o.n.k.i.c.VmPauseMonitorComponent] Detected VM stop-the-world pause: {pauseTime=3326, gcTime=0, gcCount=0}
2026-01-21 03:02:45.995+0000 WARN  [o.n.k.i.c.VmPauseMonitorComponent] Detected VM stop-the-world pause: {pauseTime=288, gcTime=0, gcCount=0}
2026-01-21 03:02:46.213+0000 WARN  [o.n.k.i.c.VmPauseMonitorComponent] Detected VM stop-the-world pause: {pauseTime=272, gcTime=0, gcCount=0}
2026-01-21 03:09:45.001+0000 WARN  [o.n.k.i.c.VmPauseMonitorComponent] Detected VM stop-the-world pause: {pauseTime=247, gcTime=0, gcCount=0}
2026-01-21 03:09:51.262+0000 WARN  [o.n.k.i.c.VmPauseMonitorComponent] Detected VM stop-the-world pause: {pauseTime=344, gcTime=0, gcCount=0}
2026-01-21 03:39:08.663+0000 WARN  [o.n.k.i.c.VmPauseMonitorComponent] Detected VM stop-the-world pause: {pauseTime=316, gcTime=0, gcCount=0}
2026-01-21 03:39:09.696+0000 WARN  [o.n.k.i.c.VmPauseMonitorComponent] Detected VM stop-the-world pause: {pauseTime=1305, gcTime=0, gcCount=0}
2026-01-21 03:39:14.002+0000 WARN  [o.n.k.i.c.VmPauseMonitorComponent] Detected VM stop-the-world pause: {pauseTime=664, gcTime=0, gcCount=0}
2026-01-21 03:39:15.333+0000 WARN  [o.n.k.i.c.VmPauseMonitorComponent] Detected VM stop-the-world pause: {pauseTime=1132, gcTime=0, gcCount=0}
2026-01-21 03:39:25.249+0000 WARN  [o.n.k.i.c.VmPauseMonitorComponent] Detected VM stop-the-world pause: {pauseTime=1953, gcTime=0, gcCount=0}
2026-01-21 03:39:25.682+0000 WARN  [o.n.k.i.c.VmPauseMonitorComponent] Detected VM stop-the-world pause: {pauseTime=445, gcTime=0, gcCount=0}
2026-01-21 03:39:29.640+0000 WARN  [o.n.k.i.c.VmPauseMonitorComponent] Detected VM stop-the-world pause: {pauseTime=349, gcTime=0, gcCount=0}
2026-01-21 03:56:50.897+0000 WARN  [o.n.k.i.c.VmPauseMonitorComponent] Detected VM stop-the-world pause: {pauseTime=223, gcTime=0, gcCount=0}
2026-01-21 03:56:51.123+0000 WARN  [o.n.k.i.c.VmPauseMonitorComponent] Detected VM stop-the-world pause: {pauseTime=281, gcTime=0, gcCount=0}
2026-01-21 04:03:38.159+0000 WARN  [o.n.k.i.c.VmPauseMonitorComponent] Detected VM stop-the-world pause: {pauseTime=605, gcTime=0, gcCount=0}
2026-01-21 04:03:38.504+0000 WARN  [o.n.k.i.c.VmPauseMonitorComponent] Detected VM stop-the-world pause: {pauseTime=422, gcTime=0, gcCount=0}
2026-01-21 04:03:43.117+0000 WARN  [o.n.k.i.c.VmPauseMonitorComponent] Detected VM stop-the-world pause: {pauseTime=237, gcTime=0, gcCount=0}
2026-01-21 04:03:43.506+0000 WARN  [o.n.k.i.c.VmPauseMonitorComponent] Detected VM stop-the-world pause: {pauseTime=206, gcTime=0, gcCount=0}
2026-01-21 04:03:50.232+0000 WARN  [o.n.k.i.c.VmPauseMonitorComponent] Detected VM stop-the-world pause: {pauseTime=227, gcTime=0, gcCount=0}
2026-01-21 04:26:28.541+0000 WARN  [o.n.k.i.c.VmPauseMonitorComponent] Detected VM stop-the-world pause: {pauseTime=256, gcTime=0, gcCount=0}
2026-01-21 04:37:14.697+0000 WARN  [o.n.k.i.c.VmPauseMonitorComponent] Detected VM stop-the-world pause: {pauseTime=234, gcTime=0, gcCount=0}
2026-01-21 04:41:59.236+0000 WARN  [o.n.k.i.c.VmPauseMonitorComponent] Detected VM stop-the-world pause: {pauseTime=222, gcTime=0, gcCount=0}
2026-01-21 04:49:16.547+0000 WARN  [o.n.k.i.c.VmPauseMonitorComponent] Detected VM stop-the-world pause: {pauseTime=501, gcTime=0, gcCount=0}
2026-01-21 04:49:16.890+0000 WARN  [o.n.k.i.c.VmPauseMonitorComponent] Detected VM stop-the-world pause: {pauseTime=203, gcTime=0, gcCount=0}
2026-01-21 05:26:11.158+0000 WARN  [o.n.k.i.c.VmPauseMonitorComponent] Detected VM stop-the-world pause: {pauseTime=240, gcTime=0, gcCount=0}
2026-01-21 05:26:12.639+0000 WARN  [o.n.k.i.c.VmPauseMonitorComponent] Detected VM stop-the-world pause: {pauseTime=494, gcTime=0, gcCount=0}
2026-01-21 05:27:06.300+0000 WARN  [o.n.k.i.c.VmPauseMonitorComponent] Detected VM stop-the-world pause: {pauseTime=502, gcTime=0, gcCount=0}
2026-01-21 05:27:06.586+0000 WARN  [o.n.k.i.c.VmPauseMonitorComponent] Detected VM stop-the-world pause: {pauseTime=372, gcTime=0, gcCount=0}
2026-01-21 05:27:12.701+0000 WARN  [o.n.k.i.c.VmPauseMonitorComponent] Detected VM stop-the-world pause: {pauseTime=305, gcTime=0, gcCount=0}
2026-01-21 05:27:28.278+0000 WARN  [o.n.k.i.c.VmPauseMonitorComponent] Detected VM stop-the-world pause: {pauseTime=219, gcTime=0, gcCount=0}
2026-01-21 05:27:29.582+0000 WARN  [o.n.k.i.c.VmPauseMonitorComponent] Detected VM stop-the-world pause: {pauseTime=1104, gcTime=0, gcCount=0}
2026-01-21 05:27:30.903+0000 WARN  [o.n.k.i.c.VmPauseMonitorComponent] Detected VM stop-the-world pause: {pauseTime=843, gcTime=0, gcCount=0}
2026-01-21 05:27:34.180+0000 WARN  [o.n.k.i.c.VmPauseMonitorComponent] Detected VM stop-the-world pause: {pauseTime=3076, gcTime=0, gcCount=0}
2026-01-21 05:27:35.870+0000 WARN  [o.n.k.i.c.VmPauseMonitorComponent] Detected VM stop-the-world pause: {pauseTime=232, gcTime=0, gcCount=0}
2026-01-21 05:27:36.444+0000 WARN  [o.n.k.i.c.VmPauseMonitorComponent] Detected VM stop-the-world pause: {pauseTime=371, gcTime=0, gcCount=0}
2026-01-21 05:27:36.924+0000 WARN  [o.n.k.i.c.VmPauseMonitorComponent] Detected VM stop-the-world pause: {pauseTime=281, gcTime=0, gcCount=0}
2026-01-21 05:28:00.977+0000 WARN  [o.n.k.i.c.VmPauseMonitorComponent] Detected VM stop-the-world pause: {pauseTime=1333, gcTime=0, gcCount=0}
2026-01-21 05:28:02.224+0000 WARN  [o.n.k.i.c.VmPauseMonitorComponent] Detected VM stop-the-world pause: {pauseTime=1097, gcTime=0, gcCount=0}
2026-01-21 05:28:13.121+0000 WARN  [o.n.k.i.c.VmPauseMonitorComponent] Detected VM stop-the-world pause: {pauseTime=337, gcTime=0, gcCount=0}
2026-01-21 05:28:14.241+0000 WARN  [o.n.k.i.c.VmPauseMonitorComponent] Detected VM stop-the-world pause: {pauseTime=529, gcTime=0, gcCount=0}
2026-01-21 05:28:29.178+0000 WARN  [o.n.k.i.c.VmPauseMonitorComponent] Detected VM stop-the-world pause: {pauseTime=355, gcTime=0, gcCount=0}
2026-01-21 05:28:29.670+0000 WARN  [o.n.k.i.c.VmPauseMonitorComponent] Detected VM stop-the-world pause: {pauseTime=293, gcTime=0, gcCount=0}
2026-01-21 05:28:30.717+0000 WARN  [o.n.k.i.c.VmPauseMonitorComponent] Detected VM stop-the-world pause: {pauseTime=846, gcTime=0, gcCount=0}
2026-01-21 05:28:37.667+0000 WARN  [o.n.k.i.c.VmPauseMonitorComponent] Detected VM stop-the-world pause: {pauseTime=290, gcTime=0, gcCount=0}
2026-01-21 05:28:47.628+0000 WARN  [o.n.k.i.c.VmPauseMonitorComponent] Detected VM stop-the-world pause: {pauseTime=213, gcTime=0, gcCount=0}
2026-01-21 05:28:48.198+0000 WARN  [o.n.k.i.c.VmPauseMonitorComponent] Detected VM stop-the-world pause: {pauseTime=329, gcTime=0, gcCount=0}
2026-01-21 05:28:49.790+0000 WARN  [o.n.k.i.c.VmPauseMonitorComponent] Detected VM stop-the-world pause: {pauseTime=370, gcTime=0, gcCount=0}
2026-01-21 05:29:06.215+0000 WARN  [o.n.k.i.c.VmPauseMonitorComponent] Detected VM stop-the-world pause: {pauseTime=261, gcTime=0, gcCount=0}
2026-01-21 05:29:06.295+0000 WARN  [o.n.k.i.c.VmPauseMonitorComponent] Detected VM stop-the-world pause: {pauseTime=534, gcTime=0, gcCount=0}
2026-01-21 05:29:07.050+0000 WARN  [o.n.k.i.c.VmPauseMonitorComponent] Detected VM stop-the-world pause: {pauseTime=315, gcTime=0, gcCount=0}
2026-01-21 05:29:07.643+0000 WARN  [o.n.k.i.c.VmPauseMonitorComponent] Detected VM stop-the-world pause: {pauseTime=393, gcTime=0, gcCount=0}
2026-01-21 05:29:24.360+0000 WARN  [o.n.k.i.c.VmPauseMonitorComponent] Detected VM stop-the-world pause: {pauseTime=312, gcTime=0, gcCount=0}
2026-01-21 05:29:47.512+0000 WARN  [o.n.k.i.c.VmPauseMonitorComponent] Detected VM stop-the-world pause: {pauseTime=339, gcTime=0, gcCount=0}
2026-01-21 05:29:47.850+0000 WARN  [o.n.k.i.c.VmPauseMonitorComponent] Detected VM stop-the-world pause: {pauseTime=958, gcTime=0, gcCount=0}
2026-01-21 05:32:13.178+0000 WARN  [o.n.k.i.c.VmPauseMonitorComponent] Detected VM stop-the-world pause: {pauseTime=222, gcTime=0, gcCount=0}
2026-01-21 05:32:14.326+0000 WARN  [o.n.k.i.c.VmPauseMonitorComponent] Detected VM stop-the-world pause: {pauseTime=452, gcTime=0, gcCount=0}
2026-01-21 05:32:15.326+0000 WARN  [o.n.k.i.c.VmPauseMonitorComponent] Detected VM stop-the-world pause: {pauseTime=599, gcTime=0, gcCount=0}
2026-01-21 05:32:16.427+0000 WARN  [o.n.k.i.c.VmPauseMonitorComponent] Detected VM stop-the-world pause: {pauseTime=785, gcTime=0, gcCount=0}
2026-01-21 05:32:17.220+0000 WARN  [o.n.k.i.c.VmPauseMonitorComponent] Detected VM stop-the-world pause: {pauseTime=914, gcTime=0, gcCount=0}
2026-01-21 05:32:22.823+0000 WARN  [o.n.k.i.c.VmPauseMonitorComponent] Detected VM stop-the-world pause: {pauseTime=256, gcTime=0, gcCount=0}
2026-01-21 05:32:24.197+0000 WARN  [o.n.k.i.c.VmPauseMonitorComponent] Detected VM stop-the-world pause: {pauseTime=2063, gcTime=0, gcCount=0}
2026-01-21 05:32:24.929+0000 WARN  [o.n.k.i.c.VmPauseMonitorComponent] Detected VM stop-the-world pause: {pauseTime=570, gcTime=0, gcCount=0}
2026-01-21 05:39:06.854+0000 WARN  [o.n.k.i.c.VmPauseMonitorComponent] Detected VM stop-the-world pause: {pauseTime=246, gcTime=0, gcCount=0}
2026-01-21 05:39:21.286+0000 WARN  [o.n.k.i.c.VmPauseMonitorComponent] Detected VM stop-the-world pause: {pauseTime=226, gcTime=0, gcCount=0}
2026-01-21 05:39:21.828+0000 WARN  [o.n.k.i.c.VmPauseMonitorComponent] Detected VM stop-the-world pause: {pauseTime=501, gcTime=0, gcCount=0}
2026-01-21 05:40:40.670+0000 WARN  [o.n.k.i.c.VmPauseMonitorComponent] Detected VM stop-the-world pause: {pauseTime=319, gcTime=0, gcCount=0}
2026-01-21 05:40:59.168+0000 WARN  [o.n.k.i.c.VmPauseMonitorComponent] Detected VM stop-the-world pause: {pauseTime=201, gcTime=0, gcCount=0}
2026-01-21 05:41:22.356+0000 WARN  [o.n.k.i.c.VmPauseMonitorComponent] Detected VM stop-the-world pause: {pauseTime=219, gcTime=0, gcCount=0}
2026-01-21 05:45:25.881+0000 WARN  [o.n.k.i.c.VmPauseMonitorComponent] Detected VM stop-the-world pause: {pauseTime=599, gcTime=0, gcCount=0}
2026-01-21 05:46:20.391+0000 WARN  [o.n.k.i.c.VmPauseMonitorComponent] Detected VM stop-the-world pause: {pauseTime=405, gcTime=0, gcCount=0}
2026-01-21 05:46:21.357+0000 WARN  [o.n.k.i.c.VmPauseMonitorComponent] Detected VM stop-the-world pause: {pauseTime=450, gcTime=0, gcCount=0}
2026-01-21 05:46:32.907+0000 WARN  [o.n.k.i.c.VmPauseMonitorComponent] Detected VM stop-the-world pause: {pauseTime=2022, gcTime=0, gcCount=0}
2026-01-21 05:46:35.075+0000 WARN  [o.n.k.i.c.VmPauseMonitorComponent] Detected VM stop-the-world pause: {pauseTime=1968, gcTime=0, gcCount=0}
2026-01-21 05:46:41.942+0000 WARN  [o.n.k.i.c.VmPauseMonitorComponent] Detected VM stop-the-world pause: {pauseTime=290, gcTime=0, gcCount=0}
2026-01-21 05:46:42.841+0000 WARN  [o.n.k.i.c.VmPauseMonitorComponent] Detected VM stop-the-world pause: {pauseTime=699, gcTime=0, gcCount=0}
2026-01-21 05:46:55.730+0000 WARN  [o.n.k.i.c.VmPauseMonitorComponent] Detected VM stop-the-world pause: {pauseTime=327, gcTime=0, gcCount=0}
2026-01-21 05:47:08.150+0000 WARN  [o.n.k.i.c.VmPauseMonitorComponent] Detected VM stop-the-world pause: {pauseTime=1424, gcTime=0, gcCount=0}
2026-01-21 05:47:09.389+0000 WARN  [o.n.k.i.c.VmPauseMonitorComponent] Detected VM stop-the-world pause: {pauseTime=2072, gcTime=0, gcCount=0}
2026-01-21 05:47:11.192+0000 WARN  [o.n.k.i.c.VmPauseMonitorComponent] Detected VM stop-the-world pause: {pauseTime=333, gcTime=0, gcCount=0}
2026-01-21 05:47:12.632+0000 WARN  [o.n.k.i.c.VmPauseMonitorComponent] Detected VM stop-the-world pause: {pauseTime=3264, gcTime=0, gcCount=0}
2026-01-21 05:47:28.582+0000 WARN  [o.n.k.i.c.VmPauseMonitorComponent] Detected VM stop-the-world pause: {pauseTime=309, gcTime=0, gcCount=0}
2026-01-21 05:47:29.056+0000 WARN  [o.n.k.i.c.VmPauseMonitorComponent] Detected VM stop-the-world pause: {pauseTime=290, gcTime=0, gcCount=0}
2026-01-21 05:47:47.308+0000 WARN  [o.n.k.i.c.VmPauseMonitorComponent] Detected VM stop-the-world pause: {pauseTime=904, gcTime=918, gcCount=1}
2026-01-21 05:48:00.918+0000 WARN  [o.n.k.i.c.VmPauseMonitorComponent] Detected VM stop-the-world pause: {pauseTime=212, gcTime=0, gcCount=0}
2026-01-21 05:48:11.747+0000 WARN  [o.n.k.i.c.VmPauseMonitorComponent] Detected VM stop-the-world pause: {pauseTime=301, gcTime=0, gcCount=0}
2026-01-21 05:49:33.238+0000 WARN  [o.n.k.i.c.VmPauseMonitorComponent] Detected VM stop-the-world pause: {pauseTime=209, gcTime=0, gcCount=0}
2026-01-21 05:49:53.033+0000 WARN  [o.n.k.i.c.VmPauseMonitorComponent] Detected VM stop-the-world pause: {pauseTime=359, gcTime=0, gcCount=0}
2026-01-21 05:49:56.645+0000 WARN  [o.n.k.i.c.VmPauseMonitorComponent] Detected VM stop-the-world pause: {pauseTime=355, gcTime=0, gcCount=0}
2026-01-21 05:49:57.055+0000 WARN  [o.n.k.i.c.VmPauseMonitorComponent] Detected VM stop-the-world pause: {pauseTime=336, gcTime=0, gcCount=0}
2026-01-21 05:50:18.741+0000 WARN  [o.n.k.i.c.VmPauseMonitorComponent] Detected VM stop-the-world pause: {pauseTime=468, gcTime=0, gcCount=0}
2026-01-21 05:50:19.634+0000 WARN  [o.n.k.i.c.VmPauseMonitorComponent] Detected VM stop-the-world pause: {pauseTime=450, gcTime=0, gcCount=0}
2026-01-21 05:50:36.291+0000 WARN  [o.n.k.i.c.VmPauseMonitorComponent] Detected VM stop-the-world pause: {pauseTime=802, gcTime=943, gcCount=1}
2026-01-21 05:50:44.881+0000 WARN  [o.n.k.i.c.VmPauseMonitorComponent] Detected VM stop-the-world pause: {pauseTime=207, gcTime=0, gcCount=0}
2026-01-21 05:50:59.835+0000 WARN  [o.n.k.i.c.VmPauseMonitorComponent] Detected VM stop-the-world pause: {pauseTime=212, gcTime=219, gcCount=1}
2026-01-21 05:51:24.984+0000 WARN  [o.n.k.i.c.VmPauseMonitorComponent] Detected VM stop-the-world pause: {pauseTime=214, gcTime=0, gcCount=0}
2026-01-21 05:51:30.882+0000 WARN  [o.n.k.i.c.VmPauseMonitorComponent] Detected VM stop-the-world pause: {pauseTime=240, gcTime=258, gcCount=1}
2026-01-21 05:52:13.490+0000 WARN  [o.n.k.i.c.VmPauseMonitorComponent] Detected VM stop-the-world pause: {pauseTime=207, gcTime=0, gcCount=0}
2026-01-21 05:52:13.966+0000 WARN  [o.n.k.i.c.VmPauseMonitorComponent] Detected VM stop-the-world pause: {pauseTime=579, gcTime=0, gcCount=0}
2026-01-21 05:53:26.668+0000 WARN  [o.n.k.i.c.VmPauseMonitorComponent] Detected VM stop-the-world pause: {pauseTime=925, gcTime=0, gcCount=0}
2026-01-21 05:53:27.653+0000 WARN  [o.n.k.i.c.VmPauseMonitorComponent] Detected VM stop-the-world pause: {pauseTime=1007, gcTime=0, gcCount=0}
2026-01-21 05:53:28.254+0000 WARN  [o.n.k.i.c.VmPauseMonitorComponent] Detected VM stop-the-world pause: {pauseTime=401, gcTime=0, gcCount=0}
2026-01-21 05:53:47.901+0000 WARN  [o.n.k.i.c.VmPauseMonitorComponent] Detected VM stop-the-world pause: {pauseTime=650, gcTime=0, gcCount=0}
2026-01-21 05:53:48.333+0000 WARN  [o.n.k.i.c.VmPauseMonitorComponent] Detected VM stop-the-world pause: {pauseTime=323, gcTime=0, gcCount=0}
2026-01-21 05:53:54.440+0000 WARN  [o.n.k.i.c.VmPauseMonitorComponent] Detected VM stop-the-world pause: {pauseTime=338, gcTime=0, gcCount=0}
2026-01-21 05:53:54.850+0000 WARN  [o.n.k.i.c.VmPauseMonitorComponent] Detected VM stop-the-world pause: {pauseTime=253, gcTime=0, gcCount=0}
2026-01-21 05:54:25.446+0000 WARN  [o.n.k.i.c.VmPauseMonitorComponent] Detected VM stop-the-world pause: {pauseTime=223, gcTime=0, gcCount=0}
2026-01-21 05:54:25.702+0000 WARN  [o.n.k.i.c.VmPauseMonitorComponent] Detected VM stop-the-world pause: {pauseTime=242, gcTime=0, gcCount=0}
2026-01-21 05:54:32.724+0000 WARN  [o.n.k.i.c.VmPauseMonitorComponent] Detected VM stop-the-world pause: {pauseTime=220, gcTime=332, gcCount=1}
2026-01-21 05:54:34.445+0000 WARN  [o.n.k.i.c.VmPauseMonitorComponent] Detected VM stop-the-world pause: {pauseTime=1468, gcTime=0, gcCount=0}
2026-01-21 05:54:57.467+0000 WARN  [o.n.k.i.c.VmPauseMonitorComponent] Detected VM stop-the-world pause: {pauseTime=346, gcTime=0, gcCount=0}
2026-01-21 05:54:57.805+0000 WARN  [o.n.k.i.c.VmPauseMonitorComponent] Detected VM stop-the-world pause: {pauseTime=275, gcTime=0, gcCount=0}
2026-01-21 05:54:58.661+0000 WARN  [o.n.k.i.c.VmPauseMonitorComponent] Detected VM stop-the-world pause: {pauseTime=237, gcTime=0, gcCount=0}
2026-01-21 05:55:01.373+0000 WARN  [o.n.k.i.c.VmPauseMonitorComponent] Detected VM stop-the-world pause: {pauseTime=529, gcTime=0, gcCount=0}
2026-01-21 05:55:02.037+0000 WARN  [o.n.k.i.c.VmPauseMonitorComponent] Detected VM stop-the-world pause: {pauseTime=852, gcTime=0, gcCount=0}
2026-01-21 05:55:18.982+0000 WARN  [o.n.k.i.c.VmPauseMonitorComponent] Detected VM stop-the-world pause: {pauseTime=1150, gcTime=1186, gcCount=1}
2026-01-21 05:55:22.022+0000 WARN  [o.n.k.i.c.VmPauseMonitorComponent] Detected VM stop-the-world pause: {pauseTime=343, gcTime=0, gcCount=0}
2026-01-21 05:55:22.429+0000 WARN  [o.n.k.i.c.VmPauseMonitorComponent] Detected VM stop-the-world pause: {pauseTime=210, gcTime=0, gcCount=0}
2026-01-21 05:55:24.060+0000 WARN  [o.n.k.i.c.VmPauseMonitorComponent] Detected VM stop-the-world pause: {pauseTime=252, gcTime=0, gcCount=0}
2026-01-21 05:55:24.514+0000 WARN  [o.n.k.i.c.VmPauseMonitorComponent] Detected VM stop-the-world pause: {pauseTime=255, gcTime=0, gcCount=0}
2026-01-21 05:55:26.993+0000 WARN  [o.n.k.i.c.VmPauseMonitorComponent] Detected VM stop-the-world pause: {pauseTime=228, gcTime=0, gcCount=0}
2026-01-21 05:55:27.235+0000 WARN  [o.n.k.i.c.VmPauseMonitorComponent] Detected VM stop-the-world pause: {pauseTime=217, gcTime=0, gcCount=0}
2026-01-21 05:55:33.089+0000 WARN  [o.n.k.i.c.VmPauseMonitorComponent] Detected VM stop-the-world pause: {pauseTime=317, gcTime=0, gcCount=0}
2026-01-21 05:55:33.445+0000 WARN  [o.n.k.i.c.VmPauseMonitorComponent] Detected VM stop-the-world pause: {pauseTime=350, gcTime=0, gcCount=0}
2026-01-21 05:55:38.663+0000 WARN  [o.n.k.i.c.VmPauseMonitorComponent] Detected VM stop-the-world pause: {pauseTime=417, gcTime=0, gcCount=0}
2026-01-21 05:55:38.941+0000 WARN  [o.n.k.i.c.VmPauseMonitorComponent] Detected VM stop-the-world pause: {pauseTime=1597, gcTime=0, gcCount=0}
2026-01-21 05:55:50.979+0000 WARN  [o.n.k.i.c.VmPauseMonitorComponent] Detected VM stop-the-world pause: {pauseTime=316, gcTime=0, gcCount=0}
2026-01-21 05:55:52.075+0000 WARN  [o.n.k.i.c.VmPauseMonitorComponent] Detected VM stop-the-world pause: {pauseTime=934, gcTime=726, gcCount=1}
2026-01-21 05:55:59.604+0000 WARN  [o.n.k.i.c.VmPauseMonitorComponent] Detected VM stop-the-world pause: {pauseTime=220, gcTime=0, gcCount=0}
2026-01-21 05:56:00.060+0000 WARN  [o.n.k.i.c.VmPauseMonitorComponent] Detected VM stop-the-world pause: {pauseTime=254, gcTime=0, gcCount=0}
2026-01-21 05:56:26.199+0000 WARN  [o.n.k.i.c.VmPauseMonitorComponent] Detected VM stop-the-world pause: {pauseTime=281, gcTime=0, gcCount=0}
2026-01-21 05:56:26.515+0000 WARN  [o.n.k.i.c.VmPauseMonitorComponent] Detected VM stop-the-world pause: {pauseTime=360, gcTime=0, gcCount=0}
2026-01-21 05:56:32.523+0000 WARN  [o.n.k.i.c.VmPauseMonitorComponent] Detected VM stop-the-world pause: {pauseTime=564, gcTime=0, gcCount=0}
2026-01-21 05:56:33.389+0000 WARN  [o.n.k.i.c.VmPauseMonitorComponent] Detected VM stop-the-world pause: {pauseTime=1888, gcTime=0, gcCount=0}
2026-01-21 05:56:40.554+0000 WARN  [o.n.k.i.c.VmPauseMonitorComponent] Detected VM stop-the-world pause: {pauseTime=203, gcTime=0, gcCount=0}
2026-01-21 05:56:41.165+0000 WARN  [o.n.k.i.c.VmPauseMonitorComponent] Detected VM stop-the-world pause: {pauseTime=461, gcTime=0, gcCount=0}
2026-01-21 05:56:54.730+0000 WARN  [o.n.k.i.c.VmPauseMonitorComponent] Detected VM stop-the-world pause: {pauseTime=240, gcTime=0, gcCount=0}
2026-01-21 05:56:55.081+0000 WARN  [o.n.k.i.c.VmPauseMonitorComponent] Detected VM stop-the-world pause: {pauseTime=335, gcTime=0, gcCount=0}
2026-01-21 05:57:07.050+0000 WARN  [o.n.k.i.c.VmPauseMonitorComponent] Detected VM stop-the-world pause: {pauseTime=637, gcTime=641, gcCount=1}
2026-01-21 05:57:44.085+0000 WARN  [o.n.k.i.c.VmPauseMonitorComponent] Detected VM stop-the-world pause: {pauseTime=250, gcTime=0, gcCount=0}
2026-01-21 05:57:44.557+0000 WARN  [o.n.k.i.c.VmPauseMonitorComponent] Detected VM stop-the-world pause: {pauseTime=774, gcTime=0, gcCount=0}
2026-01-21 05:58:05.941+0000 WARN  [o.n.k.i.c.VmPauseMonitorComponent] Detected VM stop-the-world pause: {pauseTime=348, gcTime=473, gcCount=1}
2026-01-21 05:58:26.497+0000 WARN  [o.n.k.i.c.VmPauseMonitorComponent] Detected VM stop-the-world pause: {pauseTime=415, gcTime=0, gcCount=0}
2026-01-21 05:59:24.898+0000 WARN  [o.n.k.i.c.VmPauseMonitorComponent] Detected VM stop-the-world pause: {pauseTime=240, gcTime=0, gcCount=0}
2026-01-21 05:59:38.659+0000 WARN  [o.n.k.i.c.VmPauseMonitorComponent] Detected VM stop-the-world pause: {pauseTime=216, gcTime=0, gcCount=0}
2026-01-21 05:59:39.052+0000 WARN  [o.n.k.i.c.VmPauseMonitorComponent] Detected VM stop-the-world pause: {pauseTime=262, gcTime=0, gcCount=0}
2026-01-21 05:59:52.877+0000 WARN  [o.n.k.i.c.VmPauseMonitorComponent] Detected VM stop-the-world pause: {pauseTime=362, gcTime=0, gcCount=0}
2026-01-21 05:59:55.029+0000 WARN  [o.n.k.i.c.VmPauseMonitorComponent] Detected VM stop-the-world pause: {pauseTime=246, gcTime=0, gcCount=0}
2026-01-21 06:00:10.046+0000 WARN  [o.n.k.i.c.VmPauseMonitorComponent] Detected VM stop-the-world pause: {pauseTime=553, gcTime=0, gcCount=0}
2026-01-21 06:00:11.941+0000 WARN  [o.n.k.i.c.VmPauseMonitorComponent] Detected VM stop-the-world pause: {pauseTime=1948, gcTime=0, gcCount=0}
2026-01-21 06:00:12.788+0000 WARN  [o.n.k.i.c.VmPauseMonitorComponent] Detected VM stop-the-world pause: {pauseTime=371, gcTime=0, gcCount=0}
2026-01-21 06:01:06.253+0000 WARN  [o.n.k.i.c.VmPauseMonitorComponent] Detected VM stop-the-world pause: {pauseTime=392, gcTime=0, gcCount=0}
2026-01-21 06:01:06.946+0000 WARN  [o.n.k.i.c.VmPauseMonitorComponent] Detected VM stop-the-world pause: {pauseTime=1747, gcTime=0, gcCount=0}
2026-01-21 06:01:08.707+0000 WARN  [o.n.k.i.c.VmPauseMonitorComponent] Detected VM stop-the-world pause: {pauseTime=1523, gcTime=0, gcCount=0}
2026-01-21 06:01:12.999+0000 WARN  [o.n.k.i.c.VmPauseMonitorComponent] Detected VM stop-the-world pause: {pauseTime=302, gcTime=0, gcCount=0}
2026-01-21 06:01:30.649+0000 WARN  [o.n.k.i.c.VmPauseMonitorComponent] Detected VM stop-the-world pause: {pauseTime=338, gcTime=0, gcCount=0}
2026-01-21 06:01:42.508+0000 WARN  [o.n.k.i.c.VmPauseMonitorComponent] Detected VM stop-the-world pause: {pauseTime=856, gcTime=0, gcCount=0}
2026-01-21 06:01:45.420+0000 WARN  [o.n.k.i.c.VmPauseMonitorComponent] Detected VM stop-the-world pause: {pauseTime=2437, gcTime=0, gcCount=0}
2026-01-21 06:01:46.058+0000 WARN  [o.n.k.i.c.VmPauseMonitorComponent] Detected VM stop-the-world pause: {pauseTime=1009, gcTime=0, gcCount=0}
2026-01-21 06:01:48.169+0000 WARN  [o.n.k.i.c.VmPauseMonitorComponent] Detected VM stop-the-world pause: {pauseTime=1707, gcTime=0, gcCount=0}
2026-01-21 06:01:47.540+0000 WARN  [o.n.k.i.c.VmPauseMonitorComponent] Detected VM stop-the-world pause: {pauseTime=1065, gcTime=0, gcCount=0}
2026-01-21 06:01:47.961+0000 WARN  [o.n.k.i.c.VmPauseMonitorComponent] Detected VM stop-the-world pause: {pauseTime=287, gcTime=0, gcCount=0}
2026-01-21 06:01:49.973+0000 WARN  [o.n.k.i.c.VmPauseMonitorComponent] Detected VM stop-the-world pause: {pauseTime=278, gcTime=0, gcCount=0}
2026-01-21 06:01:55.987+0000 WARN  [o.n.k.i.c.VmPauseMonitorComponent] Detected VM stop-the-world pause: {pauseTime=458, gcTime=0, gcCount=0}
2026-01-21 06:02:02.588+0000 WARN  [o.n.k.i.c.VmPauseMonitorComponent] Detected VM stop-the-world pause: {pauseTime=212, gcTime=0, gcCount=0}
2026-01-21 06:02:20.457+0000 WARN  [o.n.k.i.c.VmPauseMonitorComponent] Detected VM stop-the-world pause: {pauseTime=370, gcTime=0, gcCount=0}
2026-01-21 06:02:42.717+0000 WARN  [o.n.k.i.c.VmPauseMonitorComponent] Detected VM stop-the-world pause: {pauseTime=225, gcTime=0, gcCount=0}
2026-01-21 06:02:42.949+0000 WARN  [o.n.k.i.c.VmPauseMonitorComponent] Detected VM stop-the-world pause: {pauseTime=230, gcTime=0, gcCount=0}
2026-01-21 06:02:49.248+0000 WARN  [o.n.k.i.c.VmPauseMonitorComponent] Detected VM stop-the-world pause: {pauseTime=308, gcTime=0, gcCount=0}
2026-01-21 06:02:49.554+0000 WARN  [o.n.k.i.c.VmPauseMonitorComponent] Detected VM stop-the-world pause: {pauseTime=345, gcTime=0, gcCount=0}
2026-01-21 06:03:03.779+0000 WARN  [o.n.k.i.c.VmPauseMonitorComponent] Detected VM stop-the-world pause: {pauseTime=305, gcTime=0, gcCount=0}
2026-01-21 06:03:04.216+0000 WARN  [o.n.k.i.c.VmPauseMonitorComponent] Detected VM stop-the-world pause: {pauseTime=431, gcTime=0, gcCount=0}
2026-01-21 06:03:12.557+0000 WARN  [o.n.k.i.c.VmPauseMonitorComponent] Detected VM stop-the-world pause: {pauseTime=446, gcTime=0, gcCount=0}
2026-01-21 06:03:13.064+0000 WARN  [o.n.k.i.c.VmPauseMonitorComponent] Detected VM stop-the-world pause: {pauseTime=308, gcTime=0, gcCount=0}
2026-01-21 06:03:33.129+0000 WARN  [o.n.k.i.c.VmPauseMonitorComponent] Detected VM stop-the-world pause: {pauseTime=467, gcTime=0, gcCount=0}
2026-01-21 06:03:35.138+0000 WARN  [o.n.k.i.c.VmPauseMonitorComponent] Detected VM stop-the-world pause: {pauseTime=228, gcTime=0, gcCount=0}
2026-01-21 06:03:38.533+0000 WARN  [o.n.k.i.c.VmPauseMonitorComponent] Detected VM stop-the-world pause: {pauseTime=230, gcTime=0, gcCount=0}
2026-01-21 06:03:38.953+0000 WARN  [o.n.k.i.c.VmPauseMonitorComponent] Detected VM stop-the-world pause: {pauseTime=336, gcTime=0, gcCount=0}
2026-01-21 06:04:13.110+0000 WARN  [o.n.k.i.c.VmPauseMonitorComponent] Detected VM stop-the-world pause: {pauseTime=258, gcTime=0, gcCount=0}
2026-01-21 06:04:13.378+0000 WARN  [o.n.k.i.c.VmPauseMonitorComponent] Detected VM stop-the-world pause: {pauseTime=372, gcTime=0, gcCount=0}
2026-01-21 06:04:19.687+0000 WARN  [o.n.k.i.c.VmPauseMonitorComponent] Detected VM stop-the-world pause: {pauseTime=1602, gcTime=1706, gcCount=1}
2026-01-21 06:04:28.477+0000 WARN  [o.n.k.i.c.VmPauseMonitorComponent] Detected VM stop-the-world pause: {pauseTime=316, gcTime=0, gcCount=0}
2026-01-21 06:04:28.924+0000 WARN  [o.n.k.i.c.VmPauseMonitorComponent] Detected VM stop-the-world pause: {pauseTime=379, gcTime=0, gcCount=0}
2026-01-21 06:04:32.052+0000 WARN  [o.n.k.i.c.VmPauseMonitorComponent] Detected VM stop-the-world pause: {pauseTime=226, gcTime=239, gcCount=1}
2026-01-21 06:04:37.267+0000 WARN  [o.n.k.i.c.VmPauseMonitorComponent] Detected VM stop-the-world pause: {pauseTime=261, gcTime=0, gcCount=0}
2026-01-21 06:04:37.611+0000 WARN  [o.n.k.i.c.VmPauseMonitorComponent] Detected VM stop-the-world pause: {pauseTime=354, gcTime=0, gcCount=0}
2026-01-21 06:05:15.263+0000 WARN  [o.n.k.i.c.VmPauseMonitorComponent] Detected VM stop-the-world pause: {pauseTime=321, gcTime=0, gcCount=0}
2026-01-21 06:05:15.523+0000 WARN  [o.n.k.i.c.VmPauseMonitorComponent] Detected VM stop-the-world pause: {pauseTime=428, gcTime=0, gcCount=0}
2026-01-21 06:05:22.478+0000 WARN  [o.n.k.i.c.VmPauseMonitorComponent] Detected VM stop-the-world pause: {pauseTime=256, gcTime=0, gcCount=0}
2026-01-21 06:05:22.891+0000 WARN  [o.n.k.i.c.VmPauseMonitorComponent] Detected VM stop-the-world pause: {pauseTime=395, gcTime=0, gcCount=0}
2026-01-21 06:05:30.234+0000 WARN  [o.n.k.i.c.VmPauseMonitorComponent] Detected VM stop-the-world pause: {pauseTime=441, gcTime=0, gcCount=0}
2026-01-21 06:05:31.147+0000 WARN  [o.n.k.i.c.VmPauseMonitorComponent] Detected VM stop-the-world pause: {pauseTime=963, gcTime=0, gcCount=0}
2026-01-21 06:05:40.398+0000 WARN  [o.n.k.i.c.VmPauseMonitorComponent] Detected VM stop-the-world pause: {pauseTime=506, gcTime=0, gcCount=0}
2026-01-21 06:05:40.755+0000 WARN  [o.n.k.i.c.VmPauseMonitorComponent] Detected VM stop-the-world pause: {pauseTime=1091, gcTime=0, gcCount=0}
2026-01-21 06:05:53.349+0000 WARN  [o.n.k.i.c.VmPauseMonitorComponent] Detected VM stop-the-world pause: {pauseTime=344, gcTime=0, gcCount=0}
2026-01-21 06:06:11.734+0000 WARN  [o.n.k.i.c.VmPauseMonitorComponent] Detected VM stop-the-world pause: {pauseTime=230, gcTime=298, gcCount=1}
2026-01-21 06:06:37.219+0000 WARN  [o.n.k.i.c.VmPauseMonitorComponent] Detected VM stop-the-world pause: {pauseTime=668, gcTime=0, gcCount=0}
2026-01-21 06:06:37.532+0000 WARN  [o.n.k.i.c.VmPauseMonitorComponent] Detected VM stop-the-world pause: {pauseTime=516, gcTime=0, gcCount=0}
2026-01-21 06:07:13.374+0000 WARN  [o.n.k.i.c.VmPauseMonitorComponent] Detected VM stop-the-world pause: {pauseTime=365, gcTime=0, gcCount=0}
2026-01-21 06:07:13.590+0000 WARN  [o.n.k.i.c.VmPauseMonitorComponent] Detected VM stop-the-world pause: {pauseTime=203, gcTime=0, gcCount=0}
2026-01-21 06:07:20.322+0000 WARN  [o.n.k.i.c.VmPauseMonitorComponent] Detected VM stop-the-world pause: {pauseTime=223, gcTime=0, gcCount=0}
2026-01-21 06:07:26.860+0000 WARN  [o.n.k.i.c.VmPauseMonitorComponent] Detected VM stop-the-world pause: {pauseTime=367, gcTime=0, gcCount=0}
2026-01-21 06:07:27.120+0000 WARN  [o.n.k.i.c.VmPauseMonitorComponent] Detected VM stop-the-world pause: {pauseTime=245, gcTime=0, gcCount=0}
2026-01-21 06:07:40.973+0000 WARN  [o.n.k.i.c.VmPauseMonitorComponent] Detected VM stop-the-world pause: {pauseTime=466, gcTime=497, gcCount=1}
2026-01-21 06:07:44.277+0000 WARN  [o.n.k.i.c.VmPauseMonitorComponent] Detected VM stop-the-world pause: {pauseTime=287, gcTime=0, gcCount=0}
2026-01-21 06:09:17.212+0000 WARN  [o.n.k.i.c.VmPauseMonitorComponent] Detected VM stop-the-world pause: {pauseTime=1161, gcTime=1317, gcCount=1}
2026-01-21 06:09:17.701+0000 WARN  [o.n.k.i.c.VmPauseMonitorComponent] Detected VM stop-the-world pause: {pauseTime=430, gcTime=0, gcCount=0}
2026-01-21 06:09:23.705+0000 WARN  [o.n.k.i.c.VmPauseMonitorComponent] Detected VM stop-the-world pause: {pauseTime=214, gcTime=311, gcCount=1}
2026-01-21 06:09:27.627+0000 WARN  [o.n.k.i.c.VmPauseMonitorComponent] Detected VM stop-the-world pause: {pauseTime=229, gcTime=291, gcCount=1}
2026-01-21 06:10:14.936+0000 WARN  [o.n.k.i.c.VmPauseMonitorComponent] Detected VM stop-the-world pause: {pauseTime=246, gcTime=293, gcCount=1}
2026-01-21 06:10:39.908+0000 WARN  [o.n.k.i.c.VmPauseMonitorComponent] Detected VM stop-the-world pause: {pauseTime=230, gcTime=0, gcCount=0}
2026-01-21 06:10:40.295+0000 WARN  [o.n.k.i.c.VmPauseMonitorComponent] Detected VM stop-the-world pause: {pauseTime=345, gcTime=0, gcCount=0}
2026-01-21 06:10:49.355+0000 WARN  [o.n.k.i.c.VmPauseMonitorComponent] Detected VM stop-the-world pause: {pauseTime=207, gcTime=0, gcCount=0}
2026-01-21 06:11:33.693+0000 WARN  [o.n.k.i.c.VmPauseMonitorComponent] Detected VM stop-the-world pause: {pauseTime=257, gcTime=0, gcCount=0}
2026-01-21 06:11:33.943+0000 WARN  [o.n.k.i.c.VmPauseMonitorComponent] Detected VM stop-the-world pause: {pauseTime=232, gcTime=0, gcCount=0}
2026-01-21 06:12:40.759+0000 WARN  [o.n.k.i.c.VmPauseMonitorComponent] Detected VM stop-the-world pause: {pauseTime=683, gcTime=741, gcCount=1}
2026-01-21 06:13:07.250+0000 WARN  [o.n.k.i.c.VmPauseMonitorComponent] Detected VM stop-the-world pause: {pauseTime=257, gcTime=0, gcCount=0}
2026-01-21 06:13:07.648+0000 WARN  [o.n.k.i.c.VmPauseMonitorComponent] Detected VM stop-the-world pause: {pauseTime=350, gcTime=0, gcCount=0}
2026-01-21 06:17:21.841+0000 WARN  [o.n.k.i.c.VmPauseMonitorComponent] Detected VM stop-the-world pause: {pauseTime=204, gcTime=289, gcCount=1}
2026-01-21 06:21:38.446+0000 WARN  [o.n.k.i.c.VmPauseMonitorComponent] Detected VM stop-the-world pause: {pauseTime=324, gcTime=0, gcCount=0}
2026-01-21 06:43:06.389+0000 WARN  [o.n.k.i.c.VmPauseMonitorComponent] Detected VM stop-the-world pause: {pauseTime=367, gcTime=0, gcCount=0}
2026-01-21 06:43:06.983+0000 WARN  [o.n.k.i.c.VmPauseMonitorComponent] Detected VM stop-the-world pause: {pauseTime=2245, gcTime=0, gcCount=0}
2026-01-21 06:57:54.513+0000 WARN  [o.n.k.i.c.VmPauseMonitorComponent] Detected VM stop-the-world pause: {pauseTime=446, gcTime=0, gcCount=0}
2026-01-21 07:44:51.285+0000 WARN  [o.n.k.i.c.VmPauseMonitorComponent] Detected VM stop-the-world pause: {pauseTime=995, gcTime=0, gcCount=0}
2026-01-21 07:44:51.795+0000 WARN  [o.n.k.i.c.VmPauseMonitorComponent] Detected VM stop-the-world pause: {pauseTime=328, gcTime=0, gcCount=0}
2026-01-21 07:58:47.456+0000 WARN  [o.n.k.i.c.VmPauseMonitorComponent] Detected VM stop-the-world pause: {pauseTime=386, gcTime=0, gcCount=0}
2026-01-21 10:21:03.608+0000 WARN  [o.n.k.i.c.VmPauseMonitorComponent] Detected VM stop-the-world pause: {pauseTime=2831, gcTime=0, gcCount=0}
2026-01-21 13:29:30.495+0000 WARN  [o.n.k.i.c.VmPauseMonitorComponent] Detected VM stop-the-world pause: {pauseTime=768, gcTime=0, gcCount=0}
2026-01-21 14:27:11.648+0000 WARN  [o.n.k.i.c.VmPauseMonitorComponent] Detected VM stop-the-world pause: {pauseTime=3526, gcTime=0, gcCount=0}
2026-01-21 14:27:12.695+0000 WARN  [o.n.k.i.c.VmPauseMonitorComponent] Detected VM stop-the-world pause: {pauseTime=867, gcTime=0, gcCount=0}
2026-01-21 14:27:13.686+0000 WARN  [o.n.k.i.c.VmPauseMonitorComponent] Detected VM stop-the-world pause: {pauseTime=204, gcTime=0, gcCount=0}
2026-01-21 14:27:16.883+0000 WARN  [o.n.k.i.c.VmPauseMonitorComponent] Detected VM stop-the-world pause: {pauseTime=409, gcTime=0, gcCount=0}
2026-01-21 14:27:17.115+0000 WARN  [o.n.k.i.c.VmPauseMonitorComponent] Detected VM stop-the-world pause: {pauseTime=331, gcTime=0, gcCount=0}
2026-01-21 14:52:40.485+0000 INFO  [o.n.g.f.DatabaseManagementServiceFactory] Shutdown started
2026-01-21 14:52:42.587+0000 INFO  [o.n.b.BoltServer] Requested Bolt server shutdown
2026-01-21 14:52:42.597+0000 INFO  [o.n.b.p.c.c.ConnectionRegistry] Stopping remaining idle connections for connector bolt-local
2026-01-21 14:52:42.654+0000 INFO  [o.n.b.p.c.c.ConnectionRegistry] Stopped 0 idling connections for connector bolt-local
2026-01-21 14:52:42.744+0000 INFO  [o.n.b.p.c.c.ConnectionRegistry] Stopping remaining idle connections for connector bolt
2026-01-21 14:52:42.744+0000 INFO  [o.n.b.p.c.c.ConnectionRegistry] Stopped 0 idling connections for connector bolt
2026-01-21 14:52:42.795+0000 INFO  [o.n.d.d.DatabaseLifecycles] Stopping 'DatabaseId{f7f14abc[neo4j]}'.
2026-01-21 14:52:45.258+0000 INFO  [o.n.k.a.DatabaseAvailabilityGuard] [neo4j/f7f14abc] Requirement `Database unavailable` makes database neo4j unavailable.
2026-01-21 14:52:45.261+0000 INFO  [o.n.k.a.DatabaseAvailabilityGuard] [neo4j/f7f14abc] DatabaseId{f7f14abc[neo4j]} is unavailable.
2026-01-21 14:52:45.312+0000 INFO  [o.n.k.d.Database] [neo4j/f7f14abc] Waiting for closing transactions.
2026-01-21 14:52:45.333+0000 INFO  [o.n.k.d.Database] [neo4j/f7f14abc] All transactions are closed.
2026-01-21 14:52:45.344+0000 INFO  [o.n.k.i.t.l.c.CheckPointerImpl] [neo4j/f7f14abc] Checkpoint triggered by "Database shutdown" @ txId: 6 checkpoint started...
2026-01-21 14:52:45.793+0000 INFO  [o.n.k.i.t.l.c.CheckPointerImpl] [neo4j/f7f14abc] Checkpoint triggered by "Database shutdown" @ txId: 6 checkpoint completed in 435ms. Checkpoint flushed 22 pages (0% of total available pages), in 22 IOs. Checkpoint performed with IO limit: unlimited, paused in total 0 times( 0 millis).
2026-01-21 14:52:45.799+0000 INFO  [o.n.k.i.t.l.p.LogPruningImpl] [neo4j/f7f14abc] No log version pruned. The strategy used was '2 days 2147483648 size'. 
2026-01-21 14:52:46.336+0000 INFO  [o.n.d.d.DatabaseLifecycles] Stopped 'DatabaseId{f7f14abc[neo4j]}' successfully.
2026-01-21 14:52:46.338+0000 INFO  [o.n.d.d.DatabaseLifecycles] Stopping 'DatabaseId{00000000[system]}'.
2026-01-21 14:52:46.344+0000 INFO  [o.n.k.a.DatabaseAvailabilityGuard] [system/00000000] Requirement `Database unavailable` makes database system unavailable.
2026-01-21 14:52:46.344+0000 INFO  [o.n.k.a.DatabaseAvailabilityGuard] [system/00000000] DatabaseId{00000000[system]} is unavailable.
2026-01-21 14:52:46.351+0000 INFO  [o.n.k.d.Database] [system/00000000] Waiting for closing transactions.
2026-01-21 14:52:46.352+0000 INFO  [o.n.k.d.Database] [system/00000000] All transactions are closed.
2026-01-21 14:52:46.355+0000 INFO  [o.n.k.i.t.l.c.CheckPointerImpl] [system/00000000] Checkpoint triggered by "Database shutdown" @ txId: 41 checkpoint started...
2026-01-21 14:52:46.663+0000 INFO  [o.n.k.i.t.l.c.CheckPointerImpl] [system/00000000] Checkpoint triggered by "Database shutdown" @ txId: 41 checkpoint completed in 307ms. Checkpoint flushed 28 pages (0% of total available pages), in 27 IOs. Checkpoint performed with IO limit: unlimited, paused in total 0 times( 0 millis).
2026-01-21 14:52:46.663+0000 INFO  [o.n.k.i.t.l.p.LogPruningImpl] [system/00000000] No log version pruned. The strategy used was '2 days 2147483648 size'. 
2026-01-21 14:52:46.790+0000 INFO  [o.n.d.d.DatabaseLifecycles] Stopped 'DatabaseId{00000000[system]}' successfully.
2026-01-21 14:52:46.826+0000 INFO  [o.n.b.BoltServer] Shutting down Bolt server
2026-01-22 10:38:09.623+0000 INFO  [o.n.g.f.m.GlobalModule] Logging config in use: File '/var/lib/neo4j/conf/server-logs.xml'
2026-01-22 10:38:11.136+0000 INFO  [o.n.i.d.DiagnosticsManager] 
                                                                ********************************************************************************
                                                                                             [ System diagnostics ]                             
                                                                ********************************************************************************
                                                                --------------------------------------------------------------------------------
                                                                                         [ System memory information ]                          
                                                                --------------------------------------------------------------------------------
                                                                Total Physical memory: 17.54GiB
                                                                Free Physical memory: 5.887GiB
                                                                Committed virtual memory: 5.718GiB
                                                                Total swap space: 1024MiB
                                                                Free swap space: 996.9MiB
                                                                
                                                                --------------------------------------------------------------------------------
                                                                                           [ JVM memory information ]                           
                                                                --------------------------------------------------------------------------------
                                                                Free  memory: 996.6MiB
                                                                Total memory: 1.000GiB
                                                                Max   memory: 2.000GiB
                                                                Garbage Collector: G1 Young Generation: [G1 Eden Space, G1 Survivor Space, G1 Old Gen]
                                                                Garbage Collector: G1 Old Generation: [G1 Eden Space, G1 Survivor Space, G1 Old Gen]
                                                                Memory Pool: CodeHeap 'non-nmethods' (Non-heap memory): committed=2.438MiB, used=1.211MiB, max=5.570MiB, threshold=0B
                                                                Memory Pool: Metaspace (Non-heap memory): committed=21.69MiB, used=21.41MiB, max=-1B, threshold=0B
                                                                Memory Pool: CodeHeap 'profiled nmethods' (Non-heap memory): committed=5.688MiB, used=5.651MiB, max=117.2MiB, threshold=0B
                                                                Memory Pool: Compressed Class Space (Non-heap memory): committed=2.438MiB, used=2.309MiB, max=1.000GiB, threshold=0B
                                                                Memory Pool: G1 Eden Space (Heap memory): committed=642.0MiB, used=2.000MiB, max=-1B, threshold=?
                                                                Memory Pool: G1 Old Gen (Heap memory): committed=379.0MiB, used=22.03MiB, max=2.000GiB, threshold=0B
                                                                Memory Pool: G1 Survivor Space (Heap memory): committed=3.000MiB, used=2.336MiB, max=-1B, threshold=?
                                                                Memory Pool: CodeHeap 'non-profiled nmethods' (Non-heap memory): committed=2.438MiB, used=1.694MiB, max=117.2MiB, threshold=0B
                                                                
                                                                --------------------------------------------------------------------------------
                                                                                        [ Operating system information ]                        
                                                                --------------------------------------------------------------------------------
                                                                Operating System: Linux; version: 6.10.14-linuxkit; arch: aarch64; cpus: 8
                                                                Max number of file descriptors: 1048576
                                                                Number of open file descriptors: 245
                                                                Process id: 7
                                                                Byte order: LITTLE_ENDIAN
                                                                Local timezone: Etc/UTC
                                                                Memory page size: 4096
                                                                Unaligned memory access allowed: true
                                                                
                                                                --------------------------------------------------------------------------------
                                                                                              [ JVM information ]                               
                                                                --------------------------------------------------------------------------------
                                                                VM Name: OpenJDK 64-Bit Server VM
                                                                VM Vendor: Eclipse Adoptium
                                                                VM Version: 17.0.12+7
                                                                JIT compiler: HotSpot 64-Bit Tiered Compilers
                                                                VM Arguments: [-XX:+UseG1GC, -XX:-OmitStackTraceInFastThrow, -XX:+AlwaysPreTouch, -XX:+UnlockExperimentalVMOptions, -XX:+TrustFinalNonStaticFields, -XX:+DisableExplicitGC, -Djdk.nio.maxCachedBufferSize=1024, -Dio.netty.tryReflectionSetAccessible=true, -Djdk.tls.ephemeralDHKeySize=2048, -Djdk.tls.rejectClientInitiatedRenegotiation=true, -XX:FlightRecorderOptions=stackdepth=256, -XX:+UnlockDiagnosticVMOptions, -XX:+DebugNonSafepoints, --add-opens=java.base/java.nio=ALL-UNNAMED, --add-opens=java.base/java.io=ALL-UNNAMED, --add-opens=java.base/sun.nio.ch=ALL-UNNAMED, -Dlog4j2.disable.jmx=true, -Dfile.encoding=UTF-8, -Xms1048576k, -Xmx2097152k]
                                                                
                                                                --------------------------------------------------------------------------------
                                                                                               [ Java classpath ]                               
                                                                --------------------------------------------------------------------------------
                                                                 [classpath] /var/lib/neo4j/lib/neo4j-cypher-planner-5.22.0.jar
                                                                 [classpath] /var/lib/neo4j/lib/neo4j-5.22.0.jar
                                                                 [classpath] /var/lib/neo4j/lib/neo4j-procedure-api-5.22.0.jar
                                                                 [classpath] /var/lib/neo4j/lib/arrow-format-16.1.0.jar
                                                                 [classpath] /var/lib/neo4j/lib/neo4j-values-5.22.0.jar
                                                                 [classpath] /var/lib/neo4j/lib/neo4j-resource-5.22.0.jar
                                                                 [classpath] /var/lib/neo4j/lib/jetty-alpn-server-10.0.20.jar
                                                                 [classpath] /var/lib/neo4j/lib/jaxb-runtime-2.3.2.jar
                                                                 [classpath] /var/lib/neo4j/lib/neo4j-procedure-5.22.0.jar
                                                                 [classpath] /var/lib/neo4j/lib/cypher-antlr-ast-common-5.22.0.jar
                                                                 [classpath] /var/lib/neo4j/lib/jersey-container-servlet-2.34.jar
                                                                 [classpath] /var/lib/neo4j/lib/caffeine-3.1.8.jar
                                                                 [classpath] /var/lib/neo4j/lib/magnolia_2.13-1.1.8.jar
                                                                 [classpath] /var/lib/neo4j/lib/scala-library-2.13.11.jar
                                                                 [classpath] /var/lib/neo4j/lib/netty-transport-classes-epoll-4.1.111.Final.jar
                                                                 [classpath] /var/lib/neo4j/lib/neo4j-browser-5.21.0.jar
                                                                 [classpath] /var/lib/neo4j/lib/jackson-datatype-jsr310-2.17.0.jar
                                                                 [classpath] /var/lib/neo4j/lib/grpc-netty-1.65.0.jar
                                                                 [classpath] /var/lib/neo4j/lib/jetty-io-10.0.20.jar
                                                                 [classpath] /var/lib/neo4j/lib/jetty-servlet-10.0.20.jar
                                                                 [classpath] /var/lib/neo4j/lib/netty-tcnative-2.0.65.Final-linux-aarch_64.jar
                                                                 [classpath] /var/lib/neo4j/conf/*
                                                                 [classpath] /var/lib/neo4j/lib/WMI4Java-1.6.3.jar
                                                                 [classpath] /var/lib/neo4j/lib/jakarta.xml.bind-api-2.3.2.jar
                                                                 [classpath] /var/lib/neo4j/lib/jProcesses-1.6.5.jar
                                                                 [classpath] /var/lib/neo4j/lib/neo4j-import-util-5.22.0.jar
                                                                 [classpath] /var/lib/neo4j/lib/hk2-locator-2.6.1.jar
                                                                 [classpath] /var/lib/neo4j/lib/neo4j-cypher-logical-plans-5.22.0.jar
                                                                 [classpath] /var/lib/neo4j/lib/neo4j-front-end-5.22.0.jar
                                                                 [classpath] /var/lib/neo4j/lib/neo4j-spatial-index-5.22.0.jar
                                                                 [classpath] /var/lib/neo4j/lib/neo4j-ast-5.22.0.jar
                                                                 [classpath] /var/lib/neo4j/lib/eclipse-collections-api-11.1.0.jar
                                                                 [classpath] /var/lib/neo4j/lib/netty-resolver-4.1.111.Final.jar
                                                                 [classpath] /var/lib/neo4j/lib/jersey-container-servlet-core-2.34.jar
                                                                 [classpath] /var/lib/neo4j/lib/netty-handler-proxy-4.1.111.Final.jar
                                                                 [classpath] /var/lib/neo4j/lib/jansi-2.4.0.jar
                                                                 [classpath] /var/lib/neo4j/lib/jetty-xml-10.0.20.jar
                                                                 [classpath] /var/lib/neo4j/lib/jline-terminal-3.21.0.jar
                                                                 [classpath] /var/lib/neo4j/lib/grpc-protobuf-lite-1.62.2.jar
                                                                 [classpath] /var/lib/neo4j/lib/cypher-v6-parser-listener-5.22.0.jar
                                                                 [classpath] /var/lib/neo4j/lib/netty-codec-4.1.111.Final.jar
                                                                 [classpath] /var/lib/neo4j/lib/netty-tcnative-2.0.65.Final-linux-aarch_64-fedora.jar
                                                                 [classpath] /var/lib/neo4j/lib/neo4j-java-driver-5.22.0.jar
                                                                 [classpath] /var/lib/neo4j/lib/neo4j-cypher-ast-factory-5.22.0.jar
                                                                 [classpath] /var/lib/neo4j/lib/netty-transport-native-epoll-4.1.111.Final-linux-x86_64.jar
                                                                 [classpath] /var/lib/neo4j/lib/neo4j-cypher-rendering-5.22.0.jar
                                                                 [classpath] /var/lib/neo4j/lib/cypher-v6-ast-factory-5.22.0.jar
                                                                 [classpath] /var/lib/neo4j/lib/cypher-shell-5.22.0.jar
                                                                 [classpath] /var/lib/neo4j/lib/netty-handler-4.1.111.Final.jar
                                                                 [classpath] /var/lib/neo4j/lib/kiama_2.13-2.5.1.jar
                                                                 [classpath] /var/lib/neo4j/lib/jakarta.ws.rs-api-2.1.6.jar
                                                                 [classpath] /var/lib/neo4j/lib/netty-transport-native-kqueue-4.1.111.Final-osx-aarch_64.jar
                                                                 [classpath] /var/lib/neo4j/lib/neo4j-cypher-ir-5.22.0.jar
                                                                 [classpath] /var/lib/neo4j/lib/jackson-core-2.17.1.jar
                                                                 [classpath] /var/lib/neo4j/lib/istack-commons-runtime-3.0.8.jar
                                                                 [classpath] /var/lib/neo4j/lib/neo4j-cloud-5.22.0.jar
                                                                 [classpath] /var/lib/neo4j/lib/jetty-servlet-api-4.0.6.jar
                                                                 [classpath] /var/lib/neo4j/lib/neo4j-cypher-javacc-parser-5.22.0.jar
                                                                 [classpath] /var/lib/neo4j/lib/eclipse-collections-11.1.0.jar
                                                                 [classpath] /var/lib/neo4j/lib/guava-33.2.1-jre.jar
                                                                 [classpath] /var/lib/neo4j/lib/shiro-cache-2.0.0.jar
                                                                 [classpath] /var/lib/neo4j/lib/cypher-v5-literal-interpreter-5.22.0.jar
                                                                 [classpath] /var/lib/neo4j/lib/netty-common-4.1.111.Final.jar
                                                                 [classpath] /var/lib/neo4j/lib/arrow-memory-netty-16.1.0.jar
                                                                 [classpath] /var/lib/neo4j/lib/commons-text-1.12.0.jar
                                                                 [classpath] /var/lib/neo4j/lib/neo4j-index-5.22.0.jar
                                                                 [classpath] /var/lib/neo4j/lib/neo4j-slf4j-provider-5.22.0.jar
                                                                 [classpath] /var/lib/neo4j/lib/reactor-core-3.6.7.jar
                                                                 [classpath] /var/lib/neo4j/lib/jakarta.validation-api-2.0.2.jar
                                                                 [classpath] /var/lib/neo4j/lib/picocli-4.7.6.jar
                                                                 [classpath] /var/lib/neo4j/lib/shiro-crypto-hash-2.0.0.jar
                                                                 [classpath] /var/lib/neo4j/lib/neo4j-exceptions-5.22.0.jar
                                                                 [classpath] /var/lib/neo4j/lib/shiro-hashes-argon2-2.0.0.jar
                                                                 [classpath] /var/lib/neo4j/lib/neo4j-wal-5.22.0.jar
                                                                 [classpath] /var/lib/neo4j/lib/antlr4-runtime-4.13.1.jar
                                                                 [classpath] /var/lib/neo4j/lib/hk2-utils-2.6.1.jar
                                                                 [classpath] /var/lib/neo4j/lib/http2-common-10.0.20.jar
                                                                 [classpath] /var/lib/neo4j/lib/stax-ex-1.8.1.jar
                                                                 [classpath] /var/lib/neo4j/lib/netty-transport-native-unix-common-4.1.111.Final.jar
                                                                 [classpath] /var/lib/neo4j/lib/neo4j-query-router-5.22.0.jar
                                                                 [classpath] /var/lib/neo4j/lib/txw2-2.3.2.jar
                                                                 [classpath] /var/lib/neo4j/lib/jetty-webapp-10.0.20.jar
                                                                 [classpath] /var/lib/neo4j/lib/commons-lang3-3.14.0.jar
                                                                 [classpath] /var/lib/neo4j/lib/log4j-api-2.20.0.jar
                                                                 [classpath] /var/lib/neo4j/lib/neo4j-gql-status-5.22.0.jar
                                                                 [classpath] /var/lib/neo4j/lib/ipaddress-5.5.0.jar
                                                                 [classpath] /var/lib/neo4j/lib/cypher-parser-ast-common-5.22.0.jar
                                                                 [classpath] /var/lib/neo4j/lib/argparse4j-0.9.0.jar
                                                                 [classpath] /var/lib/neo4j/lib/neo4j-cypher-physical-planning-5.22.0.jar
                                                                 [classpath] /var/lib/neo4j/lib/log4j-core-2.20.0.jar
                                                                 [classpath] /var/lib/neo4j/lib/jetty-http-10.0.20.jar
                                                                 [classpath] /var/lib/neo4j/lib/commons-compress-1.26.2.jar
                                                                 [classpath] /var/lib/neo4j/lib/neo4j-util-5.22.0.jar
                                                                 [classpath] /var/lib/neo4j/lib/protobuf-java-util-3.25.3.jar
                                                                 [classpath] /var/lib/neo4j/lib/jetty-util-10.0.20.jar
                                                                 [classpath] /var/lib/neo4j/lib/lucene-analysis-common-9.11.0.jar
                                                                 [classpath] /var/lib/neo4j/lib/cypher-v5-parser-listener-5.22.0.jar
                                                                 [classpath] /var/lib/neo4j/lib/neo4j-collections-5.22.0.jar
                                                                 [classpath] /var/lib/neo4j/lib/neo4j-storage-engine-util-5.22.0.jar
                                                                 [classpath] /var/lib/neo4j/lib/arrow-memory-netty-buffer-patch-16.1.0.jar
                                                                 [classpath] /var/lib/neo4j/lib/neo4j-bolt-5.22.0.jar
                                                                 [classpath] /var/lib/neo4j/lib/neo4j-native-5.22.0.jar
                                                                 [classpath] /var/lib/neo4j/lib/jetty-server-10.0.20.jar
                                                                 [classpath] /var/lib/neo4j/lib/zstd-jni-1.5.6-3.jar
                                                                 [classpath] /var/lib/neo4j/lib/neo4j-concurrent-5.22.0.jar
                                                                 [classpath] /var/lib/neo4j/lib/cypher-antlr-common-5.22.0.jar
                                                                 [classpath] /var/lib/neo4j/lib/neo4j-token-api-5.22.0.jar
                                                                 [classpath] /var/lib/neo4j/lib/scala-collection-contrib_2.13-0.3.0.jar
                                                                 [classpath] /var/lib/neo4j/lib/animal-sniffer-annotations-1.23.jar
                                                                 [classpath] /var/lib/neo4j/lib/netty-codec-socks-4.1.111.Final.jar
                                                                 [classpath] /var/lib/neo4j/lib/cypher-v5-antlr-parser-5.22.0.jar
                                                                 [classpath] /var/lib/neo4j/lib/jersey-client-2.34.jar
                                                                 [classpath] /var/lib/neo4j/lib/jersey-hk2-2.34.jar
                                                                 [classpath] /var/lib/neo4j/lib/jetty-security-10.0.20.jar
                                                                 [classpath] /var/lib/neo4j/lib/neo4j-cypher-5.22.0.jar
                                                                 [classpath] /var/lib/neo4j/lib/zstd-proxy-5.22.0.jar
                                                                 [classpath] /var/lib/neo4j/lib/neo4j-udc-5.22.0.jar
                                                                 [classpath] /var/lib/neo4j/lib/neo4j-cypher-planner-spi-5.22.0.jar
                                                                 [classpath] /var/lib/neo4j/lib/grpc-core-1.65.0.jar
                                                                 [classpath] /var/lib/neo4j/lib/neo4j-monitoring-5.22.0.jar
                                                                 [classpath] /var/lib/neo4j/lib/jPowerShell-3.0.jar
                                                                 [classpath] /var/lib/neo4j/lib/neo4j-import-tool-5.22.0.jar
                                                                 [classpath] /var/lib/neo4j/lib/server-api-5.22.0.jar
                                                                 [classpath] /var/lib/neo4j/lib/jackson-databind-2.17.1.jar
                                                                 [classpath] /var/lib/neo4j/lib/reactive-streams-1.0.4.jar
                                                                 [classpath] /var/lib/neo4j/lib/arrow-memory-core-16.1.0.jar
                                                                 [classpath] /var/lib/neo4j/lib/neo4j-cypher-runtime-util-5.22.0.jar
                                                                 [classpath] /var/lib/neo4j/lib/neo4j-command-line-5.22.0.jar
                                                                 [classpath] /var/lib/neo4j/lib/netty-transport-native-epoll-4.1.111.Final-linux-aarch_64.jar
                                                                 [classpath] /var/lib/neo4j/lib/neo4j-record-storage-engine-5.22.0.jar
                                                                 [classpath] /var/lib/neo4j/lib/javassist-3.25.0-GA.jar
                                                                 [classpath] /var/lib/neo4j/lib/netty-tcnative-2.0.65.Final-linux-x86_64.jar
                                                                 [classpath] /var/lib/neo4j/lib/jackson-module-jaxb-annotations-2.17.1.jar
                                                                 [classpath] /var/lib/neo4j/lib/neo4j-id-generator-5.22.0.jar
                                                                 [classpath] /var/lib/neo4j/lib/neo4j-notifications-5.22.0.jar
                                                                 [classpath] /var/lib/neo4j/lib/cypher-v6-antlr-parser-5.22.0.jar
                                                                 [classpath] /var/lib/neo4j/lib/listenablefuture-9999.0-empty-to-avoid-conflict-with-guava.jar
                                                                 [classpath] /var/lib/neo4j/lib/failureaccess-1.0.2.jar
                                                                 [classpath] /var/lib/neo4j/lib/http2-hpack-10.0.20.jar
                                                                 [classpath] /var/lib/neo4j/lib/netty-codec-http-4.1.111.Final.jar
                                                                 [classpath] /var/lib/neo4j/lib/neo4j-kernel-5.22.0.jar
                                                                 [classpath] /var/lib/neo4j/lib/neo4j-layout-5.22.0.jar
                                                                 [classpath] /var/lib/neo4j/lib/cypher-parser-factory-5.22.0.jar
                                                                 [classpath] /var/lib/neo4j/lib/neo4j-unsafe-5.22.0.jar
                                                                 [classpath] /var/lib/neo4j/lib/grpc-stub-1.65.0.jar
                                                                 [classpath] /var/lib/neo4j/lib/jersey-common-2.34.jar
                                                                 [classpath] /var/lib/neo4j/lib/cypher-v5-ast-factory-5.22.0.jar
                                                                 [classpath] /var/lib/neo4j/lib/lucene-backward-codecs-9.11.0.jar
                                                                 [classpath] /var/lib/neo4j/lib/neo4j-lock-5.22.0.jar
                                                                 [classpath] /var/lib/neo4j/lib/neo4j-configuration-5.22.0.jar
                                                                 [classpath] /var/lib/neo4j/lib/neo4j-data-collector-5.22.0.jar
                                                                 [classpath] /var/lib/neo4j/lib/http2-server-10.0.20.jar
                                                                 [classpath] /var/lib/neo4j/lib/neo4j-schema-5.22.0.jar
                                                                 [classpath] /var/lib/neo4j/lib/neo4j-logging-5.22.0.jar
                                                                 [classpath] /var/lib/neo4j/lib/jackson-jaxrs-base-2.17.1.jar
                                                                 [classpath] /var/lib/neo4j/lib/neo4j-bootcheck-5.22.0.jar
                                                                 [classpath] /var/lib/neo4j/lib/neo4j-cypher-cache-5.22.0.jar
                                                                 [classpath] /var/lib/neo4j/lib/shiro-crypto-core-2.0.0.jar
                                                                 [classpath] /var/lib/neo4j/lib/neo4j-cypher-interpreted-runtime-5.22.0.jar
                                                                 [classpath] /var/lib/neo4j/lib/jna-5.14.0.jar
                                                                 [classpath] /var/lib/neo4j/lib/neo4j-common-5.22.0.jar
                                                                 [classpath] /var/lib/neo4j/lib/commons-configuration2-2.11.0.jar
                                                                 [classpath] /var/lib/neo4j/lib/netty-transport-4.1.111.Final.jar
                                                                 [classpath] /var/lib/neo4j/lib/neo4j-csv-5.22.0.jar
                                                                 [classpath] /var/lib/neo4j/lib/protobuf-java-3.25.2.jar
                                                                 [classpath] /var/lib/neo4j/lib/jline-terminal-jansi-3.21.0.jar
                                                                 [classpath] /var/lib/neo4j/lib/hk2-api-2.6.1.jar
                                                                 [classpath] /var/lib/neo4j/lib/commons-logging-1.3.2.jar
                                                                 [classpath] /var/lib/neo4j/lib/neo4j-kernel-api-5.22.0.jar
                                                                 [classpath] /var/lib/neo4j/lib/grpc-api-1.65.0.jar
                                                                 [classpath] /var/lib/neo4j/lib/cypher-parser-common-5.22.0.jar
                                                                 [classpath] /var/lib/neo4j/lib/neo4j-graphdb-api-5.22.0.jar
                                                                 [classpath] /var/lib/neo4j/lib/neo4j-graph-algo-5.22.0.jar
                                                                 [classpath] /var/lib/neo4j/lib/neo4j-cypher-config-5.22.0.jar
                                                                 [classpath] /var/lib/neo4j/lib/lucene-core-9.11.0.jar
                                                                 [classpath] /var/lib/neo4j/lib/jackson-annotations-2.17.1.jar
                                                                 [classpath] /var/lib/neo4j/lib/shiro-core-2.0.0.jar
                                                                 [classpath] /var/lib/neo4j/lib/neo4j-fabric-5.22.0.jar
                                                                 [classpath] /var/lib/neo4j/lib/jsr305-3.0.2.jar
                                                                 [classpath] /var/lib/neo4j/lib/grpc-protobuf-1.65.0.jar
                                                                 [classpath] /var/lib/neo4j/lib/shiro-lang-2.0.0.jar
                                                                 [classpath] /var/lib/neo4j/lib/commons-codec-1.17.0.jar
                                                                 [classpath] /var/lib/neo4j/lib/jakarta.activation-api-1.2.2.jar
                                                                 [classpath] /var/lib/neo4j/lib/neo4j-cypher-macros-5.22.0.jar
                                                                 [classpath] /var/lib/neo4j/lib/grpc-util-1.62.2.jar
                                                                 [classpath] /var/lib/neo4j/lib/neo4j-diagnostics-5.22.0.jar
                                                                 [classpath] /var/lib/neo4j/lib/jetty-alpn-java-server-10.0.20.jar
                                                                 [classpath] /var/lib/neo4j/lib/neo4j-fulltext-index-5.22.0.jar
                                                                 [classpath] /var/lib/neo4j/lib/jettison-1.5.4.jar
                                                                 [classpath] /var/lib/neo4j/lib/jakarta.inject-2.6.1.jar
                                                                 [classpath] /var/lib/neo4j/lib/neo4j-cypher-slotted-runtime-5.22.0.jar
                                                                 [classpath] /var/lib/neo4j/lib/netty-tcnative-classes-2.0.65.Final.jar
                                                                 [classpath] /var/lib/neo4j/lib/slf4j-api-2.0.9.jar
                                                                 [classpath] /var/lib/neo4j/lib/perfmark-api-0.26.0.jar
                                                                 [classpath] /var/lib/neo4j/lib/arrow-vector-16.1.0.jar
                                                                 [classpath] /var/lib/neo4j/lib/gson-2.11.0.jar
                                                                 [classpath] /var/lib/neo4j/lib/jline-reader-3.21.0.jar
                                                                 [classpath] /var/lib/neo4j/lib/FastInfoset-1.2.16.jar
                                                                 [classpath] /var/lib/neo4j/lib/shiro-crypto-cipher-2.0.0.jar
                                                                 [classpath] /var/lib/neo4j/lib/neo4j-ssl-5.22.0.jar
                                                                 [classpath] /var/lib/neo4j/lib/cypher-ast-factory-5.22.0.jar
                                                                 [classpath] /var/lib/neo4j/lib/jackson-jaxrs-json-provider-2.17.1.jar
                                                                 [classpath] /var/lib/neo4j/lib/netty-tcnative-2.0.65.Final-linux-x86_64-fedora.jar
                                                                 [classpath] /var/lib/neo4j/lib/netty-codec-http2-4.1.111.Final.jar
                                                                 [classpath] /var/lib/neo4j/lib/neo4j-cypher-expression-evaluator-5.22.0.jar
                                                                 [classpath] /var/lib/neo4j/lib/flatbuffers-java-23.5.26.jar
                                                                 [classpath] /var/lib/neo4j/lib/neo4j-rewriting-5.22.0.jar
                                                                 [classpath] /var/lib/neo4j/lib/lucene-queryparser-9.11.0.jar
                                                                 [classpath] /var/lib/neo4j/lib/neo4j-expressions-5.22.0.jar
                                                                 [classpath] /var/lib/neo4j/lib/neo4j-lucene-index-5.22.0.jar
                                                                 [classpath] /var/lib/neo4j/lib/proto-google-common-protos-2.40.0.jar
                                                                 [classpath] /var/lib/neo4j/lib/netty-transport-classes-kqueue-4.1.111.Final.jar
                                                                 [classpath] /var/lib/neo4j/lib/annotations-5.22.0.jar
                                                                 [classpath] /var/lib/neo4j/lib/neo4j-codegen-5.22.0.jar
                                                                 [classpath] /var/lib/neo4j/lib/scala-reflect-2.13.11.jar
                                                                 [classpath] /var/lib/neo4j/plugins/apoc.jar
                                                                 [classpath] /var/lib/neo4j/lib/commons-io-2.16.1.jar
                                                                 [classpath] /var/lib/neo4j/lib/jakarta.annotation-api-1.3.5.jar
                                                                 [classpath] /var/lib/neo4j/lib/jctools-core-4.0.5.jar
                                                                 [classpath] /var/lib/neo4j/lib/grpc-context-1.65.0.jar
                                                                 [classpath] /var/lib/neo4j/lib/netty-transport-native-kqueue-4.1.111.Final-osx-x86_64.jar
                                                                 [classpath] /var/lib/neo4j/lib/neo4j-io-5.22.0.jar
                                                                 [classpath] /var/lib/neo4j/lib/neo4j-dbms-5.22.0.jar
                                                                 [classpath] /var/lib/neo4j/lib/flight-core-16.1.0.jar
                                                                 [classpath] /var/lib/neo4j/lib/neo4j-server-5.22.0.jar
                                                                 [classpath] /var/lib/neo4j/lib/neo4j-push-to-cloud-5.22.0.jar
                                                                 [classpath] /var/lib/neo4j/lib/neo4j-security-5.22.0.jar
                                                                 [classpath] /var/lib/neo4j/lib/log4j-layout-template-json-2.20.0.jar
                                                                 [classpath] /var/lib/neo4j/lib/netty-buffer-4.1.111.Final.jar
                                                                 [classpath] /var/lib/neo4j/lib/shiro-hashes-bcrypt-2.0.0.jar
                                                                 [classpath] /var/lib/neo4j/lib/jersey-server-2.34.jar
                                                                 [classpath] /var/lib/neo4j/lib/neo4j-consistency-check-5.22.0.jar
                                                                 [classpath] /var/lib/neo4j/lib/neo4j-capabilities-5.22.0.jar
                                                                 [classpath] /var/lib/neo4j/lib/shiro-config-core-2.0.0.jar
                                                                 [classpath] /var/lib/neo4j/lib/neo4j-cypher-dsl-2024.0.0.jar
                                                                 [classpath] /var/lib/neo4j/lib/shiro-event-2.0.0.jar
                                                                
                                                                --------------------------------------------------------------------------------
                                                                                                [ Library path ]                                
                                                                --------------------------------------------------------------------------------
                                                                /usr/java/packages/lib
                                                                /usr/lib64
                                                                /lib64
                                                                /lib
                                                                /usr/lib
                                                                
                                                                --------------------------------------------------------------------------------
                                                                                             [ System properties ]                              
                                                                --------------------------------------------------------------------------------
                                                                jdk.tls.rejectClientInitiatedRenegotiation = true
                                                                sun.jnu.encoding = UTF-8
                                                                sun.arch.data.model = 64
                                                                user.timezone = Etc/UTC
                                                                sun.java.launcher = SUN_STANDARD
                                                                sun.boot.library.path = /opt/java/openjdk/lib
                                                                sun.java.command = org.neo4j.server.CommunityEntryPoint --home-dir=/var/lib/neo4j --config-dir=/var/lib/neo4j/conf --console-mode
                                                                jdk.debug = release
                                                                io.netty.tryReflectionSetAccessible = true
                                                                sun.cpu.endian = little
                                                                user.home = /var/lib/neo4j
                                                                user.language = en
                                                                file.separator = /
                                                                jdk.tls.ephemeralDHKeySize = 2048
                                                                sun.management.compiler = HotSpot 64-Bit Tiered Compilers
                                                                user.name = neo4j
                                                                jdk.nio.maxCachedBufferSize = 1024
                                                                path.separator = :
                                                                file.encoding = UTF-8
                                                                jnidispatch.path = /tmp/jna3922563496453500713.tmp
                                                                jna.loaded = true
                                                                user.dir = /var/lib/neo4j
                                                                native.encoding = UTF-8
                                                                sun.io.unicode.encoding = UnicodeLittle
                                                                log4j2.disable.jmx = true
                                                                
                                                                --------------------------------------------------------------------------------
                                                                                      [ (IANA) TimeZone database version ]                      
                                                                --------------------------------------------------------------------------------
                                                                  TimeZone version: 2024a (available for 603 zone identifiers)
                                                                
                                                                --------------------------------------------------------------------------------
                                                                                            [ Network information ]                             
                                                                --------------------------------------------------------------------------------
                                                                Interface eth0:
                                                                    address: 172.18.0.3
                                                                Interface lo:
                                                                    address: 0:0:0:0:0:0:0:1%lo
                                                                    address: 127.0.0.1
                                                                
                                                                --------------------------------------------------------------------------------
                                                                                         [ Native access information ]                          
                                                                --------------------------------------------------------------------------------
                                                                Native access details: Linux native access is available.
                                                                
                                                                --------------------------------------------------------------------------------
                                                                                                [ DBMS config ]                                 
                                                                --------------------------------------------------------------------------------
                                                                DBMS provided settings:
                                                                db.tx_log.rotation.retention_policy=2 days 2G
                                                                dbms.memory.transaction.total.max=1.00GiB
                                                                dbms.security.procedures.unrestricted=apoc.*
                                                                server.bolt.enabled=true
                                                                server.databases.writable=true
                                                                server.default_listen_address=0.0.0.0
                                                                server.directories.import=/import
                                                                server.directories.logs=/logs
                                                                server.directories.neo4j_home=/var/lib/neo4j
                                                                server.http.enabled=true
                                                                server.https.enabled=false
                                                                server.jvm.additional=-XX:+UseG1GC
-XX:-OmitStackTraceInFastThrow
-XX:+AlwaysPreTouch
-XX:+UnlockExperimentalVMOptions
-XX:+TrustFinalNonStaticFields
-XX:+DisableExplicitGC
-Djdk.nio.maxCachedBufferSize=1024
-Dio.netty.tryReflectionSetAccessible=true
-Djdk.tls.ephemeralDHKeySize=2048
-Djdk.tls.rejectClientInitiatedRenegotiation=true
-XX:FlightRecorderOptions=stackdepth=256
-XX:+UnlockDiagnosticVMOptions
-XX:+DebugNonSafepoints
--add-opens=java.base/java.nio=ALL-UNNAMED
--add-opens=java.base/java.io=ALL-UNNAMED
--add-opens=java.base/sun.nio.ch=ALL-UNNAMED
-Dlog4j2.disable.jmx=true
                                                                server.memory.heap.initial_size=1.00GiB
                                                                server.memory.heap.max_size=2.00GiB
                                                                server.memory.pagecache.size=2.00GiB
                                                                server.windows_service_name=neo4j
                                                                Directories in use:
                                                                server.directories.data=/var/lib/neo4j/data
                                                                server.directories.dumps.root=/var/lib/neo4j/data/dumps
                                                                server.directories.import=/import
                                                                server.directories.lib=/var/lib/neo4j/lib
                                                                server.directories.licenses=/var/lib/neo4j/licenses
                                                                server.directories.logs=/logs
                                                                server.directories.neo4j_home=/var/lib/neo4j
                                                                server.directories.plugins=/var/lib/neo4j/plugins
                                                                server.directories.run=/var/lib/neo4j/run
                                                                server.directories.script.root=/var/lib/neo4j/data/scripts
                                                                server.directories.transaction.logs.root=/var/lib/neo4j/data/transactions
                                                                
                                                                --------------------------------------------------------------------------------
                                                                                                 [ Packaging ]                                  
                                                                --------------------------------------------------------------------------------
                                                                Edition: Community
                                                                Package Type: docker bullseye
                                                                
2026-01-22 10:38:11.320+0000 INFO  [o.n.d.i.DefaultIdentityModule] Found ServerId on disk: ServerId{6bdcb1ef} (6bdcb1ef-58bf-41d7-9e1c-0ee16147efa0)
2026-01-22 10:38:11.327+0000 INFO  [o.n.d.i.DefaultIdentityModule] This instance is ServerId{6bdcb1ef} (6bdcb1ef-58bf-41d7-9e1c-0ee16147efa0)
2026-01-22 10:38:13.774+0000 INFO  [o.n.s.CommunityNeoWebServer] ======== Neo4j 5.22.0 ========
2026-01-22 10:38:13.809+0000 INFO  [o.n.d.d.DatabaseLifecycles] Creating 'DatabaseId{00000000[system]}'.
2026-01-22 10:38:13.897+0000 INFO  [a.ApocConfig] successfully registered ApocConfig for @Context
2026-01-22 10:38:13.901+0000 INFO  [a.Pools] successfully registered Pools for @Context
2026-01-22 10:38:14.055+0000 INFO  [a.ApocConfig] cannot determine conf folder from sys property org.neo4j.server.CommunityEntryPoint --home-dir=/var/lib/neo4j --config-dir=/var/lib/neo4j/conf --console-mode, assuming /var/lib/neo4j/conf
2026-01-22 10:38:14.056+0000 INFO  [a.ApocConfig] system property NEO4J_CONF set to /var/lib/neo4j/conf
2026-01-22 10:38:14.345+0000 INFO  [a.ApocConfig] setting APOC config to default value: apoc.trigger.enabled=false
2026-01-22 10:38:14.475+0000 INFO  [o.n.b.BoltServer] Using connector transport epoll
2026-01-22 10:38:14.592+0000 INFO  [o.n.b.BoltServer] Configured external Bolt connector with listener address /0.0.0.0:7687
2026-01-22 10:38:14.594+0000 INFO  [o.n.b.BoltServer] Bolt server loaded
2026-01-22 10:38:14.635+0000 INFO  [o.n.d.d.DatabaseLifecycles] Starting 'DatabaseId{00000000[system]}'.
2026-01-22 10:38:15.253+0000 INFO  [o.n.k.i.t.l.f.c.CheckpointLogFile] [system/00000000] Scanning log file with version 0 for checkpoint entries
2026-01-22 10:38:15.342+0000 INFO  [o.n.k.i.s.f.RecordFormatSelector] [system/00000000] Selected RecordFormat:PageAlignedV5_0[aligned-1.1] record format from store /data/databases/system
2026-01-22 10:38:15.342+0000 INFO  [o.n.k.i.s.f.RecordFormatSelector] [system/00000000] Selected format from the store files: RecordFormat:PageAlignedV5_0[aligned-1.1]
2026-01-22 10:38:16.402+0000 INFO  [o.n.i.d.DiagnosticsManager] [system/00000000] 
                                                                [system/00000000] ********************************************************************************
                                                                [system/00000000]                               [ Database: system ]                              
                                                                [system/00000000] ********************************************************************************
                                                                [system/00000000] --------------------------------------------------------------------------------
                                                                [system/00000000]                                   [ Version ]                                   
                                                                [system/00000000] --------------------------------------------------------------------------------
                                                                [system/00000000] DBMS: community record-aligned-1.1
                                                                [system/00000000] Kernel version: 5.22.0
                                                                [system/00000000] 
                                                                [system/00000000] --------------------------------------------------------------------------------
                                                                [system/00000000]                                 [ Store files ]                                 
                                                                [system/00000000] --------------------------------------------------------------------------------
                                                                [system/00000000] Disk space on partition (Total / Free / Free %): 494384795648 / 23227912192 / 4
                                                                [system/00000000] Storage files stored on file store: fakeowner
                                                                [system/00000000] Storage files: (filename : modification date - size)
                                                                [system/00000000]   database_lock: 2026-01-20 08:54:40.649+0000 - 0B
                                                                [system/00000000]   neostore: 2026-01-20 08:54:40.381+0000 - 8.000KiB
                                                                [system/00000000]   neostore.counts.db: 2026-01-22 10:38:15.853+0000 - 48.00KiB
                                                                [system/00000000]   neostore.indexstats.db: 2026-01-22 10:38:15.897+0000 - 48.00KiB
                                                                [system/00000000]   neostore.labeltokenstore.db: 2026-01-20 09:09:51.300+0000 - 8.000KiB
                                                                [system/00000000]   neostore.labeltokenstore.db.id: 2026-01-22 10:38:15.774+0000 - 40.00KiB
                                                                [system/00000000]   neostore.labeltokenstore.db.names: 2026-01-20 09:09:51.304+0000 - 8.000KiB
                                                                [system/00000000]   neostore.labeltokenstore.db.names.id: 2026-01-22 10:38:15.769+0000 - 40.00KiB
                                                                [system/00000000]   neostore.nodestore.db: 2026-01-20 09:09:51.306+0000 - 8.000KiB
                                                                [system/00000000]   neostore.nodestore.db.id: 2026-01-22 10:38:15.712+0000 - 40.00KiB
                                                                [system/00000000]   neostore.nodestore.db.labels: 2026-01-20 08:54:40.287+0000 - 8.000KiB
                                                                [system/00000000]   neostore.nodestore.db.labels.id: 2026-01-22 10:38:15.699+0000 - 40.00KiB
                                                                [system/00000000]   neostore.propertystore.db: 2026-01-20 09:09:51.301+0000 - 8.000KiB
                                                                [system/00000000]   neostore.propertystore.db.arrays: 2026-01-20 08:54:40.317+0000 - 8.000KiB
                                                                [system/00000000]   neostore.propertystore.db.arrays.id: 2026-01-22 10:38:15.736+0000 - 40.00KiB
                                                                [system/00000000]   neostore.propertystore.db.id: 2026-01-22 10:38:15.748+0000 - 40.00KiB
                                                                [system/00000000]   neostore.propertystore.db.index: 2026-01-20 09:09:51.302+0000 - 8.000KiB
                                                                [system/00000000]   neostore.propertystore.db.index.id: 2026-01-22 10:38:15.724+0000 - 40.00KiB
                                                                [system/00000000]   neostore.propertystore.db.index.keys: 2026-01-20 09:09:51.308+0000 - 8.000KiB
                                                                [system/00000000]   neostore.propertystore.db.index.keys.id: 2026-01-22 10:38:15.719+0000 - 40.00KiB
                                                                [system/00000000]   neostore.propertystore.db.strings: 2026-01-20 09:09:51.307+0000 - 8.000KiB
                                                                [system/00000000]   neostore.propertystore.db.strings.id: 2026-01-22 10:38:15.732+0000 - 40.00KiB
                                                                [system/00000000]   neostore.relationshipgroupstore.db: 2026-01-20 08:54:40.365+0000 - 8.000KiB
                                                                [system/00000000]   neostore.relationshipgroupstore.db.id: 2026-01-22 10:38:15.786+0000 - 40.00KiB
                                                                [system/00000000]   neostore.relationshipgroupstore.degrees.db: 2026-01-22 10:38:15.884+0000 - 40.00KiB
                                                                [system/00000000]   neostore.relationshipstore.db: 2026-01-20 09:09:51.305+0000 - 8.000KiB
                                                                [system/00000000]   neostore.relationshipstore.db.id: 2026-01-22 10:38:15.753+0000 - 40.00KiB
                                                                [system/00000000]   neostore.relationshiptypestore.db: 2026-01-20 09:09:51.309+0000 - 8.000KiB
                                                                [system/00000000]   neostore.relationshiptypestore.db.id: 2026-01-22 10:38:15.762+0000 - 40.00KiB
                                                                [system/00000000]   neostore.relationshiptypestore.db.names: 2026-01-20 09:09:51.298+0000 - 8.000KiB
                                                                [system/00000000]   neostore.relationshiptypestore.db.names.id: 2026-01-22 10:38:15.757+0000 - 40.00KiB
                                                                [system/00000000]   neostore.schemastore.db: 2026-01-20 09:09:51.303+0000 - 8.000KiB
                                                                [system/00000000]   neostore.schemastore.db.id: 2026-01-22 10:38:15.781+0000 - 40.00KiB
                                                                [system/00000000]   schema:
                                                                [system/00000000]     index:
                                                                [system/00000000]       range-1.0:
                                                                [system/00000000]         3:
                                                                [system/00000000]           index-3: 2026-01-21 14:52:46.698+0000 - 48.00KiB
                                                                [system/00000000]         - Total: 2026-01-20 08:54:42.588+0000 - 48.00KiB
                                                                [system/00000000]         4:
                                                                [system/00000000]           index-4: 2026-01-21 14:52:46.701+0000 - 48.00KiB
                                                                [system/00000000]         - Total: 2026-01-20 08:54:42.648+0000 - 48.00KiB
                                                                [system/00000000]         7:
                                                                [system/00000000]           index-7: 2026-01-21 14:52:46.705+0000 - 48.00KiB
                                                                [system/00000000]         - Total: 2026-01-20 08:54:42.909+0000 - 48.00KiB
                                                                [system/00000000]         8:
                                                                [system/00000000]           index-8: 2026-01-21 14:52:46.709+0000 - 48.00KiB
                                                                [system/00000000]         - Total: 2026-01-20 08:54:42.940+0000 - 48.00KiB
                                                                [system/00000000]         9:
                                                                [system/00000000]           index-9: 2026-01-21 14:52:46.713+0000 - 48.00KiB
                                                                [system/00000000]         - Total: 2026-01-20 08:54:42.972+0000 - 48.00KiB
                                                                [system/00000000]       - Total: 2026-01-20 08:54:42.969+0000 - 240.0KiB
                                                                [system/00000000]       token-lookup-1.0:
                                                                [system/00000000]         1:
                                                                [system/00000000]           index-1: 2026-01-21 14:52:46.692+0000 - 48.00KiB
                                                                [system/00000000]         - Total: 2026-01-20 08:54:41.259+0000 - 48.00KiB
                                                                [system/00000000]         2:
                                                                [system/00000000]           index-2: 2026-01-21 14:52:46.696+0000 - 48.00KiB
                                                                [system/00000000]         - Total: 2026-01-20 08:54:41.209+0000 - 48.00KiB
                                                                [system/00000000]       - Total: 2026-01-20 08:54:41.258+0000 - 96.00KiB
                                                                [system/00000000]     - Total: 2026-01-20 08:54:42.585+0000 - 336.0KiB
                                                                [system/00000000]   - Total: 2026-01-20 08:54:41.205+0000 - 336.0KiB
                                                                [system/00000000] Storage summary: 
                                                                [system/00000000]   Total size of store: 1.125MiB
                                                                [system/00000000]   Total size of mapped files: 456.0KiB
                                                                [system/00000000] 
                                                                [system/00000000] --------------------------------------------------------------------------------
                                                                [system/00000000]                               [ Transaction log ]                               
                                                                [system/00000000] --------------------------------------------------------------------------------
                                                                [system/00000000] Transaction log files stored on file store: fakeowner
                                                                [system/00000000] Transaction log metadata:
                                                                [system/00000000]  - current kernel version used in transactions: V5_22
                                                                [system/00000000]  - last committed transaction id: 41
                                                                [system/00000000] Transaction log files:
                                                                [system/00000000]  - existing transaction log versions: 0-0
                                                                [system/00000000]  - oldest append index 2 found in log with version 0
                                                                [system/00000000]  - files: (filename : creation date - size)
                                                                [system/00000000]      neostore.transaction.db.0: 2026-01-20 08:54:40.682+0000 - 256.0MiB
                                                                [system/00000000]  - total size of files: 256.0MiB
                                                                [system/00000000] Checkpoint log files:
                                                                [system/00000000]  - existing checkpoint log versions: 0-0
                                                                [system/00000000]  - last checkpoint: CheckpointInfo[oldestNotVisibleTransactionLogPosition=LogPosition{logVersion=0, byteOffset=24028}, transactionLogPosition=LogPosition{logVersion=0, byteOffset=24028}, storeId=StoreId{creationTime=1768899280374, random=-6912260248954375244, storageEngineName='record', formatName='aligned', majorVersion=1, minorVersion=1}, checkpointEntryPosition=LogPosition{logVersion=0, byteOffset=592}, channelPositionAfterCheckpoint=LogPosition{logVersion=0, byteOffset=824}, checkpointFilePostReadPosition=LogPosition{logVersion=0, byteOffset=824}, kernelVersion=KernelVersion{V5_22,version=18}, kernelVersionByte=18, transactionId=TransactionId[id=41, appendIndex=41, kernelVersion=KernelVersion{V5_22,version=18}, checksum=-467039588, commitTimestamp=1768899283028, consensusIndex=-1], appendIndex=41, reason=Checkpoint triggered by "Database shutdown" @ txId: 41, consensusIndexInCheckpoint=true]
                                                                [system/00000000] 
                                                                [system/00000000] --------------------------------------------------------------------------------
                                                                [system/00000000]                                   [ Id usage ]                                  
                                                                [system/00000000] --------------------------------------------------------------------------------
                                                                [system/00000000] ArrayPropertyStore[neostore.nodestore.db.labels]: used=1 high=0
                                                                [system/00000000] NodeStore[neostore.nodestore.db]: used=7 high=6
                                                                [system/00000000] StringPropertyStore[neostore.propertystore.db.index.keys]: used=47 high=46
                                                                [system/00000000] PropertyIndexStore[neostore.propertystore.db.index]: used=33 high=32
                                                                [system/00000000] StringPropertyStore[neostore.propertystore.db.strings]: used=3 high=2
                                                                [system/00000000] ArrayPropertyStore[neostore.propertystore.db.arrays]: used=1 high=0
                                                                [system/00000000] PropertyStore[neostore.propertystore.db]: used=73 high=72
                                                                [system/00000000] RelationshipStore[neostore.relationshipstore.db]: used=3 high=2
                                                                [system/00000000] StringPropertyStore[neostore.relationshiptypestore.db.names]: used=3 high=2
                                                                [system/00000000] RelationshipTypeStore[neostore.relationshiptypestore.db]: used=2 high=1
                                                                [system/00000000] StringPropertyStore[neostore.labeltokenstore.db.names]: used=6 high=5
                                                                [system/00000000] LabelTokenStore[neostore.labeltokenstore.db]: used=5 high=4
                                                                [system/00000000] SchemaStore[neostore.schemastore.db]: used=13 high=12
                                                                [system/00000000] RelationshipGroupStore[neostore.relationshipgroupstore.db]: used=1 high=0
                                                                [system/00000000] NeoStore[neostore]: used=-1 high=-1
                                                                [system/00000000] 
                                                                [system/00000000] --------------------------------------------------------------------------------
                                                                [system/00000000]                                   [ Metadata ]                                  
                                                                [system/00000000] --------------------------------------------------------------------------------
                                                                [system/00000000] EXTERNAL_STORE_UUID (Database identifier exposed as external store identity. Generated on creation and never updated): 11492661-349b-4c9e-8bae-3bd39e9b80e6
                                                                [system/00000000] DATABASE_ID (The last used DatabaseId for this database): null
                                                                [system/00000000] LEGACY_STORE_VERSION (Legacy store format version. This field is used from 5.0 onwards only to distinguish non-migrated pre 5.0 metadata stores.): -3523014627327384477
                                                                [system/00000000] STORE_ID (Store ID): StoreId{creationTime=1768899280374, random=-6912260248954375244, storageEngineName='record', formatName='aligned', majorVersion=1, minorVersion=1}
                                                                [system/00000000] 
2026-01-22 10:38:16.608+0000 INFO  [o.n.k.i.a.i.IndexingService] [system/00000000] IndexingService.init: indexes not specifically mentioned above are ONLINE. Total 7 indexes. Processed in 119ms
2026-01-22 10:38:16.617+0000 INFO  [o.n.k.a.DatabaseAvailabilityGuard] [system/00000000] Requirement `Database unavailable` makes database system unavailable.
2026-01-22 10:38:16.618+0000 INFO  [o.n.k.a.DatabaseAvailabilityGuard] [system/00000000] DatabaseId{00000000[system]} is unavailable.
2026-01-22 10:38:16.722+0000 INFO  [o.n.k.d.Database] [system/00000000] Starting transaction log [/data/transactions/system/neostore.transaction.db.0] at version=0
2026-01-22 10:38:16.747+0000 INFO  [o.n.k.d.Database] [system/00000000] Starting transaction log [/data/transactions/system/checkpoint.0] at version=0
2026-01-22 10:38:16.753+0000 INFO  [o.n.k.i.t.l.f.c.CheckpointLogFile] [system/00000000] Scanning log file with version 0 for checkpoint entries
2026-01-22 10:38:16.774+0000 INFO  [o.n.k.i.a.i.IndexingService] [system/00000000] IndexingService.start: indexes not specifically mentioned above are ONLINE. Total 7 indexes. Processed in 0ms
2026-01-22 10:38:16.786+0000 INFO  [o.n.k.a.DatabaseAvailabilityGuard] [system/00000000] Fulfilling of requirement 'Database unavailable' makes database system available.
2026-01-22 10:38:16.787+0000 INFO  [o.n.k.a.DatabaseAvailabilityGuard] [system/00000000] DatabaseId{00000000[system]} is ready.
2026-01-22 10:38:16.844+0000 WARN  [o.n.k.a.p.GlobalProcedures] Failed to load `com.opencsv.bean.BeanFieldJoinStringIndex` from plugin jar `/var/lib/neo4j/plugins/apoc.jar`: java.lang.NoClassDefFoundError: org/apache/commons/collections4/MultiValuedMap
2026-01-22 10:38:16.850+0000 WARN  [o.n.k.a.p.GlobalProcedures] Failed to load `com.jayway.jsonpath.spi.mapper.JakartaMappingProvider` from plugin jar `/var/lib/neo4j/plugins/apoc.jar`: java.lang.NoClassDefFoundError: jakarta/json/stream/JsonParser
2026-01-22 10:38:16.922+0000 WARN  [o.n.k.a.p.GlobalProcedures] Failed to load `com.opencsv.bean.AbstractMappingStrategy` from plugin jar `/var/lib/neo4j/plugins/apoc.jar`: java.lang.NoClassDefFoundError: org/apache/commons/collections4/MultiValuedMap
2026-01-22 10:38:16.934+0000 WARN  [o.n.k.a.p.GlobalProcedures] Failed to load `com.opencsv.bean.concurrent.BeanExecutor` from plugin jar `/var/lib/neo4j/plugins/apoc.jar`: java.lang.NoClassDefFoundError: org/apache/commons/collections4/ListValuedMap
2026-01-22 10:38:16.969+0000 WARN  [o.n.k.a.p.GlobalProcedures] Failed to load `com.opencsv.bean.HeaderIndex` from plugin jar `/var/lib/neo4j/plugins/apoc.jar`: java.lang.NoClassDefFoundError: org/apache/commons/collections4/MultiValuedMap
2026-01-22 10:38:16.973+0000 WARN  [o.n.k.a.p.GlobalProcedures] Failed to load `com.opencsv.bean.FuzzyMappingStrategy` from plugin jar `/var/lib/neo4j/plugins/apoc.jar`: java.lang.NoClassDefFoundError: org/apache/commons/collections4/MultiValuedMap
2026-01-22 10:38:16.979+0000 WARN  [o.n.k.a.p.GlobalProcedures] Failed to load `net.minidev.asm.ASMUtil` from plugin jar `/var/lib/neo4j/plugins/apoc.jar`: java.lang.NoClassDefFoundError: org/objectweb/asm/MethodVisitor
2026-01-22 10:38:16.980+0000 WARN  [o.n.k.a.p.GlobalProcedures] Failed to load `apoc.util.hdfs.HDFSUtils$1` from plugin jar `/var/lib/neo4j/plugins/apoc.jar`: java.lang.NoClassDefFoundError: org/apache/hadoop/fs/FSDataInputStream
2026-01-22 10:38:16.981+0000 WARN  [o.n.k.a.p.GlobalProcedures] Failed to load `com.opencsv.bean.BeanFieldJoin` from plugin jar `/var/lib/neo4j/plugins/apoc.jar`: java.lang.NoClassDefFoundError: org/apache/commons/collections4/MultiValuedMap
2026-01-22 10:38:16.982+0000 WARN  [o.n.k.a.p.GlobalProcedures] Failed to load `META-INF.versions.9.module-info` from plugin jar `/var/lib/neo4j/plugins/apoc.jar`: java.lang.NoClassDefFoundError: META-INF/versions/9/module-info is not a class because access_flag ACC_MODULE is set
2026-01-22 10:38:17.002+0000 WARN  [o.n.k.a.p.GlobalProcedures] Failed to load `com.jayway.jsonpath.spi.json.JakartaJsonProvider$JsonObjectProxy$1` from plugin jar `/var/lib/neo4j/plugins/apoc.jar`: java.lang.NoClassDefFoundError: jakarta/json/JsonObject
2026-01-22 10:38:17.007+0000 WARN  [o.n.k.a.p.GlobalProcedures] Failed to load `com.opencsv.bean.customconverter.ConvertGermanToBoolean` from plugin jar `/var/lib/neo4j/plugins/apoc.jar`: java.lang.NoClassDefFoundError: org/apache/commons/beanutils/ConversionException
2026-01-22 10:38:17.019+0000 WARN  [o.n.k.a.p.GlobalProcedures] Failed to load `com.opencsv.bean.StatefulBeanToCsv` from plugin jar `/var/lib/neo4j/plugins/apoc.jar`: java.lang.NoClassDefFoundError: org/apache/commons/collections4/MultiValuedMap
2026-01-22 10:38:17.021+0000 WARN  [o.n.k.a.p.GlobalProcedures] Failed to load `com.opencsv.bean.HeaderNameBaseMappingStrategy` from plugin jar `/var/lib/neo4j/plugins/apoc.jar`: java.lang.NoClassDefFoundError: org/apache/commons/collections4/MultiValuedMap
2026-01-22 10:38:17.024+0000 WARN  [o.n.k.a.p.GlobalProcedures] Failed to load `com.jayway.jsonpath.spi.mapper.JakartaMappingProvider$JsonStructureScope` from plugin jar `/var/lib/neo4j/plugins/apoc.jar`: java.lang.NoClassDefFoundError: jakarta/json/JsonValue
2026-01-22 10:38:17.026+0000 WARN  [o.n.k.a.p.GlobalProcedures] Failed to load `com.opencsv.bean.concurrent.IntolerantThreadPoolExecutor` from plugin jar `/var/lib/neo4j/plugins/apoc.jar`: java.lang.NoClassDefFoundError: org/apache/commons/collections4/ListValuedMap
2026-01-22 10:38:17.060+0000 WARN  [o.n.k.a.p.GlobalProcedures] Failed to load `com.opencsv.bean.customconverter.ConverterLanguageToBoolean` from plugin jar `/var/lib/neo4j/plugins/apoc.jar`: java.lang.NoClassDefFoundError: org/apache/commons/beanutils/ConversionException
2026-01-22 10:38:17.105+0000 WARN  [o.n.k.a.p.GlobalProcedures] Failed to load `com.opencsv.bean.customconverter.ConvertFrenchToBoolean` from plugin jar `/var/lib/neo4j/plugins/apoc.jar`: java.lang.NoClassDefFoundError: org/apache/commons/beanutils/ConversionException
2026-01-22 10:38:17.106+0000 WARN  [o.n.k.a.p.GlobalProcedures] Failed to load `com.opencsv.bean.ColumnPositionMappingStrategy` from plugin jar `/var/lib/neo4j/plugins/apoc.jar`: java.lang.NoClassDefFoundError: org/apache/commons/collections4/MultiValuedMap
2026-01-22 10:38:17.114+0000 WARN  [o.n.k.a.p.GlobalProcedures] Failed to load `com.jayway.jsonpath.spi.mapper.JakartaMappingProvider$JsonObjectScope` from plugin jar `/var/lib/neo4j/plugins/apoc.jar`: java.lang.NoClassDefFoundError: jakarta/json/JsonValue
2026-01-22 10:38:17.120+0000 WARN  [o.n.k.a.p.GlobalProcedures] Failed to load `apoc.util.google.cloud.GCStorageURLConnection` from plugin jar `/var/lib/neo4j/plugins/apoc.jar`: java.lang.NoClassDefFoundError: com/google/cloud/storage/Storage
2026-01-22 10:38:17.128+0000 WARN  [o.n.k.a.p.GlobalProcedures] Failed to load `com.jayway.jsonpath.spi.json.JakartaJsonProvider` from plugin jar `/var/lib/neo4j/plugins/apoc.jar`: java.lang.NoClassDefFoundError: jakarta/json/JsonObject
2026-01-22 10:38:17.142+0000 WARN  [o.n.k.a.p.GlobalProcedures] Failed to load `com.opencsv.bean.CsvToBeanBuilder` from plugin jar `/var/lib/neo4j/plugins/apoc.jar`: java.lang.NoClassDefFoundError: org/apache/commons/collections4/ListValuedMap
2026-01-22 10:38:17.165+0000 WARN  [o.n.k.a.p.GlobalProcedures] Failed to load `com.jayway.jsonpath.spi.json.JakartaJsonProvider$JsonArrayProxy` from plugin jar `/var/lib/neo4j/plugins/apoc.jar`: java.lang.NoClassDefFoundError: jakarta/json/JsonArray
2026-01-22 10:38:17.185+0000 WARN  [o.n.k.a.p.GlobalProcedures] Failed to load `com.opencsv.bean.FieldMapByPosition$1` from plugin jar `/var/lib/neo4j/plugins/apoc.jar`: java.lang.NoClassDefFoundError: org/apache/commons/collections4/iterators/LazyIteratorChain
2026-01-22 10:38:17.188+0000 WARN  [o.n.k.a.p.GlobalProcedures] Failed to load `com.opencsv.bean.HeaderColumnNameMappingStrategy` from plugin jar `/var/lib/neo4j/plugins/apoc.jar`: java.lang.NoClassDefFoundError: org/apache/commons/collections4/MultiValuedMap
2026-01-22 10:38:17.193+0000 WARN  [o.n.k.a.p.GlobalProcedures] Failed to load `apoc.util.hdfs.HDFSUtils` from plugin jar `/var/lib/neo4j/plugins/apoc.jar`: java.lang.NoClassDefFoundError: org/apache/hadoop/fs/FSDataOutputStream
2026-01-22 10:38:17.213+0000 WARN  [o.n.k.a.p.GlobalProcedures] Failed to load `com.jayway.jsonpath.spi.json.JakartaJsonProvider$JsonArrayProxy$1` from plugin jar `/var/lib/neo4j/plugins/apoc.jar`: java.lang.NoClassDefFoundError: jakarta/json/JsonValue
2026-01-22 10:38:17.218+0000 WARN  [o.n.k.a.p.GlobalProcedures] Failed to load `com.jayway.jsonpath.spi.json.JakartaJsonProvider$JsonArrayProxy$2` from plugin jar `/var/lib/neo4j/plugins/apoc.jar`: java.lang.NoClassDefFoundError: jakarta/json/JsonValue
2026-01-22 10:38:17.233+0000 WARN  [o.n.k.a.p.GlobalProcedures] Failed to load `com.opencsv.bean.StatefulBeanToCsvBuilder` from plugin jar `/var/lib/neo4j/plugins/apoc.jar`: java.lang.NoClassDefFoundError: org/apache/commons/collections4/ListValuedMap
2026-01-22 10:38:17.238+0000 WARN  [o.n.k.a.p.GlobalProcedures] Failed to load `com.opencsv.bean.HeaderColumnNameTranslateMappingStrategy` from plugin jar `/var/lib/neo4j/plugins/apoc.jar`: java.lang.NoClassDefFoundError: org/apache/commons/collections4/MultiValuedMap
2026-01-22 10:38:17.250+0000 WARN  [o.n.k.a.p.GlobalProcedures] Failed to load `apoc.util.s3.S3URLConnection` from plugin jar `/var/lib/neo4j/plugins/apoc.jar`: java.lang.NoClassDefFoundError: com/amazonaws/ClientConfiguration
2026-01-22 10:38:17.252+0000 WARN  [o.n.k.a.p.GlobalProcedures] Failed to load `com.opencsv.bean.BeanFieldJoinIntegerIndex` from plugin jar `/var/lib/neo4j/plugins/apoc.jar`: java.lang.NoClassDefFoundError: org/apache/commons/collections4/MultiValuedMap
2026-01-22 10:38:17.252+0000 WARN  [o.n.k.a.p.GlobalProcedures] Failed to load `com.jayway.jsonpath.spi.json.JsonOrgJsonProvider` from plugin jar `/var/lib/neo4j/plugins/apoc.jar`: java.lang.NoClassDefFoundError: org/json/JSONException
2026-01-22 10:38:17.255+0000 WARN  [o.n.k.a.p.GlobalProcedures] Failed to load `com.opencsv.bean.concurrent.LineExecutor` from plugin jar `/var/lib/neo4j/plugins/apoc.jar`: java.lang.NoClassDefFoundError: org/apache/commons/collections4/ListValuedMap
2026-01-22 10:38:17.267+0000 WARN  [o.n.k.a.p.GlobalProcedures] Failed to load `net.minidev.asm.BeansAccessBuilder` from plugin jar `/var/lib/neo4j/plugins/apoc.jar`: java.lang.NoClassDefFoundError: org/objectweb/asm/MethodVisitor
2026-01-22 10:38:17.278+0000 WARN  [o.n.k.a.p.GlobalProcedures] Failed to load `com.jayway.jsonpath.spi.json.JakartaJsonProvider$JsonObjectProxy` from plugin jar `/var/lib/neo4j/plugins/apoc.jar`: java.lang.NoClassDefFoundError: jakarta/json/JsonObject
2026-01-22 10:38:17.283+0000 WARN  [o.n.k.a.p.GlobalProcedures] Failed to load `com.opencsv.bean.MappingStrategy` from plugin jar `/var/lib/neo4j/plugins/apoc.jar`: java.lang.NoClassDefFoundError: org/apache/commons/collections4/MultiValuedMap
2026-01-22 10:38:17.333+0000 WARN  [o.n.k.a.p.GlobalProcedures] Failed to load `apoc.util.s3.S3OutputStream$S3UploadManager` from plugin jar `/var/lib/neo4j/plugins/apoc.jar`: java.lang.NoClassDefFoundError: com/amazonaws/services/s3/AmazonS3
2026-01-22 10:38:17.346+0000 WARN  [o.n.k.a.p.GlobalProcedures] Failed to load `com.jayway.jsonpath.spi.mapper.JakartaMappingProvider$JsonArrayScope` from plugin jar `/var/lib/neo4j/plugins/apoc.jar`: java.lang.NoClassDefFoundError: jakarta/json/JsonValue
2026-01-22 10:38:17.348+0000 WARN  [o.n.k.a.p.GlobalProcedures] Failed to load `com.opencsv.bean.ConverterPrimitiveTypes` from plugin jar `/var/lib/neo4j/plugins/apoc.jar`: java.lang.NoClassDefFoundError: org/apache/commons/beanutils/ConversionException
2026-01-22 10:38:17.351+0000 WARN  [o.n.k.a.p.GlobalProcedures] Failed to load `apoc.util.s3.S3Aws` from plugin jar `/var/lib/neo4j/plugins/apoc.jar`: java.lang.NoClassDefFoundError: com/amazonaws/auth/AWSCredentials
2026-01-22 10:38:17.353+0000 WARN  [o.n.k.a.p.GlobalProcedures] Failed to load `com.jayway.jsonpath.spi.mapper.JakartaMappingProvider$JsonStructureToParserAdapter` from plugin jar `/var/lib/neo4j/plugins/apoc.jar`: java.lang.NoClassDefFoundError: jakarta/json/stream/JsonParser
2026-01-22 10:38:17.357+0000 WARN  [o.n.k.a.p.GlobalProcedures] Failed to load `com.opencsv.bean.concurrent.AccumulateCsvResults` from plugin jar `/var/lib/neo4j/plugins/apoc.jar`: java.lang.NoClassDefFoundError: org/apache/commons/collections4/ListValuedMap
2026-01-22 10:38:17.360+0000 WARN  [o.n.k.a.p.GlobalProcedures] Failed to load `apoc.util.s3.S3Aws$1` from plugin jar `/var/lib/neo4j/plugins/apoc.jar`: java.lang.NoClassDefFoundError: com/amazonaws/services/s3/model/S3ObjectInputStream
2026-01-22 10:38:18.448+0000 WARN  [o.n.k.a.p.GlobalProcedures] Use of @Procedure(deprecatedBy) without @Deprecated in apoc.convert.toTree
2026-01-22 10:38:18.696+0000 INFO  [o.n.s.s.s.UserSecurityGraphComponent] Performing postInitialization step for component 'security-users' with version 5 and status CURRENT
2026-01-22 10:38:18.697+0000 INFO  [o.n.s.s.s.UserSecurityGraphComponent] Updating the initial password in component 'security-users'
2026-01-22 10:38:18.736+0000 INFO  [o.n.d.d.DatabaseLifecycles] Creating 'DatabaseId{f7f14abc[neo4j]}'.
2026-01-22 10:38:18.740+0000 INFO  [o.n.d.d.DatabaseLifecycles] Starting 'DatabaseId{f7f14abc[neo4j]}'.
2026-01-22 10:38:18.765+0000 INFO  [o.n.k.i.t.l.f.c.CheckpointLogFile] [neo4j/f7f14abc] Scanning log file with version 0 for checkpoint entries
2026-01-22 10:38:18.782+0000 INFO  [o.n.k.i.s.f.RecordFormatSelector] [neo4j/f7f14abc] Selected RecordFormat:PageAlignedV5_0[aligned-1.1] record format from store /data/databases/neo4j
2026-01-22 10:38:18.782+0000 INFO  [o.n.k.i.s.f.RecordFormatSelector] [neo4j/f7f14abc] Selected format from the store files: RecordFormat:PageAlignedV5_0[aligned-1.1]
2026-01-22 10:38:18.871+0000 INFO  [o.n.i.d.DiagnosticsManager] [neo4j/f7f14abc] 
                                                                [neo4j/f7f14abc] ********************************************************************************
                                                                [neo4j/f7f14abc]                               [ Database: neo4j ]                               
                                                                [neo4j/f7f14abc] ********************************************************************************
                                                                [neo4j/f7f14abc] --------------------------------------------------------------------------------
                                                                [neo4j/f7f14abc]                                   [ Version ]                                   
                                                                [neo4j/f7f14abc] --------------------------------------------------------------------------------
                                                                [neo4j/f7f14abc] DBMS: community record-aligned-1.1
                                                                [neo4j/f7f14abc] Kernel version: 5.22.0
                                                                [neo4j/f7f14abc] 
                                                                [neo4j/f7f14abc] --------------------------------------------------------------------------------
                                                                [neo4j/f7f14abc]                                 [ Store files ]                                 
                                                                [neo4j/f7f14abc] --------------------------------------------------------------------------------
                                                                [neo4j/f7f14abc] Disk space on partition (Total / Free / Free %): 494384795648 / 23228039168 / 4
                                                                [neo4j/f7f14abc] Storage files stored on file store: fakeowner
                                                                [neo4j/f7f14abc] Storage files: (filename : modification date - size)
                                                                [neo4j/f7f14abc]   database_lock: 2026-01-20 08:54:14.394+0000 - 0B
                                                                [neo4j/f7f14abc]   neostore: 2026-01-20 08:54:16.238+0000 - 8.000KiB
                                                                [neo4j/f7f14abc]   neostore.counts.db: 2026-01-22 10:38:18.838+0000 - 48.00KiB
                                                                [neo4j/f7f14abc]   neostore.indexstats.db: 2026-01-22 10:38:18.844+0000 - 48.00KiB
                                                                [neo4j/f7f14abc]   neostore.labeltokenstore.db: 2026-01-20 09:12:23.652+0000 - 8.000KiB
                                                                [neo4j/f7f14abc]   neostore.labeltokenstore.db.id: 2026-01-22 10:38:18.828+0000 - 40.00KiB
                                                                [neo4j/f7f14abc]   neostore.labeltokenstore.db.names: 2026-01-20 09:12:23.661+0000 - 8.000KiB
                                                                [neo4j/f7f14abc]   neostore.labeltokenstore.db.names.id: 2026-01-22 10:38:18.824+0000 - 40.00KiB
                                                                [neo4j/f7f14abc]   neostore.nodestore.db: 2026-01-20 09:12:23.657+0000 - 656.0KiB
                                                                [neo4j/f7f14abc]   neostore.nodestore.db.id: 2026-01-22 10:38:18.793+0000 - 48.00KiB
                                                                [neo4j/f7f14abc]   neostore.nodestore.db.labels: 2026-01-20 08:54:16.144+0000 - 8.000KiB
                                                                [neo4j/f7f14abc]   neostore.nodestore.db.labels.id: 2026-01-22 10:38:18.789+0000 - 40.00KiB
                                                                [neo4j/f7f14abc]   neostore.propertystore.db: 2026-01-20 09:12:23.654+0000 - 2.828MiB
                                                                [neo4j/f7f14abc]   neostore.propertystore.db.arrays: 2026-01-20 09:12:23.658+0000 - 120.0KiB
                                                                [neo4j/f7f14abc]   neostore.propertystore.db.arrays.id: 2026-01-22 10:38:18.805+0000 - 40.00KiB
                                                                [neo4j/f7f14abc]   neostore.propertystore.db.id: 2026-01-22 10:38:18.809+0000 - 48.00KiB
                                                                [neo4j/f7f14abc]   neostore.propertystore.db.index: 2026-01-20 09:12:23.656+0000 - 8.000KiB
                                                                [neo4j/f7f14abc]   neostore.propertystore.db.index.id: 2026-01-22 10:38:18.799+0000 - 40.00KiB
                                                                [neo4j/f7f14abc]   neostore.propertystore.db.index.keys: 2026-01-20 09:12:23.661+0000 - 8.000KiB
                                                                [neo4j/f7f14abc]   neostore.propertystore.db.index.keys.id: 2026-01-22 10:38:18.796+0000 - 40.00KiB
                                                                [neo4j/f7f14abc]   neostore.propertystore.db.strings: 2026-01-20 08:54:17.292+0000 - 3.203MiB
                                                                [neo4j/f7f14abc]   neostore.propertystore.db.strings.id: 2026-01-22 10:38:18.802+0000 - 48.00KiB
                                                                [neo4j/f7f14abc]   neostore.relationshipgroupstore.db: 2026-01-20 08:54:20.370+0000 - 8.000KiB
                                                                [neo4j/f7f14abc]   neostore.relationshipgroupstore.db.id: 2026-01-22 10:38:18.833+0000 - 40.00KiB
                                                                [neo4j/f7f14abc]   neostore.relationshipgroupstore.degrees.db: 2026-01-22 10:38:18.840+0000 - 40.00KiB
                                                                [neo4j/f7f14abc]   neostore.relationshipstore.db: 2026-01-20 08:54:20.381+0000 - 4.391MiB
                                                                [neo4j/f7f14abc]   neostore.relationshipstore.db.id: 2026-01-22 10:38:18.811+0000 - 48.00KiB
                                                                [neo4j/f7f14abc]   neostore.relationshiptypestore.db: 2026-01-20 08:54:17.572+0000 - 8.000KiB
                                                                [neo4j/f7f14abc]   neostore.relationshiptypestore.db.id: 2026-01-22 10:38:18.819+0000 - 40.00KiB
                                                                [neo4j/f7f14abc]   neostore.relationshiptypestore.db.names: 2026-01-20 08:54:17.575+0000 - 8.000KiB
                                                                [neo4j/f7f14abc]   neostore.relationshiptypestore.db.names.id: 2026-01-22 10:38:18.814+0000 - 40.00KiB
                                                                [neo4j/f7f14abc]   neostore.schemastore.db: 2026-01-20 08:54:20.367+0000 - 8.000KiB
                                                                [neo4j/f7f14abc]   neostore.schemastore.db.id: 2026-01-22 10:38:18.830+0000 - 40.00KiB
                                                                [neo4j/f7f14abc]   schema:
                                                                [neo4j/f7f14abc]     index:
                                                                [neo4j/f7f14abc]       token-lookup-1.0:
                                                                [neo4j/f7f14abc]         1:
                                                                [neo4j/f7f14abc]           index-1: 2026-01-21 14:52:45.960+0000 - 104.0KiB
                                                                [neo4j/f7f14abc]         - Total: 2026-01-20 08:54:20.128+0000 - 104.0KiB
                                                                [neo4j/f7f14abc]         2:
                                                                [neo4j/f7f14abc]           index-2: 2026-01-21 14:52:45.989+0000 - 536.0KiB
                                                                [neo4j/f7f14abc]         - Total: 2026-01-20 08:54:20.222+0000 - 536.0KiB
                                                                [neo4j/f7f14abc]       - Total: 2026-01-20 08:54:20.221+0000 - 640.0KiB
                                                                [neo4j/f7f14abc]     - Total: 2026-01-20 08:54:20.122+0000 - 640.0KiB
                                                                [neo4j/f7f14abc]   - Total: 2026-01-20 08:54:20.121+0000 - 640.0KiB
                                                                [neo4j/f7f14abc] Storage summary: 
                                                                [neo4j/f7f14abc]   Total size of store: 12.59MiB
                                                                [neo4j/f7f14abc]   Total size of mapped files: 11.88MiB
                                                                [neo4j/f7f14abc] 
                                                                [neo4j/f7f14abc] --------------------------------------------------------------------------------
                                                                [neo4j/f7f14abc]                               [ Transaction log ]                               
                                                                [neo4j/f7f14abc] --------------------------------------------------------------------------------
                                                                [neo4j/f7f14abc] Transaction log files stored on file store: fakeowner
                                                                [neo4j/f7f14abc] Transaction log metadata:
                                                                [neo4j/f7f14abc]  - current kernel version used in transactions: V5_22
                                                                [neo4j/f7f14abc]  - last committed transaction id: 6
                                                                [neo4j/f7f14abc] Transaction log files:
                                                                [neo4j/f7f14abc]  - existing transaction log versions: 0-0
                                                                [neo4j/f7f14abc]  - oldest append index 2 found in log with version 0
                                                                [neo4j/f7f14abc]  - files: (filename : creation date - size)
                                                                [neo4j/f7f14abc]      neostore.transaction.db.0: 2026-01-20 08:54:19.079+0000 - 256.0MiB
                                                                [neo4j/f7f14abc]  - total size of files: 256.0MiB
                                                                [neo4j/f7f14abc] Checkpoint log files:
                                                                [neo4j/f7f14abc]  - existing checkpoint log versions: 0-0
                                                                [neo4j/f7f14abc]  - last checkpoint: CheckpointInfo[oldestNotVisibleTransactionLogPosition=LogPosition{logVersion=0, byteOffset=135488}, transactionLogPosition=LogPosition{logVersion=0, byteOffset=135488}, storeId=StoreId{creationTime=1768899256234, random=2047471587196363487, storageEngineName='record', formatName='aligned', majorVersion=1, minorVersion=1}, checkpointEntryPosition=LogPosition{logVersion=0, byteOffset=592}, channelPositionAfterCheckpoint=LogPosition{logVersion=0, byteOffset=824}, checkpointFilePostReadPosition=LogPosition{logVersion=0, byteOffset=824}, kernelVersion=KernelVersion{V5_22,version=18}, kernelVersionByte=18, transactionId=TransactionId[id=6, appendIndex=6, kernelVersion=KernelVersion{V5_22,version=18}, checksum=2146473090, commitTimestamp=1768899698024, consensusIndex=-1], appendIndex=6, reason=Checkpoint triggered by "Database shutdown" @ txId: 6, consensusIndexInCheckpoint=true]
                                                                [neo4j/f7f14abc] 
                                                                [neo4j/f7f14abc] --------------------------------------------------------------------------------
                                                                [neo4j/f7f14abc]                                   [ Id usage ]                                  
                                                                [neo4j/f7f14abc] --------------------------------------------------------------------------------
                                                                [neo4j/f7f14abc] ArrayPropertyStore[neostore.nodestore.db.labels]: used=1 high=0
                                                                [neo4j/f7f14abc] NodeStore[neostore.nodestore.db]: used=44772 high=44771
                                                                [neo4j/f7f14abc] StringPropertyStore[neostore.propertystore.db.index.keys]: used=24 high=23
                                                                [neo4j/f7f14abc] PropertyIndexStore[neostore.propertystore.db.index]: used=14 high=13
                                                                [neo4j/f7f14abc] StringPropertyStore[neostore.propertystore.db.strings]: used=26294 high=26293
                                                                [neo4j/f7f14abc] ArrayPropertyStore[neostore.propertystore.db.arrays]: used=928 high=927
                                                                [neo4j/f7f14abc] PropertyStore[neostore.propertystore.db]: used=71849 high=71848
                                                                [neo4j/f7f14abc] RelationshipStore[neostore.relationshipstore.db]: used=134880 high=134879
                                                                [neo4j/f7f14abc] StringPropertyStore[neostore.relationshiptypestore.db.names]: used=10 high=9
                                                                [neo4j/f7f14abc] RelationshipTypeStore[neostore.relationshiptypestore.db]: used=9 high=8
                                                                [neo4j/f7f14abc] StringPropertyStore[neostore.labeltokenstore.db.names]: used=9 high=8
                                                                [neo4j/f7f14abc] LabelTokenStore[neostore.labeltokenstore.db]: used=8 high=7
                                                                [neo4j/f7f14abc] SchemaStore[neostore.schemastore.db]: used=3 high=2
                                                                [neo4j/f7f14abc] RelationshipGroupStore[neostore.relationshipgroupstore.db]: used=215 high=214
                                                                [neo4j/f7f14abc] NeoStore[neostore]: used=-1 high=-1
                                                                [neo4j/f7f14abc] 
                                                                [neo4j/f7f14abc] --------------------------------------------------------------------------------
                                                                [neo4j/f7f14abc]                                   [ Metadata ]                                  
                                                                [neo4j/f7f14abc] --------------------------------------------------------------------------------
                                                                [neo4j/f7f14abc] EXTERNAL_STORE_UUID (Database identifier exposed as external store identity. Generated on creation and never updated): 630603e7-7aba-4c67-80b2-75bd479fde53
                                                                [neo4j/f7f14abc] DATABASE_ID (The last used DatabaseId for this database): null
                                                                [neo4j/f7f14abc] LEGACY_STORE_VERSION (Legacy store format version. This field is used from 5.0 onwards only to distinguish non-migrated pre 5.0 metadata stores.): -3523014627327384477
                                                                [neo4j/f7f14abc] STORE_ID (Store ID): StoreId{creationTime=1768899256234, random=2047471587196363487, storageEngineName='record', formatName='aligned', majorVersion=1, minorVersion=1}
                                                                [neo4j/f7f14abc] 
2026-01-22 10:38:18.886+0000 INFO  [o.n.k.i.a.i.IndexingService] [neo4j/f7f14abc] IndexingService.init: indexes not specifically mentioned above are ONLINE. Total 2 indexes. Processed in 8ms
2026-01-22 10:38:18.891+0000 INFO  [o.n.k.a.DatabaseAvailabilityGuard] [neo4j/f7f14abc] Requirement `Database unavailable` makes database neo4j unavailable.
2026-01-22 10:38:18.891+0000 INFO  [o.n.k.a.DatabaseAvailabilityGuard] [neo4j/f7f14abc] DatabaseId{f7f14abc[neo4j]} is unavailable.
2026-01-22 10:38:18.907+0000 INFO  [o.n.k.d.Database] [neo4j/f7f14abc] Starting transaction log [/data/transactions/neo4j/neostore.transaction.db.0] at version=0
2026-01-22 10:38:18.919+0000 INFO  [o.n.k.d.Database] [neo4j/f7f14abc] Starting transaction log [/data/transactions/neo4j/checkpoint.0] at version=0
2026-01-22 10:38:18.922+0000 INFO  [o.n.k.i.t.l.f.c.CheckpointLogFile] [neo4j/f7f14abc] Scanning log file with version 0 for checkpoint entries
2026-01-22 10:38:18.934+0000 INFO  [o.n.k.i.a.i.IndexingService] [neo4j/f7f14abc] IndexingService.start: indexes not specifically mentioned above are ONLINE. Total 2 indexes. Processed in 0ms
2026-01-22 10:38:18.936+0000 INFO  [o.n.k.a.DatabaseAvailabilityGuard] [neo4j/f7f14abc] Fulfilling of requirement 'Database unavailable' makes database neo4j available.
2026-01-22 10:38:18.936+0000 INFO  [o.n.k.a.DatabaseAvailabilityGuard] [neo4j/f7f14abc] DatabaseId{f7f14abc[neo4j]} is ready.
2026-01-22 10:38:18.937+0000 INFO  [o.n.u.UserDataCollector] Anonymous Usage Data is being sent to Neo4j, see https://neo4j.com/docs/usage-data/
2026-01-22 10:38:19.159+0000 INFO  [o.n.b.p.c.c.n.SocketNettyConnector] Bolt enabled on 0.0.0.0:7687.
2026-01-22 10:38:19.163+0000 WARN  [i.n.b.ServerBootstrap] Unknown channel option 'SO_REUSEADDR' for channel '[id: 0x457994ba]'
2026-01-22 10:38:19.171+0000 INFO  [o.n.b.BoltServer] Bolt server started
2026-01-22 10:38:19.171+0000 INFO  [o.n.s.A.ServerComponentsLifecycleAdapter] Starting web server
2026-01-22 10:38:19.970+0000 INFO  [o.n.s.CommunityNeoWebServer] HTTP enabled on 0.0.0.0:7474.
2026-01-22 10:38:19.971+0000 INFO  [o.n.s.CommunityNeoWebServer] Remote interface available at http://localhost:7474/
2026-01-22 10:38:19.972+0000 INFO  [o.n.s.A.ServerComponentsLifecycleAdapter] Web server started.
2026-01-22 10:38:19.975+0000 INFO  [o.n.g.f.DatabaseManagementServiceFactory] id: 04267C43772DEB876CA204FC7619FA7BCA5A495AFBA6DC493C98774E6DC3FB8C
2026-01-22 10:38:19.977+0000 INFO  [o.n.g.f.DatabaseManagementServiceFactory] name: system
2026-01-22 10:38:19.977+0000 INFO  [o.n.g.f.DatabaseManagementServiceFactory] creationDate: 2026-01-20T08:54:40.374Z
2026-01-22 12:57:56.349+0000 WARN  [o.n.k.i.c.VmPauseMonitorComponent] Detected VM stop-the-world pause: {pauseTime=462, gcTime=0, gcCount=0}
2026-01-22 12:57:56.676+0000 WARN  [o.n.k.i.c.VmPauseMonitorComponent] Detected VM stop-the-world pause: {pauseTime=200, gcTime=0, gcCount=0}
2026-01-22 12:57:58.678+0000 WARN  [o.n.k.i.c.VmPauseMonitorComponent] Detected VM stop-the-world pause: {pauseTime=339, gcTime=0, gcCount=0}
2026-01-22 12:57:59.168+0000 WARN  [o.n.k.i.c.VmPauseMonitorComponent] Detected VM stop-the-world pause: {pauseTime=288, gcTime=0, gcCount=0}
2026-01-22 13:54:59.090+0000 WARN  [o.n.k.i.c.VmPauseMonitorComponent] Detected VM stop-the-world pause: {pauseTime=778, gcTime=0, gcCount=0}
2026-01-22 14:00:21.990+0000 WARN  [o.n.k.i.c.VmPauseMonitorComponent] Detected VM stop-the-world pause: {pauseTime=297, gcTime=0, gcCount=0}
2026-01-22 14:00:25.402+0000 WARN  [o.n.k.i.c.VmPauseMonitorComponent] Detected VM stop-the-world pause: {pauseTime=974, gcTime=0, gcCount=0}
2026-01-22 14:33:48.957+0000 WARN  [o.n.k.i.c.VmPauseMonitorComponent] Detected VM stop-the-world pause: {pauseTime=337, gcTime=0, gcCount=0}
2026-01-22 14:37:59.165+0000 WARN  [o.n.k.i.c.VmPauseMonitorComponent] Detected VM stop-the-world pause: {pauseTime=210, gcTime=0, gcCount=0}
2026-01-22 14:39:52.093+0000 WARN  [o.n.k.i.c.VmPauseMonitorComponent] Detected VM stop-the-world pause: {pauseTime=203, gcTime=0, gcCount=0}
2026-01-22 14:39:52.563+0000 WARN  [o.n.k.i.c.VmPauseMonitorComponent] Detected VM stop-the-world pause: {pauseTime=270, gcTime=0, gcCount=0}
2026-01-22 14:48:48.365+0000 WARN  [o.n.k.i.c.VmPauseMonitorComponent] Detected VM stop-the-world pause: {pauseTime=241, gcTime=303, gcCount=1}
2026-01-22 14:49:06.442+0000 WARN  [o.n.k.i.c.VmPauseMonitorComponent] Detected VM stop-the-world pause: {pauseTime=311, gcTime=324, gcCount=1}
2026-01-22 14:49:57.303+0000 WARN  [o.n.k.i.c.VmPauseMonitorComponent] Detected VM stop-the-world pause: {pauseTime=244, gcTime=0, gcCount=0}
2026-01-22 14:50:01.468+0000 WARN  [o.n.k.i.c.VmPauseMonitorComponent] Detected VM stop-the-world pause: {pauseTime=252, gcTime=231, gcCount=1}
2026-01-22 14:50:52.928+0000 WARN  [o.n.k.i.c.VmPauseMonitorComponent] Detected VM stop-the-world pause: {pauseTime=228, gcTime=0, gcCount=0}
2026-01-22 14:50:53.329+0000 WARN  [o.n.k.i.c.VmPauseMonitorComponent] Detected VM stop-the-world pause: {pauseTime=206, gcTime=0, gcCount=0}
2026-01-22 14:51:04.649+0000 WARN  [o.n.k.i.c.VmPauseMonitorComponent] Detected VM stop-the-world pause: {pauseTime=220, gcTime=0, gcCount=0}
2026-01-22 16:36:15.177+0000 WARN  [o.n.k.i.c.VmPauseMonitorComponent] Detected VM stop-the-world pause: {pauseTime=223, gcTime=0, gcCount=0}
2026-01-22 16:36:15.829+0000 WARN  [o.n.k.i.c.VmPauseMonitorComponent] Detected VM stop-the-world pause: {pauseTime=751, gcTime=0, gcCount=0}
2026-01-22 16:45:13.240+0000 WARN  [o.n.k.i.c.VmPauseMonitorComponent] Detected VM stop-the-world pause: {pauseTime=257, gcTime=0, gcCount=0}
2026-01-22 16:45:14.491+0000 WARN  [o.n.k.i.c.VmPauseMonitorComponent] Detected VM stop-the-world pause: {pauseTime=7911, gcTime=0, gcCount=0}
2026-01-22 16:45:17.935+0000 WARN  [o.n.k.i.c.VmPauseMonitorComponent] Detected VM stop-the-world pause: {pauseTime=210, gcTime=0, gcCount=0}
2026-01-22 16:45:18.170+0000 WARN  [o.n.k.i.c.VmPauseMonitorComponent] Detected VM stop-the-world pause: {pauseTime=380, gcTime=0, gcCount=0}
2026-01-22 20:15:22.290+0000 WARN  [o.n.k.i.c.VmPauseMonitorComponent] Detected VM stop-the-world pause: {pauseTime=901, gcTime=0, gcCount=0}
2026-01-23 00:27:55.841+0000 WARN  [o.n.k.i.c.VmPauseMonitorComponent] Detected VM stop-the-world pause: {pauseTime=943, gcTime=0, gcCount=0}
2026-01-23 00:27:57.355+0000 WARN  [o.n.k.i.c.VmPauseMonitorComponent] Detected VM stop-the-world pause: {pauseTime=2220, gcTime=0, gcCount=0}
2026-01-23 02:00:27.333+0000 WARN  [o.n.k.i.c.VmPauseMonitorComponent] Detected VM stop-the-world pause: {pauseTime=475, gcTime=0, gcCount=0}
2026-01-23 02:00:27.564+0000 WARN  [o.n.k.i.c.VmPauseMonitorComponent] Detected VM stop-the-world pause: {pauseTime=272, gcTime=0, gcCount=0}
2026-01-23 02:07:27.977+0000 WARN  [o.n.k.i.c.VmPauseMonitorComponent] Detected VM stop-the-world pause: {pauseTime=249, gcTime=0, gcCount=0}
2026-01-23 02:12:39.371+0000 WARN  [o.n.k.i.c.VmPauseMonitorComponent] Detected VM stop-the-world pause: {pauseTime=255, gcTime=0, gcCount=0}
2026-01-23 02:13:12.546+0000 WARN  [o.n.k.i.c.VmPauseMonitorComponent] Detected VM stop-the-world pause: {pauseTime=274, gcTime=0, gcCount=0}
2026-01-23 02:13:12.955+0000 WARN  [o.n.k.i.c.VmPauseMonitorComponent] Detected VM stop-the-world pause: {pauseTime=668, gcTime=0, gcCount=0}
2026-01-23 02:13:47.839+0000 WARN  [o.n.k.i.c.VmPauseMonitorComponent] Detected VM stop-the-world pause: {pauseTime=280, gcTime=0, gcCount=0}
2026-01-23 02:13:48.829+0000 WARN  [o.n.k.i.c.VmPauseMonitorComponent] Detected VM stop-the-world pause: {pauseTime=1334, gcTime=0, gcCount=0}
2026-01-23 02:13:56.076+0000 WARN  [o.n.k.i.c.VmPauseMonitorComponent] Detected VM stop-the-world pause: {pauseTime=216, gcTime=0, gcCount=0}
2026-01-23 02:13:57.305+0000 WARN  [o.n.k.i.c.VmPauseMonitorComponent] Detected VM stop-the-world pause: {pauseTime=221, gcTime=0, gcCount=0}
2026-01-23 02:13:57.896+0000 WARN  [o.n.k.i.c.VmPauseMonitorComponent] Detected VM stop-the-world pause: {pauseTime=420, gcTime=0, gcCount=0}
2026-01-23 02:28:00.756+0000 WARN  [o.n.k.i.c.VmPauseMonitorComponent] Detected VM stop-the-world pause: {pauseTime=446, gcTime=0, gcCount=0}
2026-01-23 02:28:01.100+0000 WARN  [o.n.k.i.c.VmPauseMonitorComponent] Detected VM stop-the-world pause: {pauseTime=303, gcTime=0, gcCount=0}
2026-01-23 02:28:01.758+0000 WARN  [o.n.k.i.c.VmPauseMonitorComponent] Detected VM stop-the-world pause: {pauseTime=200, gcTime=0, gcCount=0}
2026-01-23 02:28:02.602+0000 WARN  [o.n.k.i.c.VmPauseMonitorComponent] Detected VM stop-the-world pause: {pauseTime=606, gcTime=0, gcCount=0}
2026-01-23 02:28:02.980+0000 WARN  [o.n.k.i.c.VmPauseMonitorComponent] Detected VM stop-the-world pause: {pauseTime=215, gcTime=0, gcCount=0}
2026-01-23 02:28:04.732+0000 WARN  [o.n.k.i.c.VmPauseMonitorComponent] Detected VM stop-the-world pause: {pauseTime=463, gcTime=0, gcCount=0}
2026-01-23 03:14:11.722+0000 WARN  [o.n.k.i.c.VmPauseMonitorComponent] Detected VM stop-the-world pause: {pauseTime=207, gcTime=0, gcCount=0}
2026-01-23 03:14:12.679+0000 WARN  [o.n.k.i.c.VmPauseMonitorComponent] Detected VM stop-the-world pause: {pauseTime=225, gcTime=0, gcCount=0}
2026-01-23 03:44:29.356+0000 WARN  [o.n.k.i.c.VmPauseMonitorComponent] Detected VM stop-the-world pause: {pauseTime=683, gcTime=0, gcCount=0}
2026-01-23 03:46:26.177+0000 WARN  [o.n.k.i.c.VmPauseMonitorComponent] Detected VM stop-the-world pause: {pauseTime=616, gcTime=0, gcCount=0}
2026-01-23 06:04:03.973+0000 INFO  [o.n.g.f.m.GlobalModule] Logging config in use: File '/var/lib/neo4j/conf/server-logs.xml'
2026-01-23 06:04:05.147+0000 INFO  [o.n.i.d.DiagnosticsManager] 
                                                                ********************************************************************************
                                                                                             [ System diagnostics ]                             
                                                                ********************************************************************************
                                                                --------------------------------------------------------------------------------
                                                                                         [ System memory information ]                          
                                                                --------------------------------------------------------------------------------
                                                                Total Physical memory: 17.54GiB
                                                                Free Physical memory: 11.52GiB
                                                                Committed virtual memory: 5.718GiB
                                                                Total swap space: 1024MiB
                                                                Free swap space: 1024MiB
                                                                
                                                                --------------------------------------------------------------------------------
                                                                                           [ JVM memory information ]                           
                                                                --------------------------------------------------------------------------------
                                                                Free  memory: 996.6MiB
                                                                Total memory: 1.000GiB
                                                                Max   memory: 2.000GiB
                                                                Garbage Collector: G1 Young Generation: [G1 Eden Space, G1 Survivor Space, G1 Old Gen]
                                                                Garbage Collector: G1 Old Generation: [G1 Eden Space, G1 Survivor Space, G1 Old Gen]
                                                                Memory Pool: CodeHeap 'non-nmethods' (Non-heap memory): committed=2.438MiB, used=1.205MiB, max=5.570MiB, threshold=0B
                                                                Memory Pool: Metaspace (Non-heap memory): committed=21.75MiB, used=21.45MiB, max=-1B, threshold=0B
                                                                Memory Pool: CodeHeap 'profiled nmethods' (Non-heap memory): committed=5.750MiB, used=5.688MiB, max=117.2MiB, threshold=0B
                                                                Memory Pool: Compressed Class Space (Non-heap memory): committed=2.438MiB, used=2.309MiB, max=1.000GiB, threshold=0B
                                                                Memory Pool: G1 Eden Space (Heap memory): committed=642.0MiB, used=2.000MiB, max=-1B, threshold=?
                                                                Memory Pool: G1 Old Gen (Heap memory): committed=379.0MiB, used=22.26MiB, max=2.000GiB, threshold=0B
                                                                Memory Pool: G1 Survivor Space (Heap memory): committed=3.000MiB, used=2.181MiB, max=-1B, threshold=?
                                                                Memory Pool: CodeHeap 'non-profiled nmethods' (Non-heap memory): committed=2.438MiB, used=1.751MiB, max=117.2MiB, threshold=0B
                                                                
                                                                --------------------------------------------------------------------------------
                                                                                        [ Operating system information ]                        
                                                                --------------------------------------------------------------------------------
                                                                Operating System: Linux; version: 6.10.14-linuxkit; arch: aarch64; cpus: 8
                                                                Max number of file descriptors: 1048576
                                                                Number of open file descriptors: 245
                                                                Process id: 7
                                                                Byte order: LITTLE_ENDIAN
                                                                Local timezone: Etc/UTC
                                                                Memory page size: 4096
                                                                Unaligned memory access allowed: true
                                                                
                                                                --------------------------------------------------------------------------------
                                                                                              [ JVM information ]                               
                                                                --------------------------------------------------------------------------------
                                                                VM Name: OpenJDK 64-Bit Server VM
                                                                VM Vendor: Eclipse Adoptium
                                                                VM Version: 17.0.12+7
                                                                JIT compiler: HotSpot 64-Bit Tiered Compilers
                                                                VM Arguments: [-XX:+UseG1GC, -XX:-OmitStackTraceInFastThrow, -XX:+AlwaysPreTouch, -XX:+UnlockExperimentalVMOptions, -XX:+TrustFinalNonStaticFields, -XX:+DisableExplicitGC, -Djdk.nio.maxCachedBufferSize=1024, -Dio.netty.tryReflectionSetAccessible=true, -Djdk.tls.ephemeralDHKeySize=2048, -Djdk.tls.rejectClientInitiatedRenegotiation=true, -XX:FlightRecorderOptions=stackdepth=256, -XX:+UnlockDiagnosticVMOptions, -XX:+DebugNonSafepoints, --add-opens=java.base/java.nio=ALL-UNNAMED, --add-opens=java.base/java.io=ALL-UNNAMED, --add-opens=java.base/sun.nio.ch=ALL-UNNAMED, -Dlog4j2.disable.jmx=true, -Dfile.encoding=UTF-8, -Xms1048576k, -Xmx2097152k]
                                                                
                                                                --------------------------------------------------------------------------------
                                                                                               [ Java classpath ]                               
                                                                --------------------------------------------------------------------------------
                                                                 [classpath] /var/lib/neo4j/lib/neo4j-cypher-planner-5.22.0.jar
                                                                 [classpath] /var/lib/neo4j/lib/neo4j-5.22.0.jar
                                                                 [classpath] /var/lib/neo4j/lib/neo4j-procedure-api-5.22.0.jar
                                                                 [classpath] /var/lib/neo4j/lib/arrow-format-16.1.0.jar
                                                                 [classpath] /var/lib/neo4j/lib/neo4j-values-5.22.0.jar
                                                                 [classpath] /var/lib/neo4j/lib/neo4j-resource-5.22.0.jar
                                                                 [classpath] /var/lib/neo4j/lib/jetty-alpn-server-10.0.20.jar
                                                                 [classpath] /var/lib/neo4j/lib/jaxb-runtime-2.3.2.jar
                                                                 [classpath] /var/lib/neo4j/lib/neo4j-procedure-5.22.0.jar
                                                                 [classpath] /var/lib/neo4j/lib/cypher-antlr-ast-common-5.22.0.jar
                                                                 [classpath] /var/lib/neo4j/lib/jersey-container-servlet-2.34.jar
                                                                 [classpath] /var/lib/neo4j/lib/caffeine-3.1.8.jar
                                                                 [classpath] /var/lib/neo4j/lib/magnolia_2.13-1.1.8.jar
                                                                 [classpath] /var/lib/neo4j/lib/scala-library-2.13.11.jar
                                                                 [classpath] /var/lib/neo4j/lib/netty-transport-classes-epoll-4.1.111.Final.jar
                                                                 [classpath] /var/lib/neo4j/lib/neo4j-browser-5.21.0.jar
                                                                 [classpath] /var/lib/neo4j/lib/jackson-datatype-jsr310-2.17.0.jar
                                                                 [classpath] /var/lib/neo4j/lib/grpc-netty-1.65.0.jar
                                                                 [classpath] /var/lib/neo4j/lib/jetty-io-10.0.20.jar
                                                                 [classpath] /var/lib/neo4j/lib/jetty-servlet-10.0.20.jar
                                                                 [classpath] /var/lib/neo4j/lib/netty-tcnative-2.0.65.Final-linux-aarch_64.jar
                                                                 [classpath] /var/lib/neo4j/conf/*
                                                                 [classpath] /var/lib/neo4j/lib/WMI4Java-1.6.3.jar
                                                                 [classpath] /var/lib/neo4j/lib/jakarta.xml.bind-api-2.3.2.jar
                                                                 [classpath] /var/lib/neo4j/lib/jProcesses-1.6.5.jar
                                                                 [classpath] /var/lib/neo4j/lib/neo4j-import-util-5.22.0.jar
                                                                 [classpath] /var/lib/neo4j/lib/hk2-locator-2.6.1.jar
                                                                 [classpath] /var/lib/neo4j/lib/neo4j-cypher-logical-plans-5.22.0.jar
                                                                 [classpath] /var/lib/neo4j/lib/neo4j-front-end-5.22.0.jar
                                                                 [classpath] /var/lib/neo4j/lib/neo4j-spatial-index-5.22.0.jar
                                                                 [classpath] /var/lib/neo4j/lib/neo4j-ast-5.22.0.jar
                                                                 [classpath] /var/lib/neo4j/lib/eclipse-collections-api-11.1.0.jar
                                                                 [classpath] /var/lib/neo4j/lib/netty-resolver-4.1.111.Final.jar
                                                                 [classpath] /var/lib/neo4j/lib/jersey-container-servlet-core-2.34.jar
                                                                 [classpath] /var/lib/neo4j/lib/netty-handler-proxy-4.1.111.Final.jar
                                                                 [classpath] /var/lib/neo4j/lib/jansi-2.4.0.jar
                                                                 [classpath] /var/lib/neo4j/lib/jetty-xml-10.0.20.jar
                                                                 [classpath] /var/lib/neo4j/lib/jline-terminal-3.21.0.jar
                                                                 [classpath] /var/lib/neo4j/lib/grpc-protobuf-lite-1.62.2.jar
                                                                 [classpath] /var/lib/neo4j/lib/cypher-v6-parser-listener-5.22.0.jar
                                                                 [classpath] /var/lib/neo4j/lib/netty-codec-4.1.111.Final.jar
                                                                 [classpath] /var/lib/neo4j/lib/netty-tcnative-2.0.65.Final-linux-aarch_64-fedora.jar
                                                                 [classpath] /var/lib/neo4j/lib/neo4j-java-driver-5.22.0.jar
                                                                 [classpath] /var/lib/neo4j/lib/neo4j-cypher-ast-factory-5.22.0.jar
                                                                 [classpath] /var/lib/neo4j/lib/netty-transport-native-epoll-4.1.111.Final-linux-x86_64.jar
                                                                 [classpath] /var/lib/neo4j/lib/neo4j-cypher-rendering-5.22.0.jar
                                                                 [classpath] /var/lib/neo4j/lib/cypher-v6-ast-factory-5.22.0.jar
                                                                 [classpath] /var/lib/neo4j/lib/cypher-shell-5.22.0.jar
                                                                 [classpath] /var/lib/neo4j/lib/netty-handler-4.1.111.Final.jar
                                                                 [classpath] /var/lib/neo4j/lib/kiama_2.13-2.5.1.jar
                                                                 [classpath] /var/lib/neo4j/lib/jakarta.ws.rs-api-2.1.6.jar
                                                                 [classpath] /var/lib/neo4j/lib/netty-transport-native-kqueue-4.1.111.Final-osx-aarch_64.jar
                                                                 [classpath] /var/lib/neo4j/lib/neo4j-cypher-ir-5.22.0.jar
                                                                 [classpath] /var/lib/neo4j/lib/jackson-core-2.17.1.jar
                                                                 [classpath] /var/lib/neo4j/lib/istack-commons-runtime-3.0.8.jar
                                                                 [classpath] /var/lib/neo4j/lib/neo4j-cloud-5.22.0.jar
                                                                 [classpath] /var/lib/neo4j/lib/jetty-servlet-api-4.0.6.jar
                                                                 [classpath] /var/lib/neo4j/lib/neo4j-cypher-javacc-parser-5.22.0.jar
                                                                 [classpath] /var/lib/neo4j/lib/eclipse-collections-11.1.0.jar
                                                                 [classpath] /var/lib/neo4j/lib/guava-33.2.1-jre.jar
                                                                 [classpath] /var/lib/neo4j/lib/shiro-cache-2.0.0.jar
                                                                 [classpath] /var/lib/neo4j/lib/cypher-v5-literal-interpreter-5.22.0.jar
                                                                 [classpath] /var/lib/neo4j/lib/netty-common-4.1.111.Final.jar
                                                                 [classpath] /var/lib/neo4j/lib/arrow-memory-netty-16.1.0.jar
                                                                 [classpath] /var/lib/neo4j/lib/commons-text-1.12.0.jar
                                                                 [classpath] /var/lib/neo4j/lib/neo4j-index-5.22.0.jar
                                                                 [classpath] /var/lib/neo4j/lib/neo4j-slf4j-provider-5.22.0.jar
                                                                 [classpath] /var/lib/neo4j/lib/reactor-core-3.6.7.jar
                                                                 [classpath] /var/lib/neo4j/lib/jakarta.validation-api-2.0.2.jar
                                                                 [classpath] /var/lib/neo4j/lib/picocli-4.7.6.jar
                                                                 [classpath] /var/lib/neo4j/lib/shiro-crypto-hash-2.0.0.jar
                                                                 [classpath] /var/lib/neo4j/lib/neo4j-exceptions-5.22.0.jar
                                                                 [classpath] /var/lib/neo4j/lib/shiro-hashes-argon2-2.0.0.jar
                                                                 [classpath] /var/lib/neo4j/lib/neo4j-wal-5.22.0.jar
                                                                 [classpath] /var/lib/neo4j/lib/antlr4-runtime-4.13.1.jar
                                                                 [classpath] /var/lib/neo4j/lib/hk2-utils-2.6.1.jar
                                                                 [classpath] /var/lib/neo4j/lib/http2-common-10.0.20.jar
                                                                 [classpath] /var/lib/neo4j/lib/stax-ex-1.8.1.jar
                                                                 [classpath] /var/lib/neo4j/lib/netty-transport-native-unix-common-4.1.111.Final.jar
                                                                 [classpath] /var/lib/neo4j/lib/neo4j-query-router-5.22.0.jar
                                                                 [classpath] /var/lib/neo4j/lib/txw2-2.3.2.jar
                                                                 [classpath] /var/lib/neo4j/lib/jetty-webapp-10.0.20.jar
                                                                 [classpath] /var/lib/neo4j/lib/commons-lang3-3.14.0.jar
                                                                 [classpath] /var/lib/neo4j/lib/log4j-api-2.20.0.jar
                                                                 [classpath] /var/lib/neo4j/lib/neo4j-gql-status-5.22.0.jar
                                                                 [classpath] /var/lib/neo4j/lib/ipaddress-5.5.0.jar
                                                                 [classpath] /var/lib/neo4j/lib/cypher-parser-ast-common-5.22.0.jar
                                                                 [classpath] /var/lib/neo4j/lib/argparse4j-0.9.0.jar
                                                                 [classpath] /var/lib/neo4j/lib/neo4j-cypher-physical-planning-5.22.0.jar
                                                                 [classpath] /var/lib/neo4j/lib/log4j-core-2.20.0.jar
                                                                 [classpath] /var/lib/neo4j/lib/jetty-http-10.0.20.jar
                                                                 [classpath] /var/lib/neo4j/lib/commons-compress-1.26.2.jar
                                                                 [classpath] /var/lib/neo4j/lib/neo4j-util-5.22.0.jar
                                                                 [classpath] /var/lib/neo4j/lib/protobuf-java-util-3.25.3.jar
                                                                 [classpath] /var/lib/neo4j/lib/jetty-util-10.0.20.jar
                                                                 [classpath] /var/lib/neo4j/lib/lucene-analysis-common-9.11.0.jar
                                                                 [classpath] /var/lib/neo4j/lib/cypher-v5-parser-listener-5.22.0.jar
                                                                 [classpath] /var/lib/neo4j/lib/neo4j-collections-5.22.0.jar
                                                                 [classpath] /var/lib/neo4j/lib/neo4j-storage-engine-util-5.22.0.jar
                                                                 [classpath] /var/lib/neo4j/lib/arrow-memory-netty-buffer-patch-16.1.0.jar
                                                                 [classpath] /var/lib/neo4j/lib/neo4j-bolt-5.22.0.jar
                                                                 [classpath] /var/lib/neo4j/lib/neo4j-native-5.22.0.jar
                                                                 [classpath] /var/lib/neo4j/lib/jetty-server-10.0.20.jar
                                                                 [classpath] /var/lib/neo4j/lib/zstd-jni-1.5.6-3.jar
                                                                 [classpath] /var/lib/neo4j/lib/neo4j-concurrent-5.22.0.jar
                                                                 [classpath] /var/lib/neo4j/lib/cypher-antlr-common-5.22.0.jar
                                                                 [classpath] /var/lib/neo4j/lib/neo4j-token-api-5.22.0.jar
                                                                 [classpath] /var/lib/neo4j/lib/scala-collection-contrib_2.13-0.3.0.jar
                                                                 [classpath] /var/lib/neo4j/lib/animal-sniffer-annotations-1.23.jar
                                                                 [classpath] /var/lib/neo4j/lib/netty-codec-socks-4.1.111.Final.jar
                                                                 [classpath] /var/lib/neo4j/lib/cypher-v5-antlr-parser-5.22.0.jar
                                                                 [classpath] /var/lib/neo4j/lib/jersey-client-2.34.jar
                                                                 [classpath] /var/lib/neo4j/lib/jersey-hk2-2.34.jar
                                                                 [classpath] /var/lib/neo4j/lib/jetty-security-10.0.20.jar
                                                                 [classpath] /var/lib/neo4j/lib/neo4j-cypher-5.22.0.jar
                                                                 [classpath] /var/lib/neo4j/lib/zstd-proxy-5.22.0.jar
                                                                 [classpath] /var/lib/neo4j/lib/neo4j-udc-5.22.0.jar
                                                                 [classpath] /var/lib/neo4j/lib/neo4j-cypher-planner-spi-5.22.0.jar
                                                                 [classpath] /var/lib/neo4j/lib/grpc-core-1.65.0.jar
                                                                 [classpath] /var/lib/neo4j/lib/neo4j-monitoring-5.22.0.jar
                                                                 [classpath] /var/lib/neo4j/lib/jPowerShell-3.0.jar
                                                                 [classpath] /var/lib/neo4j/lib/neo4j-import-tool-5.22.0.jar
                                                                 [classpath] /var/lib/neo4j/lib/server-api-5.22.0.jar
                                                                 [classpath] /var/lib/neo4j/lib/jackson-databind-2.17.1.jar
                                                                 [classpath] /var/lib/neo4j/lib/reactive-streams-1.0.4.jar
                                                                 [classpath] /var/lib/neo4j/lib/arrow-memory-core-16.1.0.jar
                                                                 [classpath] /var/lib/neo4j/lib/neo4j-cypher-runtime-util-5.22.0.jar
                                                                 [classpath] /var/lib/neo4j/lib/neo4j-command-line-5.22.0.jar
                                                                 [classpath] /var/lib/neo4j/lib/netty-transport-native-epoll-4.1.111.Final-linux-aarch_64.jar
                                                                 [classpath] /var/lib/neo4j/lib/neo4j-record-storage-engine-5.22.0.jar
                                                                 [classpath] /var/lib/neo4j/lib/javassist-3.25.0-GA.jar
                                                                 [classpath] /var/lib/neo4j/lib/netty-tcnative-2.0.65.Final-linux-x86_64.jar
                                                                 [classpath] /var/lib/neo4j/lib/jackson-module-jaxb-annotations-2.17.1.jar
                                                                 [classpath] /var/lib/neo4j/lib/neo4j-id-generator-5.22.0.jar
                                                                 [classpath] /var/lib/neo4j/lib/neo4j-notifications-5.22.0.jar
                                                                 [classpath] /var/lib/neo4j/lib/cypher-v6-antlr-parser-5.22.0.jar
                                                                 [classpath] /var/lib/neo4j/lib/listenablefuture-9999.0-empty-to-avoid-conflict-with-guava.jar
                                                                 [classpath] /var/lib/neo4j/lib/failureaccess-1.0.2.jar
                                                                 [classpath] /var/lib/neo4j/lib/http2-hpack-10.0.20.jar
                                                                 [classpath] /var/lib/neo4j/lib/netty-codec-http-4.1.111.Final.jar
                                                                 [classpath] /var/lib/neo4j/lib/neo4j-kernel-5.22.0.jar
                                                                 [classpath] /var/lib/neo4j/lib/neo4j-layout-5.22.0.jar
                                                                 [classpath] /var/lib/neo4j/lib/cypher-parser-factory-5.22.0.jar
                                                                 [classpath] /var/lib/neo4j/lib/neo4j-unsafe-5.22.0.jar
                                                                 [classpath] /var/lib/neo4j/lib/grpc-stub-1.65.0.jar
                                                                 [classpath] /var/lib/neo4j/lib/jersey-common-2.34.jar
                                                                 [classpath] /var/lib/neo4j/lib/cypher-v5-ast-factory-5.22.0.jar
                                                                 [classpath] /var/lib/neo4j/lib/lucene-backward-codecs-9.11.0.jar
                                                                 [classpath] /var/lib/neo4j/lib/neo4j-lock-5.22.0.jar
                                                                 [classpath] /var/lib/neo4j/lib/neo4j-configuration-5.22.0.jar
                                                                 [classpath] /var/lib/neo4j/lib/neo4j-data-collector-5.22.0.jar
                                                                 [classpath] /var/lib/neo4j/lib/http2-server-10.0.20.jar
                                                                 [classpath] /var/lib/neo4j/lib/neo4j-schema-5.22.0.jar
                                                                 [classpath] /var/lib/neo4j/lib/neo4j-logging-5.22.0.jar
                                                                 [classpath] /var/lib/neo4j/lib/jackson-jaxrs-base-2.17.1.jar
                                                                 [classpath] /var/lib/neo4j/lib/neo4j-bootcheck-5.22.0.jar
                                                                 [classpath] /var/lib/neo4j/lib/neo4j-cypher-cache-5.22.0.jar
                                                                 [classpath] /var/lib/neo4j/lib/shiro-crypto-core-2.0.0.jar
                                                                 [classpath] /var/lib/neo4j/lib/neo4j-cypher-interpreted-runtime-5.22.0.jar
                                                                 [classpath] /var/lib/neo4j/lib/jna-5.14.0.jar
                                                                 [classpath] /var/lib/neo4j/lib/neo4j-common-5.22.0.jar
                                                                 [classpath] /var/lib/neo4j/lib/commons-configuration2-2.11.0.jar
                                                                 [classpath] /var/lib/neo4j/lib/netty-transport-4.1.111.Final.jar
                                                                 [classpath] /var/lib/neo4j/lib/neo4j-csv-5.22.0.jar
                                                                 [classpath] /var/lib/neo4j/lib/protobuf-java-3.25.2.jar
                                                                 [classpath] /var/lib/neo4j/lib/jline-terminal-jansi-3.21.0.jar
                                                                 [classpath] /var/lib/neo4j/lib/hk2-api-2.6.1.jar
                                                                 [classpath] /var/lib/neo4j/lib/commons-logging-1.3.2.jar
                                                                 [classpath] /var/lib/neo4j/lib/neo4j-kernel-api-5.22.0.jar
                                                                 [classpath] /var/lib/neo4j/lib/grpc-api-1.65.0.jar
                                                                 [classpath] /var/lib/neo4j/lib/cypher-parser-common-5.22.0.jar
                                                                 [classpath] /var/lib/neo4j/lib/neo4j-graphdb-api-5.22.0.jar
                                                                 [classpath] /var/lib/neo4j/lib/neo4j-graph-algo-5.22.0.jar
                                                                 [classpath] /var/lib/neo4j/lib/neo4j-cypher-config-5.22.0.jar
                                                                 [classpath] /var/lib/neo4j/lib/lucene-core-9.11.0.jar
                                                                 [classpath] /var/lib/neo4j/lib/jackson-annotations-2.17.1.jar
                                                                 [classpath] /var/lib/neo4j/lib/shiro-core-2.0.0.jar
                                                                 [classpath] /var/lib/neo4j/lib/neo4j-fabric-5.22.0.jar
                                                                 [classpath] /var/lib/neo4j/lib/jsr305-3.0.2.jar
                                                                 [classpath] /var/lib/neo4j/lib/grpc-protobuf-1.65.0.jar
                                                                 [classpath] /var/lib/neo4j/lib/shiro-lang-2.0.0.jar
                                                                 [classpath] /var/lib/neo4j/lib/commons-codec-1.17.0.jar
                                                                 [classpath] /var/lib/neo4j/lib/jakarta.activation-api-1.2.2.jar
                                                                 [classpath] /var/lib/neo4j/lib/neo4j-cypher-macros-5.22.0.jar
                                                                 [classpath] /var/lib/neo4j/lib/grpc-util-1.62.2.jar
                                                                 [classpath] /var/lib/neo4j/lib/neo4j-diagnostics-5.22.0.jar
                                                                 [classpath] /var/lib/neo4j/lib/jetty-alpn-java-server-10.0.20.jar
                                                                 [classpath] /var/lib/neo4j/lib/neo4j-fulltext-index-5.22.0.jar
                                                                 [classpath] /var/lib/neo4j/lib/jettison-1.5.4.jar
                                                                 [classpath] /var/lib/neo4j/lib/jakarta.inject-2.6.1.jar
                                                                 [classpath] /var/lib/neo4j/lib/neo4j-cypher-slotted-runtime-5.22.0.jar
                                                                 [classpath] /var/lib/neo4j/lib/netty-tcnative-classes-2.0.65.Final.jar
                                                                 [classpath] /var/lib/neo4j/lib/slf4j-api-2.0.9.jar
                                                                 [classpath] /var/lib/neo4j/lib/perfmark-api-0.26.0.jar
                                                                 [classpath] /var/lib/neo4j/lib/arrow-vector-16.1.0.jar
                                                                 [classpath] /var/lib/neo4j/lib/gson-2.11.0.jar
                                                                 [classpath] /var/lib/neo4j/lib/jline-reader-3.21.0.jar
                                                                 [classpath] /var/lib/neo4j/lib/FastInfoset-1.2.16.jar
                                                                 [classpath] /var/lib/neo4j/lib/shiro-crypto-cipher-2.0.0.jar
                                                                 [classpath] /var/lib/neo4j/lib/neo4j-ssl-5.22.0.jar
                                                                 [classpath] /var/lib/neo4j/lib/cypher-ast-factory-5.22.0.jar
                                                                 [classpath] /var/lib/neo4j/lib/jackson-jaxrs-json-provider-2.17.1.jar
                                                                 [classpath] /var/lib/neo4j/lib/netty-tcnative-2.0.65.Final-linux-x86_64-fedora.jar
                                                                 [classpath] /var/lib/neo4j/lib/netty-codec-http2-4.1.111.Final.jar
                                                                 [classpath] /var/lib/neo4j/lib/neo4j-cypher-expression-evaluator-5.22.0.jar
                                                                 [classpath] /var/lib/neo4j/lib/flatbuffers-java-23.5.26.jar
                                                                 [classpath] /var/lib/neo4j/lib/neo4j-rewriting-5.22.0.jar
                                                                 [classpath] /var/lib/neo4j/lib/lucene-queryparser-9.11.0.jar
                                                                 [classpath] /var/lib/neo4j/lib/neo4j-expressions-5.22.0.jar
                                                                 [classpath] /var/lib/neo4j/lib/neo4j-lucene-index-5.22.0.jar
                                                                 [classpath] /var/lib/neo4j/lib/proto-google-common-protos-2.40.0.jar
                                                                 [classpath] /var/lib/neo4j/lib/netty-transport-classes-kqueue-4.1.111.Final.jar
                                                                 [classpath] /var/lib/neo4j/lib/annotations-5.22.0.jar
                                                                 [classpath] /var/lib/neo4j/lib/neo4j-codegen-5.22.0.jar
                                                                 [classpath] /var/lib/neo4j/lib/scala-reflect-2.13.11.jar
                                                                 [classpath] /var/lib/neo4j/plugins/apoc.jar
                                                                 [classpath] /var/lib/neo4j/lib/commons-io-2.16.1.jar
                                                                 [classpath] /var/lib/neo4j/lib/jakarta.annotation-api-1.3.5.jar
                                                                 [classpath] /var/lib/neo4j/lib/jctools-core-4.0.5.jar
                                                                 [classpath] /var/lib/neo4j/lib/grpc-context-1.65.0.jar
                                                                 [classpath] /var/lib/neo4j/lib/netty-transport-native-kqueue-4.1.111.Final-osx-x86_64.jar
                                                                 [classpath] /var/lib/neo4j/lib/neo4j-io-5.22.0.jar
                                                                 [classpath] /var/lib/neo4j/lib/neo4j-dbms-5.22.0.jar
                                                                 [classpath] /var/lib/neo4j/lib/flight-core-16.1.0.jar
                                                                 [classpath] /var/lib/neo4j/lib/neo4j-server-5.22.0.jar
                                                                 [classpath] /var/lib/neo4j/lib/neo4j-push-to-cloud-5.22.0.jar
                                                                 [classpath] /var/lib/neo4j/lib/neo4j-security-5.22.0.jar
                                                                 [classpath] /var/lib/neo4j/lib/log4j-layout-template-json-2.20.0.jar
                                                                 [classpath] /var/lib/neo4j/lib/netty-buffer-4.1.111.Final.jar
                                                                 [classpath] /var/lib/neo4j/lib/shiro-hashes-bcrypt-2.0.0.jar
                                                                 [classpath] /var/lib/neo4j/lib/jersey-server-2.34.jar
                                                                 [classpath] /var/lib/neo4j/lib/neo4j-consistency-check-5.22.0.jar
                                                                 [classpath] /var/lib/neo4j/lib/neo4j-capabilities-5.22.0.jar
                                                                 [classpath] /var/lib/neo4j/lib/shiro-config-core-2.0.0.jar
                                                                 [classpath] /var/lib/neo4j/lib/neo4j-cypher-dsl-2024.0.0.jar
                                                                 [classpath] /var/lib/neo4j/lib/shiro-event-2.0.0.jar
                                                                
                                                                --------------------------------------------------------------------------------
                                                                                                [ Library path ]                                
                                                                --------------------------------------------------------------------------------
                                                                /usr/java/packages/lib
                                                                /usr/lib64
                                                                /lib64
                                                                /lib
                                                                /usr/lib
                                                                
                                                                --------------------------------------------------------------------------------
                                                                                             [ System properties ]                              
                                                                --------------------------------------------------------------------------------
                                                                jdk.tls.rejectClientInitiatedRenegotiation = true
                                                                sun.jnu.encoding = UTF-8
                                                                sun.arch.data.model = 64
                                                                user.timezone = Etc/UTC
                                                                sun.java.launcher = SUN_STANDARD
                                                                sun.boot.library.path = /opt/java/openjdk/lib
                                                                sun.java.command = org.neo4j.server.CommunityEntryPoint --home-dir=/var/lib/neo4j --config-dir=/var/lib/neo4j/conf --console-mode
                                                                jdk.debug = release
                                                                io.netty.tryReflectionSetAccessible = true
                                                                sun.cpu.endian = little
                                                                user.home = /var/lib/neo4j
                                                                user.language = en
                                                                file.separator = /
                                                                jdk.tls.ephemeralDHKeySize = 2048
                                                                sun.management.compiler = HotSpot 64-Bit Tiered Compilers
                                                                user.name = neo4j
                                                                jdk.nio.maxCachedBufferSize = 1024
                                                                path.separator = :
                                                                file.encoding = UTF-8
                                                                jnidispatch.path = /var/lib/neo4j/.cache/JNA/temp/jna11561086743002356699.tmp
                                                                jna.loaded = true
                                                                user.dir = /var/lib/neo4j
                                                                native.encoding = UTF-8
                                                                sun.io.unicode.encoding = UnicodeLittle
                                                                log4j2.disable.jmx = true
                                                                
                                                                --------------------------------------------------------------------------------
                                                                                      [ (IANA) TimeZone database version ]                      
                                                                --------------------------------------------------------------------------------
                                                                  TimeZone version: 2024a (available for 603 zone identifiers)
                                                                
                                                                --------------------------------------------------------------------------------
                                                                                            [ Network information ]                             
                                                                --------------------------------------------------------------------------------
                                                                Interface eth0:
                                                                    address: 172.18.0.3
                                                                Interface lo:
                                                                    address: 0:0:0:0:0:0:0:1%lo
                                                                    address: 127.0.0.1
                                                                
                                                                --------------------------------------------------------------------------------
                                                                                         [ Native access information ]                          
                                                                --------------------------------------------------------------------------------
                                                                Native access details: Linux native access is available.
                                                                
                                                                --------------------------------------------------------------------------------
                                                                                                [ DBMS config ]                                 
                                                                --------------------------------------------------------------------------------
                                                                DBMS provided settings:
                                                                db.tx_log.rotation.retention_policy=2 days 2G
                                                                dbms.memory.transaction.total.max=1.00GiB
                                                                dbms.security.procedures.unrestricted=apoc.*
                                                                server.bolt.enabled=true
                                                                server.databases.writable=true
                                                                server.default_listen_address=0.0.0.0
                                                                server.directories.import=/import
                                                                server.directories.logs=/logs
                                                                server.directories.neo4j_home=/var/lib/neo4j
                                                                server.http.enabled=true
                                                                server.https.enabled=false
                                                                server.jvm.additional=-XX:+UseG1GC
-XX:-OmitStackTraceInFastThrow
-XX:+AlwaysPreTouch
-XX:+UnlockExperimentalVMOptions
-XX:+TrustFinalNonStaticFields
-XX:+DisableExplicitGC
-Djdk.nio.maxCachedBufferSize=1024
-Dio.netty.tryReflectionSetAccessible=true
-Djdk.tls.ephemeralDHKeySize=2048
-Djdk.tls.rejectClientInitiatedRenegotiation=true
-XX:FlightRecorderOptions=stackdepth=256
-XX:+UnlockDiagnosticVMOptions
-XX:+DebugNonSafepoints
--add-opens=java.base/java.nio=ALL-UNNAMED
--add-opens=java.base/java.io=ALL-UNNAMED
--add-opens=java.base/sun.nio.ch=ALL-UNNAMED
-Dlog4j2.disable.jmx=true
                                                                server.memory.heap.initial_size=1.00GiB
                                                                server.memory.heap.max_size=2.00GiB
                                                                server.memory.pagecache.size=2.00GiB
                                                                server.windows_service_name=neo4j
                                                                Directories in use:
                                                                server.directories.data=/var/lib/neo4j/data
                                                                server.directories.dumps.root=/var/lib/neo4j/data/dumps
                                                                server.directories.import=/import
                                                                server.directories.lib=/var/lib/neo4j/lib
                                                                server.directories.licenses=/var/lib/neo4j/licenses
                                                                server.directories.logs=/logs
                                                                server.directories.neo4j_home=/var/lib/neo4j
                                                                server.directories.plugins=/var/lib/neo4j/plugins
                                                                server.directories.run=/var/lib/neo4j/run
                                                                server.directories.script.root=/var/lib/neo4j/data/scripts
                                                                server.directories.transaction.logs.root=/var/lib/neo4j/data/transactions
                                                                
                                                                --------------------------------------------------------------------------------
                                                                                                 [ Packaging ]                                  
                                                                --------------------------------------------------------------------------------
                                                                Edition: Community
                                                                Package Type: docker bullseye
                                                                
2026-01-23 06:04:05.266+0000 INFO  [o.n.d.i.DefaultIdentityModule] Found ServerId on disk: ServerId{6bdcb1ef} (6bdcb1ef-58bf-41d7-9e1c-0ee16147efa0)
2026-01-23 06:04:05.269+0000 INFO  [o.n.d.i.DefaultIdentityModule] This instance is ServerId{6bdcb1ef} (6bdcb1ef-58bf-41d7-9e1c-0ee16147efa0)
2026-01-23 06:04:09.263+0000 INFO  [o.n.s.CommunityNeoWebServer] ======== Neo4j 5.22.0 ========
2026-01-23 06:04:09.333+0000 INFO  [o.n.d.d.DatabaseLifecycles] Creating 'DatabaseId{00000000[system]}'.
2026-01-23 06:04:09.508+0000 INFO  [a.ApocConfig] successfully registered ApocConfig for @Context
2026-01-23 06:04:09.514+0000 INFO  [a.Pools] successfully registered Pools for @Context
2026-01-23 06:04:09.820+0000 INFO  [a.ApocConfig] cannot determine conf folder from sys property org.neo4j.server.CommunityEntryPoint --home-dir=/var/lib/neo4j --config-dir=/var/lib/neo4j/conf --console-mode, assuming /var/lib/neo4j/conf
2026-01-23 06:04:09.821+0000 INFO  [a.ApocConfig] system property NEO4J_CONF set to /var/lib/neo4j/conf
2026-01-23 06:04:10.054+0000 INFO  [a.ApocConfig] setting APOC config to default value: apoc.trigger.enabled=false
2026-01-23 06:04:10.238+0000 INFO  [o.n.b.BoltServer] Using connector transport epoll
2026-01-23 06:04:10.418+0000 INFO  [o.n.b.BoltServer] Configured external Bolt connector with listener address /0.0.0.0:7687
2026-01-23 06:04:10.421+0000 INFO  [o.n.b.BoltServer] Bolt server loaded
2026-01-23 06:04:10.475+0000 INFO  [o.n.d.d.DatabaseLifecycles] Starting 'DatabaseId{00000000[system]}'.
2026-01-23 06:04:11.210+0000 INFO  [o.n.k.i.t.l.f.c.CheckpointLogFile] [system/00000000] Scanning log file with version 0 for checkpoint entries
2026-01-23 06:04:11.333+0000 INFO  [o.n.k.i.s.f.RecordFormatSelector] [system/00000000] Selected RecordFormat:PageAlignedV5_0[aligned-1.1] record format from store /data/databases/system
2026-01-23 06:04:11.333+0000 INFO  [o.n.k.i.s.f.RecordFormatSelector] [system/00000000] Selected format from the store files: RecordFormat:PageAlignedV5_0[aligned-1.1]
2026-01-23 06:04:12.183+0000 INFO  [o.n.i.d.DiagnosticsManager] [system/00000000] 
                                                                [system/00000000] ********************************************************************************
                                                                [system/00000000]                               [ Database: system ]                              
                                                                [system/00000000] ********************************************************************************
                                                                [system/00000000] --------------------------------------------------------------------------------
                                                                [system/00000000]                                   [ Version ]                                   
                                                                [system/00000000] --------------------------------------------------------------------------------
                                                                [system/00000000] DBMS: community record-aligned-1.1
                                                                [system/00000000] Kernel version: 5.22.0
                                                                [system/00000000] 
                                                                [system/00000000] --------------------------------------------------------------------------------
                                                                [system/00000000]                                 [ Store files ]                                 
                                                                [system/00000000] --------------------------------------------------------------------------------
                                                                [system/00000000] Disk space on partition (Total / Free / Free %): 494384795648 / 74154610688 / 14
                                                                [system/00000000] Storage files stored on file store: fakeowner
                                                                [system/00000000] Storage files: (filename : modification date - size)
                                                                [system/00000000]   database_lock: 2026-01-20 08:54:40.649+0000 - 0B
                                                                [system/00000000]   id-buffer.tmp.0: 2026-01-22 10:38:16.620+0000 - 0B
                                                                [system/00000000]   neostore: 2026-01-20 08:54:40.381+0000 - 8.000KiB
                                                                [system/00000000]   neostore.counts.db: 2026-01-23 06:04:11.831+0000 - 48.00KiB
                                                                [system/00000000]   neostore.indexstats.db: 2026-01-23 06:04:11.897+0000 - 48.00KiB
                                                                [system/00000000]   neostore.labeltokenstore.db: 2026-01-20 09:09:51.300+0000 - 8.000KiB
                                                                [system/00000000]   neostore.labeltokenstore.db.id: 2026-01-23 06:04:11.760+0000 - 40.00KiB
                                                                [system/00000000]   neostore.labeltokenstore.db.names: 2026-01-20 09:09:51.304+0000 - 8.000KiB
                                                                [system/00000000]   neostore.labeltokenstore.db.names.id: 2026-01-23 06:04:11.750+0000 - 40.00KiB
                                                                [system/00000000]   neostore.nodestore.db: 2026-01-20 09:09:51.306+0000 - 8.000KiB
                                                                [system/00000000]   neostore.nodestore.db.id: 2026-01-23 06:04:11.639+0000 - 40.00KiB
                                                                [system/00000000]   neostore.nodestore.db.labels: 2026-01-20 08:54:40.287+0000 - 8.000KiB
                                                                [system/00000000]   neostore.nodestore.db.labels.id: 2026-01-23 06:04:11.612+0000 - 40.00KiB
                                                                [system/00000000]   neostore.propertystore.db: 2026-01-20 09:09:51.301+0000 - 8.000KiB
                                                                [system/00000000]   neostore.propertystore.db.arrays: 2026-01-20 08:54:40.317+0000 - 8.000KiB
                                                                [system/00000000]   neostore.propertystore.db.arrays.id: 2026-01-23 06:04:11.689+0000 - 40.00KiB
                                                                [system/00000000]   neostore.propertystore.db.id: 2026-01-23 06:04:11.704+0000 - 40.00KiB
                                                                [system/00000000]   neostore.propertystore.db.index: 2026-01-20 09:09:51.302+0000 - 8.000KiB
                                                                [system/00000000]   neostore.propertystore.db.index.id: 2026-01-23 06:04:11.661+0000 - 40.00KiB
                                                                [system/00000000]   neostore.propertystore.db.index.keys: 2026-01-20 09:09:51.308+0000 - 8.000KiB
                                                                [system/00000000]   neostore.propertystore.db.index.keys.id: 2026-01-23 06:04:11.648+0000 - 40.00KiB
                                                                [system/00000000]   neostore.propertystore.db.strings: 2026-01-20 09:09:51.307+0000 - 8.000KiB
                                                                [system/00000000]   neostore.propertystore.db.strings.id: 2026-01-23 06:04:11.677+0000 - 40.00KiB
                                                                [system/00000000]   neostore.relationshipgroupstore.db: 2026-01-20 08:54:40.365+0000 - 8.000KiB
                                                                [system/00000000]   neostore.relationshipgroupstore.db.id: 2026-01-23 06:04:11.781+0000 - 40.00KiB
                                                                [system/00000000]   neostore.relationshipgroupstore.degrees.db: 2026-01-23 06:04:11.868+0000 - 40.00KiB
                                                                [system/00000000]   neostore.relationshipstore.db: 2026-01-20 09:09:51.305+0000 - 8.000KiB
                                                                [system/00000000]   neostore.relationshipstore.db.id: 2026-01-23 06:04:11.715+0000 - 40.00KiB
                                                                [system/00000000]   neostore.relationshiptypestore.db: 2026-01-20 09:09:51.309+0000 - 8.000KiB
                                                                [system/00000000]   neostore.relationshiptypestore.db.id: 2026-01-23 06:04:11.741+0000 - 40.00KiB
                                                                [system/00000000]   neostore.relationshiptypestore.db.names: 2026-01-20 09:09:51.298+0000 - 8.000KiB
                                                                [system/00000000]   neostore.relationshiptypestore.db.names.id: 2026-01-23 06:04:11.731+0000 - 40.00KiB
                                                                [system/00000000]   neostore.schemastore.db: 2026-01-20 09:09:51.303+0000 - 8.000KiB
                                                                [system/00000000]   neostore.schemastore.db.id: 2026-01-23 06:04:11.771+0000 - 40.00KiB
                                                                [system/00000000]   schema:
                                                                [system/00000000]     index:
                                                                [system/00000000]       range-1.0:
                                                                [system/00000000]         3:
                                                                [system/00000000]           index-3: 2026-01-22 10:38:16.561+0000 - 48.00KiB
                                                                [system/00000000]         - Total: 2026-01-20 08:54:42.588+0000 - 48.00KiB
                                                                [system/00000000]         4:
                                                                [system/00000000]           index-4: 2026-01-22 10:38:16.582+0000 - 48.00KiB
                                                                [system/00000000]         - Total: 2026-01-20 08:54:42.648+0000 - 48.00KiB
                                                                [system/00000000]         7:
                                                                [system/00000000]           index-7: 2026-01-22 10:38:16.594+0000 - 48.00KiB
                                                                [system/00000000]         - Total: 2026-01-20 08:54:42.909+0000 - 48.00KiB
                                                                [system/00000000]         8:
                                                                [system/00000000]           index-8: 2026-01-22 10:38:16.602+0000 - 48.00KiB
                                                                [system/00000000]         - Total: 2026-01-20 08:54:42.940+0000 - 48.00KiB
                                                                [system/00000000]         9:
                                                                [system/00000000]           index-9: 2026-01-22 10:38:16.608+0000 - 48.00KiB
                                                                [system/00000000]         - Total: 2026-01-20 08:54:42.972+0000 - 48.00KiB
                                                                [system/00000000]       - Total: 2026-01-20 08:54:42.969+0000 - 240.0KiB
                                                                [system/00000000]       token-lookup-1.0:
                                                                [system/00000000]         1:
                                                                [system/00000000]           index-1: 2026-01-22 10:38:16.513+0000 - 48.00KiB
                                                                [system/00000000]         - Total: 2026-01-20 08:54:41.259+0000 - 48.00KiB
                                                                [system/00000000]         2:
                                                                [system/00000000]           index-2: 2026-01-22 10:38:16.530+0000 - 48.00KiB
                                                                [system/00000000]         - Total: 2026-01-20 08:54:41.209+0000 - 48.00KiB
                                                                [system/00000000]       - Total: 2026-01-20 08:54:41.258+0000 - 96.00KiB
                                                                [system/00000000]     - Total: 2026-01-20 08:54:42.585+0000 - 336.0KiB
                                                                [system/00000000]   - Total: 2026-01-20 08:54:41.205+0000 - 336.0KiB
                                                                [system/00000000] Storage summary: 
                                                                [system/00000000]   Total size of store: 1.125MiB
                                                                [system/00000000]   Total size of mapped files: 456.0KiB
                                                                [system/00000000] 
                                                                [system/00000000] --------------------------------------------------------------------------------
                                                                [system/00000000]                               [ Transaction log ]                               
                                                                [system/00000000] --------------------------------------------------------------------------------
                                                                [system/00000000] Transaction log files stored on file store: fakeowner
                                                                [system/00000000] Transaction log metadata:
                                                                [system/00000000]  - current kernel version used in transactions: V5_22
                                                                [system/00000000]  - last committed transaction id: 41
                                                                [system/00000000] Transaction log files:
                                                                [system/00000000]  - existing transaction log versions: 0-0
                                                                [system/00000000]  - oldest append index 2 found in log with version 0
                                                                [system/00000000]  - files: (filename : creation date - size)
                                                                [system/00000000]      neostore.transaction.db.0: 2026-01-20 08:54:40.682+0000 - 256.0MiB
                                                                [system/00000000]  - total size of files: 256.0MiB
                                                                [system/00000000] Checkpoint log files:
                                                                [system/00000000]  - existing checkpoint log versions: 0-0
                                                                [system/00000000]  - last checkpoint: CheckpointInfo[oldestNotVisibleTransactionLogPosition=LogPosition{logVersion=0, byteOffset=24028}, transactionLogPosition=LogPosition{logVersion=0, byteOffset=24028}, storeId=StoreId{creationTime=1768899280374, random=-6912260248954375244, storageEngineName='record', formatName='aligned', majorVersion=1, minorVersion=1}, checkpointEntryPosition=LogPosition{logVersion=0, byteOffset=592}, channelPositionAfterCheckpoint=LogPosition{logVersion=0, byteOffset=824}, checkpointFilePostReadPosition=LogPosition{logVersion=0, byteOffset=824}, kernelVersion=KernelVersion{V5_22,version=18}, kernelVersionByte=18, transactionId=TransactionId[id=41, appendIndex=41, kernelVersion=KernelVersion{V5_22,version=18}, checksum=-467039588, commitTimestamp=1768899283028, consensusIndex=-1], appendIndex=41, reason=Checkpoint triggered by "Database shutdown" @ txId: 41, consensusIndexInCheckpoint=true]
                                                                [system/00000000] 
                                                                [system/00000000] --------------------------------------------------------------------------------
                                                                [system/00000000]                                   [ Id usage ]                                  
                                                                [system/00000000] --------------------------------------------------------------------------------
                                                                [system/00000000] ArrayPropertyStore[neostore.nodestore.db.labels]: used=1 high=0
                                                                [system/00000000] NodeStore[neostore.nodestore.db]: used=7 high=6
                                                                [system/00000000] StringPropertyStore[neostore.propertystore.db.index.keys]: used=47 high=46
                                                                [system/00000000] PropertyIndexStore[neostore.propertystore.db.index]: used=33 high=32
                                                                [system/00000000] StringPropertyStore[neostore.propertystore.db.strings]: used=3 high=2
                                                                [system/00000000] ArrayPropertyStore[neostore.propertystore.db.arrays]: used=1 high=0
                                                                [system/00000000] PropertyStore[neostore.propertystore.db]: used=73 high=72
                                                                [system/00000000] RelationshipStore[neostore.relationshipstore.db]: used=3 high=2
                                                                [system/00000000] StringPropertyStore[neostore.relationshiptypestore.db.names]: used=3 high=2
                                                                [system/00000000] RelationshipTypeStore[neostore.relationshiptypestore.db]: used=2 high=1
                                                                [system/00000000] StringPropertyStore[neostore.labeltokenstore.db.names]: used=6 high=5
                                                                [system/00000000] LabelTokenStore[neostore.labeltokenstore.db]: used=5 high=4
                                                                [system/00000000] SchemaStore[neostore.schemastore.db]: used=13 high=12
                                                                [system/00000000] RelationshipGroupStore[neostore.relationshipgroupstore.db]: used=1 high=0
                                                                [system/00000000] NeoStore[neostore]: used=-1 high=-1
                                                                [system/00000000] 
                                                                [system/00000000] --------------------------------------------------------------------------------
                                                                [system/00000000]                                   [ Metadata ]                                  
                                                                [system/00000000] --------------------------------------------------------------------------------
                                                                [system/00000000] EXTERNAL_STORE_UUID (Database identifier exposed as external store identity. Generated on creation and never updated): 11492661-349b-4c9e-8bae-3bd39e9b80e6
                                                                [system/00000000] DATABASE_ID (The last used DatabaseId for this database): null
                                                                [system/00000000] LEGACY_STORE_VERSION (Legacy store format version. This field is used from 5.0 onwards only to distinguish non-migrated pre 5.0 metadata stores.): -3523014627327384477
                                                                [system/00000000] STORE_ID (Store ID): StoreId{creationTime=1768899280374, random=-6912260248954375244, storageEngineName='record', formatName='aligned', majorVersion=1, minorVersion=1}
                                                                [system/00000000] 
2026-01-23 06:04:12.281+0000 INFO  [o.n.k.i.i.s.TokenIndexProvider] [system/00000000] Schema index cleanup job registered: descriptor=Index( id=1, name='index_343aff4e', type='LOOKUP', schema=(:<any-labels>), indexProvider='token-lookup-1.0' ), indexFile=/data/databases/system/schema/index/token-lookup-1.0/1/index-1
2026-01-23 06:04:12.282+0000 INFO  [o.n.k.i.i.s.TokenIndexProvider] [system/00000000] Schema index cleanup job started: descriptor=Index( id=1, name='index_343aff4e', type='LOOKUP', schema=(:<any-labels>), indexProvider='token-lookup-1.0' ), indexFile=/data/databases/system/schema/index/token-lookup-1.0/1/index-1
2026-01-23 06:04:12.289+0000 INFO  [o.n.k.i.i.s.TokenIndexProvider] [system/00000000] Schema index cleanup job finished: descriptor=Index( id=1, name='index_343aff4e', type='LOOKUP', schema=(:<any-labels>), indexProvider='token-lookup-1.0' ), indexFile=/data/databases/system/schema/index/token-lookup-1.0/1/index-1 Number of pages visited: 3, Number of tree nodes: 2, Number of cleaned crashed pointers: 0, Time spent: 2ms
2026-01-23 06:04:12.290+0000 INFO  [o.n.k.i.i.s.TokenIndexProvider] [system/00000000] Schema index cleanup job closed: descriptor=Index( id=1, name='index_343aff4e', type='LOOKUP', schema=(:<any-labels>), indexProvider='token-lookup-1.0' ), indexFile=/data/databases/system/schema/index/token-lookup-1.0/1/index-1
2026-01-23 06:04:12.299+0000 INFO  [o.n.k.i.i.s.TokenIndexProvider] [system/00000000] Schema index cleanup job registered: descriptor=Index( id=2, name='index_f7700477', type='LOOKUP', schema=()-[:<any-types>]-(), indexProvider='token-lookup-1.0' ), indexFile=/data/databases/system/schema/index/token-lookup-1.0/2/index-2
2026-01-23 06:04:12.299+0000 INFO  [o.n.k.i.i.s.TokenIndexProvider] [system/00000000] Schema index cleanup job started: descriptor=Index( id=2, name='index_f7700477', type='LOOKUP', schema=()-[:<any-types>]-(), indexProvider='token-lookup-1.0' ), indexFile=/data/databases/system/schema/index/token-lookup-1.0/2/index-2
2026-01-23 06:04:12.301+0000 INFO  [o.n.k.i.i.s.TokenIndexProvider] [system/00000000] Schema index cleanup job finished: descriptor=Index( id=2, name='index_f7700477', type='LOOKUP', schema=()-[:<any-types>]-(), indexProvider='token-lookup-1.0' ), indexFile=/data/databases/system/schema/index/token-lookup-1.0/2/index-2 Number of pages visited: 3, Number of tree nodes: 2, Number of cleaned crashed pointers: 0, Time spent: 0ms
2026-01-23 06:04:12.301+0000 INFO  [o.n.k.i.i.s.TokenIndexProvider] [system/00000000] Schema index cleanup job closed: descriptor=Index( id=2, name='index_f7700477', type='LOOKUP', schema=()-[:<any-types>]-(), indexProvider='token-lookup-1.0' ), indexFile=/data/databases/system/schema/index/token-lookup-1.0/2/index-2
2026-01-23 06:04:12.329+0000 INFO  [o.n.k.i.i.s.RangeIndexProvider] [system/00000000] Schema index cleanup job registered: descriptor=Index( id=3, name='constraint_798238d6', type='RANGE', schema=(:Label[1] {PropertyKey[11], PropertyKey[12]}), indexProvider='range-1.0', owningConstraint=6 ), indexFile=/data/databases/system/schema/index/range-1.0/3/index-3
2026-01-23 06:04:12.330+0000 INFO  [o.n.k.i.i.s.RangeIndexProvider] [system/00000000] Schema index cleanup job started: descriptor=Index( id=3, name='constraint_798238d6', type='RANGE', schema=(:Label[1] {PropertyKey[11], PropertyKey[12]}), indexProvider='range-1.0', owningConstraint=6 ), indexFile=/data/databases/system/schema/index/range-1.0/3/index-3
2026-01-23 06:04:12.331+0000 INFO  [o.n.k.i.i.s.RangeIndexProvider] [system/00000000] Schema index cleanup job finished: descriptor=Index( id=3, name='constraint_798238d6', type='RANGE', schema=(:Label[1] {PropertyKey[11], PropertyKey[12]}), indexProvider='range-1.0', owningConstraint=6 ), indexFile=/data/databases/system/schema/index/range-1.0/3/index-3 Number of pages visited: 3, Number of tree nodes: 2, Number of cleaned crashed pointers: 0, Time spent: 0ms
2026-01-23 06:04:12.333+0000 INFO  [o.n.k.i.i.s.RangeIndexProvider] [system/00000000] Schema index cleanup job closed: descriptor=Index( id=3, name='constraint_798238d6', type='RANGE', schema=(:Label[1] {PropertyKey[11], PropertyKey[12]}), indexProvider='range-1.0', owningConstraint=6 ), indexFile=/data/databases/system/schema/index/range-1.0/3/index-3
2026-01-23 06:04:12.343+0000 INFO  [o.n.k.i.i.s.RangeIndexProvider] [system/00000000] Schema index cleanup job registered: descriptor=Index( id=4, name='constraint_8014b60a', type='RANGE', schema=(:Label[2] {PropertyKey[11]}), indexProvider='range-1.0', owningConstraint=5 ), indexFile=/data/databases/system/schema/index/range-1.0/4/index-4
2026-01-23 06:04:12.344+0000 INFO  [o.n.k.i.i.s.RangeIndexProvider] [system/00000000] Schema index cleanup job started: descriptor=Index( id=4, name='constraint_8014b60a', type='RANGE', schema=(:Label[2] {PropertyKey[11]}), indexProvider='range-1.0', owningConstraint=5 ), indexFile=/data/databases/system/schema/index/range-1.0/4/index-4
2026-01-23 06:04:12.347+0000 INFO  [o.n.k.i.i.s.RangeIndexProvider] [system/00000000] Schema index cleanup job finished: descriptor=Index( id=4, name='constraint_8014b60a', type='RANGE', schema=(:Label[2] {PropertyKey[11]}), indexProvider='range-1.0', owningConstraint=5 ), indexFile=/data/databases/system/schema/index/range-1.0/4/index-4 Number of pages visited: 3, Number of tree nodes: 2, Number of cleaned crashed pointers: 0, Time spent: 2ms
2026-01-23 06:04:12.349+0000 INFO  [o.n.k.i.i.s.RangeIndexProvider] [system/00000000] Schema index cleanup job closed: descriptor=Index( id=4, name='constraint_8014b60a', type='RANGE', schema=(:Label[2] {PropertyKey[11]}), indexProvider='range-1.0', owningConstraint=5 ), indexFile=/data/databases/system/schema/index/range-1.0/4/index-4
2026-01-23 06:04:12.354+0000 INFO  [o.n.k.i.i.s.RangeIndexProvider] [system/00000000] Schema index cleanup job registered: descriptor=Index( id=7, name='constraint_5789ae3', type='RANGE', schema=(:Label[3] {PropertyKey[11]}), indexProvider='range-1.0', owningConstraint=11 ), indexFile=/data/databases/system/schema/index/range-1.0/7/index-7
2026-01-23 06:04:12.357+0000 INFO  [o.n.k.i.i.s.RangeIndexProvider] [system/00000000] Schema index cleanup job started: descriptor=Index( id=7, name='constraint_5789ae3', type='RANGE', schema=(:Label[3] {PropertyKey[11]}), indexProvider='range-1.0', owningConstraint=11 ), indexFile=/data/databases/system/schema/index/range-1.0/7/index-7
2026-01-23 06:04:12.359+0000 INFO  [o.n.k.i.i.s.RangeIndexProvider] [system/00000000] Schema index cleanup job finished: descriptor=Index( id=7, name='constraint_5789ae3', type='RANGE', schema=(:Label[3] {PropertyKey[11]}), indexProvider='range-1.0', owningConstraint=11 ), indexFile=/data/databases/system/schema/index/range-1.0/7/index-7 Number of pages visited: 3, Number of tree nodes: 2, Number of cleaned crashed pointers: 0, Time spent: 1ms
2026-01-23 06:04:12.360+0000 INFO  [o.n.k.i.i.s.RangeIndexProvider] [system/00000000] Schema index cleanup job closed: descriptor=Index( id=7, name='constraint_5789ae3', type='RANGE', schema=(:Label[3] {PropertyKey[11]}), indexProvider='range-1.0', owningConstraint=11 ), indexFile=/data/databases/system/schema/index/range-1.0/7/index-7
2026-01-23 06:04:12.368+0000 INFO  [o.n.k.i.i.s.RangeIndexProvider] [system/00000000] Schema index cleanup job registered: descriptor=Index( id=8, name='constraint_74fad970', type='RANGE', schema=(:Label[3] {PropertyKey[27]}), indexProvider='range-1.0', owningConstraint=10 ), indexFile=/data/databases/system/schema/index/range-1.0/8/index-8
2026-01-23 06:04:12.370+0000 INFO  [o.n.k.i.i.s.RangeIndexProvider] [system/00000000] Schema index cleanup job started: descriptor=Index( id=8, name='constraint_74fad970', type='RANGE', schema=(:Label[3] {PropertyKey[27]}), indexProvider='range-1.0', owningConstraint=10 ), indexFile=/data/databases/system/schema/index/range-1.0/8/index-8
2026-01-23 06:04:12.374+0000 INFO  [o.n.k.i.i.s.RangeIndexProvider] [system/00000000] Schema index cleanup job finished: descriptor=Index( id=8, name='constraint_74fad970', type='RANGE', schema=(:Label[3] {PropertyKey[27]}), indexProvider='range-1.0', owningConstraint=10 ), indexFile=/data/databases/system/schema/index/range-1.0/8/index-8 Number of pages visited: 3, Number of tree nodes: 2, Number of cleaned crashed pointers: 0, Time spent: 2ms
2026-01-23 06:04:12.374+0000 INFO  [o.n.k.i.i.s.RangeIndexProvider] [system/00000000] Schema index cleanup job closed: descriptor=Index( id=8, name='constraint_74fad970', type='RANGE', schema=(:Label[3] {PropertyKey[27]}), indexProvider='range-1.0', owningConstraint=10 ), indexFile=/data/databases/system/schema/index/range-1.0/8/index-8
2026-01-23 06:04:12.378+0000 INFO  [o.n.k.i.i.s.RangeIndexProvider] [system/00000000] Schema index cleanup job registered: descriptor=Index( id=9, name='auth-constraint', type='RANGE', schema=(:Label[4] {PropertyKey[28], PropertyKey[27]}), indexProvider='range-1.0', owningConstraint=12 ), indexFile=/data/databases/system/schema/index/range-1.0/9/index-9
2026-01-23 06:04:12.380+0000 INFO  [o.n.k.i.i.s.RangeIndexProvider] [system/00000000] Schema index cleanup job started: descriptor=Index( id=9, name='auth-constraint', type='RANGE', schema=(:Label[4] {PropertyKey[28], PropertyKey[27]}), indexProvider='range-1.0', owningConstraint=12 ), indexFile=/data/databases/system/schema/index/range-1.0/9/index-9
2026-01-23 06:04:12.381+0000 INFO  [o.n.k.i.a.i.IndexingService] [system/00000000] IndexingService.init: indexes not specifically mentioned above are ONLINE. Total 7 indexes. Processed in 123ms
2026-01-23 06:04:12.381+0000 INFO  [o.n.k.i.i.s.RangeIndexProvider] [system/00000000] Schema index cleanup job finished: descriptor=Index( id=9, name='auth-constraint', type='RANGE', schema=(:Label[4] {PropertyKey[28], PropertyKey[27]}), indexProvider='range-1.0', owningConstraint=12 ), indexFile=/data/databases/system/schema/index/range-1.0/9/index-9 Number of pages visited: 3, Number of tree nodes: 2, Number of cleaned crashed pointers: 0, Time spent: 0ms
2026-01-23 06:04:12.381+0000 INFO  [o.n.k.i.i.s.RangeIndexProvider] [system/00000000] Schema index cleanup job closed: descriptor=Index( id=9, name='auth-constraint', type='RANGE', schema=(:Label[4] {PropertyKey[28], PropertyKey[27]}), indexProvider='range-1.0', owningConstraint=12 ), indexFile=/data/databases/system/schema/index/range-1.0/9/index-9
2026-01-23 06:04:12.391+0000 INFO  [o.n.k.a.DatabaseAvailabilityGuard] [system/00000000] Requirement `Database unavailable` makes database system unavailable.
2026-01-23 06:04:12.395+0000 INFO  [o.n.k.a.DatabaseAvailabilityGuard] [system/00000000] DatabaseId{00000000[system]} is unavailable.
2026-01-23 06:04:12.530+0000 INFO  [o.n.k.d.Database] [system/00000000] Starting transaction log [/data/transactions/system/neostore.transaction.db.0] at version=0
2026-01-23 06:04:12.538+0000 INFO  [o.n.k.d.Database] [system/00000000] Starting transaction log [/data/transactions/system/checkpoint.0] at version=0
2026-01-23 06:04:12.543+0000 INFO  [o.n.k.i.t.l.f.c.CheckpointLogFile] [system/00000000] Scanning log file with version 0 for checkpoint entries
2026-01-23 06:04:12.555+0000 INFO  [o.n.k.i.a.i.IndexingService] [system/00000000] IndexingService.start: indexes not specifically mentioned above are ONLINE. Total 7 indexes. Processed in 1ms
2026-01-23 06:04:12.571+0000 INFO  [o.n.k.a.DatabaseAvailabilityGuard] [system/00000000] Fulfilling of requirement 'Database unavailable' makes database system available.
2026-01-23 06:04:12.579+0000 INFO  [o.n.k.a.DatabaseAvailabilityGuard] [system/00000000] DatabaseId{00000000[system]} is ready.
2026-01-23 06:04:12.651+0000 WARN  [o.n.k.a.p.GlobalProcedures] Failed to load `com.opencsv.bean.BeanFieldJoinStringIndex` from plugin jar `/var/lib/neo4j/plugins/apoc.jar`: java.lang.NoClassDefFoundError: org/apache/commons/collections4/MultiValuedMap
2026-01-23 06:04:12.659+0000 WARN  [o.n.k.a.p.GlobalProcedures] Failed to load `com.jayway.jsonpath.spi.mapper.JakartaMappingProvider` from plugin jar `/var/lib/neo4j/plugins/apoc.jar`: java.lang.NoClassDefFoundError: jakarta/json/stream/JsonParser
2026-01-23 06:04:12.742+0000 WARN  [o.n.k.a.p.GlobalProcedures] Failed to load `com.opencsv.bean.AbstractMappingStrategy` from plugin jar `/var/lib/neo4j/plugins/apoc.jar`: java.lang.NoClassDefFoundError: org/apache/commons/collections4/MultiValuedMap
2026-01-23 06:04:12.762+0000 WARN  [o.n.k.a.p.GlobalProcedures] Failed to load `com.opencsv.bean.concurrent.BeanExecutor` from plugin jar `/var/lib/neo4j/plugins/apoc.jar`: java.lang.NoClassDefFoundError: org/apache/commons/collections4/ListValuedMap
2026-01-23 06:04:12.842+0000 WARN  [o.n.k.a.p.GlobalProcedures] Failed to load `com.opencsv.bean.HeaderIndex` from plugin jar `/var/lib/neo4j/plugins/apoc.jar`: java.lang.NoClassDefFoundError: org/apache/commons/collections4/MultiValuedMap
2026-01-23 06:04:12.844+0000 WARN  [o.n.k.a.p.GlobalProcedures] Failed to load `com.opencsv.bean.FuzzyMappingStrategy` from plugin jar `/var/lib/neo4j/plugins/apoc.jar`: java.lang.NoClassDefFoundError: org/apache/commons/collections4/MultiValuedMap
2026-01-23 06:04:12.857+0000 WARN  [o.n.k.a.p.GlobalProcedures] Failed to load `net.minidev.asm.ASMUtil` from plugin jar `/var/lib/neo4j/plugins/apoc.jar`: java.lang.NoClassDefFoundError: org/objectweb/asm/MethodVisitor
2026-01-23 06:04:12.859+0000 WARN  [o.n.k.a.p.GlobalProcedures] Failed to load `apoc.util.hdfs.HDFSUtils$1` from plugin jar `/var/lib/neo4j/plugins/apoc.jar`: java.lang.NoClassDefFoundError: org/apache/hadoop/fs/FSDataInputStream
2026-01-23 06:04:12.860+0000 WARN  [o.n.k.a.p.GlobalProcedures] Failed to load `com.opencsv.bean.BeanFieldJoin` from plugin jar `/var/lib/neo4j/plugins/apoc.jar`: java.lang.NoClassDefFoundError: org/apache/commons/collections4/MultiValuedMap
2026-01-23 06:04:12.863+0000 WARN  [o.n.k.a.p.GlobalProcedures] Failed to load `META-INF.versions.9.module-info` from plugin jar `/var/lib/neo4j/plugins/apoc.jar`: java.lang.NoClassDefFoundError: META-INF/versions/9/module-info is not a class because access_flag ACC_MODULE is set
2026-01-23 06:04:12.893+0000 WARN  [o.n.k.a.p.GlobalProcedures] Failed to load `com.jayway.jsonpath.spi.json.JakartaJsonProvider$JsonObjectProxy$1` from plugin jar `/var/lib/neo4j/plugins/apoc.jar`: java.lang.NoClassDefFoundError: jakarta/json/JsonObject
2026-01-23 06:04:12.905+0000 WARN  [o.n.k.a.p.GlobalProcedures] Failed to load `com.opencsv.bean.customconverter.ConvertGermanToBoolean` from plugin jar `/var/lib/neo4j/plugins/apoc.jar`: java.lang.NoClassDefFoundError: org/apache/commons/beanutils/ConversionException
2026-01-23 06:04:12.926+0000 WARN  [o.n.k.a.p.GlobalProcedures] Failed to load `com.opencsv.bean.StatefulBeanToCsv` from plugin jar `/var/lib/neo4j/plugins/apoc.jar`: java.lang.NoClassDefFoundError: org/apache/commons/collections4/MultiValuedMap
2026-01-23 06:04:12.933+0000 WARN  [o.n.k.a.p.GlobalProcedures] Failed to load `com.opencsv.bean.HeaderNameBaseMappingStrategy` from plugin jar `/var/lib/neo4j/plugins/apoc.jar`: java.lang.NoClassDefFoundError: org/apache/commons/collections4/MultiValuedMap
2026-01-23 06:04:12.939+0000 WARN  [o.n.k.a.p.GlobalProcedures] Failed to load `com.jayway.jsonpath.spi.mapper.JakartaMappingProvider$JsonStructureScope` from plugin jar `/var/lib/neo4j/plugins/apoc.jar`: java.lang.NoClassDefFoundError: jakarta/json/JsonValue
2026-01-23 06:04:12.942+0000 WARN  [o.n.k.a.p.GlobalProcedures] Failed to load `com.opencsv.bean.concurrent.IntolerantThreadPoolExecutor` from plugin jar `/var/lib/neo4j/plugins/apoc.jar`: java.lang.NoClassDefFoundError: org/apache/commons/collections4/ListValuedMap
2026-01-23 06:04:12.984+0000 WARN  [o.n.k.a.p.GlobalProcedures] Failed to load `com.opencsv.bean.customconverter.ConverterLanguageToBoolean` from plugin jar `/var/lib/neo4j/plugins/apoc.jar`: java.lang.NoClassDefFoundError: org/apache/commons/beanutils/ConversionException
2026-01-23 06:04:13.037+0000 WARN  [o.n.k.a.p.GlobalProcedures] Failed to load `com.opencsv.bean.customconverter.ConvertFrenchToBoolean` from plugin jar `/var/lib/neo4j/plugins/apoc.jar`: java.lang.NoClassDefFoundError: org/apache/commons/beanutils/ConversionException
2026-01-23 06:04:13.040+0000 WARN  [o.n.k.a.p.GlobalProcedures] Failed to load `com.opencsv.bean.ColumnPositionMappingStrategy` from plugin jar `/var/lib/neo4j/plugins/apoc.jar`: java.lang.NoClassDefFoundError: org/apache/commons/collections4/MultiValuedMap
2026-01-23 06:04:13.047+0000 WARN  [o.n.k.a.p.GlobalProcedures] Failed to load `com.jayway.jsonpath.spi.mapper.JakartaMappingProvider$JsonObjectScope` from plugin jar `/var/lib/neo4j/plugins/apoc.jar`: java.lang.NoClassDefFoundError: jakarta/json/JsonValue
2026-01-23 06:04:13.053+0000 WARN  [o.n.k.a.p.GlobalProcedures] Failed to load `apoc.util.google.cloud.GCStorageURLConnection` from plugin jar `/var/lib/neo4j/plugins/apoc.jar`: java.lang.NoClassDefFoundError: com/google/cloud/storage/Storage
2026-01-23 06:04:13.063+0000 WARN  [o.n.k.a.p.GlobalProcedures] Failed to load `com.jayway.jsonpath.spi.json.JakartaJsonProvider` from plugin jar `/var/lib/neo4j/plugins/apoc.jar`: java.lang.NoClassDefFoundError: jakarta/json/JsonObject
2026-01-23 06:04:13.078+0000 WARN  [o.n.k.a.p.GlobalProcedures] Failed to load `com.opencsv.bean.CsvToBeanBuilder` from plugin jar `/var/lib/neo4j/plugins/apoc.jar`: java.lang.NoClassDefFoundError: org/apache/commons/collections4/ListValuedMap
2026-01-23 06:04:13.100+0000 WARN  [o.n.k.a.p.GlobalProcedures] Failed to load `com.jayway.jsonpath.spi.json.JakartaJsonProvider$JsonArrayProxy` from plugin jar `/var/lib/neo4j/plugins/apoc.jar`: java.lang.NoClassDefFoundError: jakarta/json/JsonArray
2026-01-23 06:04:13.123+0000 WARN  [o.n.k.a.p.GlobalProcedures] Failed to load `com.opencsv.bean.FieldMapByPosition$1` from plugin jar `/var/lib/neo4j/plugins/apoc.jar`: java.lang.NoClassDefFoundError: org/apache/commons/collections4/iterators/LazyIteratorChain
2026-01-23 06:04:13.132+0000 WARN  [o.n.k.a.p.GlobalProcedures] Failed to load `com.opencsv.bean.HeaderColumnNameMappingStrategy` from plugin jar `/var/lib/neo4j/plugins/apoc.jar`: java.lang.NoClassDefFoundError: org/apache/commons/collections4/MultiValuedMap
2026-01-23 06:04:13.140+0000 WARN  [o.n.k.a.p.GlobalProcedures] Failed to load `apoc.util.hdfs.HDFSUtils` from plugin jar `/var/lib/neo4j/plugins/apoc.jar`: java.lang.NoClassDefFoundError: org/apache/hadoop/fs/FSDataOutputStream
2026-01-23 06:04:13.170+0000 WARN  [o.n.k.a.p.GlobalProcedures] Failed to load `com.jayway.jsonpath.spi.json.JakartaJsonProvider$JsonArrayProxy$1` from plugin jar `/var/lib/neo4j/plugins/apoc.jar`: java.lang.NoClassDefFoundError: jakarta/json/JsonValue
2026-01-23 06:04:13.176+0000 WARN  [o.n.k.a.p.GlobalProcedures] Failed to load `com.jayway.jsonpath.spi.json.JakartaJsonProvider$JsonArrayProxy$2` from plugin jar `/var/lib/neo4j/plugins/apoc.jar`: java.lang.NoClassDefFoundError: jakarta/json/JsonValue
2026-01-23 06:04:13.198+0000 WARN  [o.n.k.a.p.GlobalProcedures] Failed to load `com.opencsv.bean.StatefulBeanToCsvBuilder` from plugin jar `/var/lib/neo4j/plugins/apoc.jar`: java.lang.NoClassDefFoundError: org/apache/commons/collections4/ListValuedMap
2026-01-23 06:04:13.202+0000 WARN  [o.n.k.a.p.GlobalProcedures] Failed to load `com.opencsv.bean.HeaderColumnNameTranslateMappingStrategy` from plugin jar `/var/lib/neo4j/plugins/apoc.jar`: java.lang.NoClassDefFoundError: org/apache/commons/collections4/MultiValuedMap
2026-01-23 06:04:13.214+0000 WARN  [o.n.k.a.p.GlobalProcedures] Failed to load `apoc.util.s3.S3URLConnection` from plugin jar `/var/lib/neo4j/plugins/apoc.jar`: java.lang.NoClassDefFoundError: com/amazonaws/ClientConfiguration
2026-01-23 06:04:13.217+0000 WARN  [o.n.k.a.p.GlobalProcedures] Failed to load `com.opencsv.bean.BeanFieldJoinIntegerIndex` from plugin jar `/var/lib/neo4j/plugins/apoc.jar`: java.lang.NoClassDefFoundError: org/apache/commons/collections4/MultiValuedMap
2026-01-23 06:04:13.218+0000 WARN  [o.n.k.a.p.GlobalProcedures] Failed to load `com.jayway.jsonpath.spi.json.JsonOrgJsonProvider` from plugin jar `/var/lib/neo4j/plugins/apoc.jar`: java.lang.NoClassDefFoundError: org/json/JSONException
2026-01-23 06:04:13.222+0000 WARN  [o.n.k.a.p.GlobalProcedures] Failed to load `com.opencsv.bean.concurrent.LineExecutor` from plugin jar `/var/lib/neo4j/plugins/apoc.jar`: java.lang.NoClassDefFoundError: org/apache/commons/collections4/ListValuedMap
2026-01-23 06:04:13.246+0000 WARN  [o.n.k.a.p.GlobalProcedures] Failed to load `net.minidev.asm.BeansAccessBuilder` from plugin jar `/var/lib/neo4j/plugins/apoc.jar`: java.lang.NoClassDefFoundError: org/objectweb/asm/MethodVisitor
2026-01-23 06:04:13.257+0000 WARN  [o.n.k.a.p.GlobalProcedures] Failed to load `com.jayway.jsonpath.spi.json.JakartaJsonProvider$JsonObjectProxy` from plugin jar `/var/lib/neo4j/plugins/apoc.jar`: java.lang.NoClassDefFoundError: jakarta/json/JsonObject
2026-01-23 06:04:13.260+0000 WARN  [o.n.k.a.p.GlobalProcedures] Failed to load `com.opencsv.bean.MappingStrategy` from plugin jar `/var/lib/neo4j/plugins/apoc.jar`: java.lang.NoClassDefFoundError: org/apache/commons/collections4/MultiValuedMap
2026-01-23 06:04:13.342+0000 WARN  [o.n.k.a.p.GlobalProcedures] Failed to load `apoc.util.s3.S3OutputStream$S3UploadManager` from plugin jar `/var/lib/neo4j/plugins/apoc.jar`: java.lang.NoClassDefFoundError: com/amazonaws/services/s3/AmazonS3
2026-01-23 06:04:13.359+0000 WARN  [o.n.k.a.p.GlobalProcedures] Failed to load `com.jayway.jsonpath.spi.mapper.JakartaMappingProvider$JsonArrayScope` from plugin jar `/var/lib/neo4j/plugins/apoc.jar`: java.lang.NoClassDefFoundError: jakarta/json/JsonValue
2026-01-23 06:04:13.361+0000 WARN  [o.n.k.a.p.GlobalProcedures] Failed to load `com.opencsv.bean.ConverterPrimitiveTypes` from plugin jar `/var/lib/neo4j/plugins/apoc.jar`: java.lang.NoClassDefFoundError: org/apache/commons/beanutils/ConversionException
2026-01-23 06:04:13.368+0000 WARN  [o.n.k.a.p.GlobalProcedures] Failed to load `apoc.util.s3.S3Aws` from plugin jar `/var/lib/neo4j/plugins/apoc.jar`: java.lang.NoClassDefFoundError: com/amazonaws/auth/AWSCredentials
2026-01-23 06:04:13.371+0000 WARN  [o.n.k.a.p.GlobalProcedures] Failed to load `com.jayway.jsonpath.spi.mapper.JakartaMappingProvider$JsonStructureToParserAdapter` from plugin jar `/var/lib/neo4j/plugins/apoc.jar`: java.lang.NoClassDefFoundError: jakarta/json/stream/JsonParser
2026-01-23 06:04:13.379+0000 WARN  [o.n.k.a.p.GlobalProcedures] Failed to load `com.opencsv.bean.concurrent.AccumulateCsvResults` from plugin jar `/var/lib/neo4j/plugins/apoc.jar`: java.lang.NoClassDefFoundError: org/apache/commons/collections4/ListValuedMap
2026-01-23 06:04:13.381+0000 WARN  [o.n.k.a.p.GlobalProcedures] Failed to load `apoc.util.s3.S3Aws$1` from plugin jar `/var/lib/neo4j/plugins/apoc.jar`: java.lang.NoClassDefFoundError: com/amazonaws/services/s3/model/S3ObjectInputStream
2026-01-23 06:04:14.806+0000 WARN  [o.n.k.a.p.GlobalProcedures] Use of @Procedure(deprecatedBy) without @Deprecated in apoc.convert.toTree
2026-01-23 06:04:15.104+0000 INFO  [o.n.s.s.s.UserSecurityGraphComponent] Performing postInitialization step for component 'security-users' with version 5 and status CURRENT
2026-01-23 06:04:15.104+0000 INFO  [o.n.s.s.s.UserSecurityGraphComponent] Updating the initial password in component 'security-users'
2026-01-23 06:04:15.147+0000 INFO  [o.n.d.d.DatabaseLifecycles] Creating 'DatabaseId{f7f14abc[neo4j]}'.
2026-01-23 06:04:15.152+0000 INFO  [o.n.d.d.DatabaseLifecycles] Starting 'DatabaseId{f7f14abc[neo4j]}'.
2026-01-23 06:04:15.179+0000 INFO  [o.n.k.i.t.l.f.c.CheckpointLogFile] [neo4j/f7f14abc] Scanning log file with version 0 for checkpoint entries
2026-01-23 06:04:15.213+0000 INFO  [o.n.k.i.s.f.RecordFormatSelector] [neo4j/f7f14abc] Selected RecordFormat:PageAlignedV5_0[aligned-1.1] record format from store /data/databases/neo4j
2026-01-23 06:04:15.213+0000 INFO  [o.n.k.i.s.f.RecordFormatSelector] [neo4j/f7f14abc] Selected format from the store files: RecordFormat:PageAlignedV5_0[aligned-1.1]
2026-01-23 06:04:15.387+0000 INFO  [o.n.i.d.DiagnosticsManager] [neo4j/f7f14abc] 
                                                                [neo4j/f7f14abc] ********************************************************************************
                                                                [neo4j/f7f14abc]                               [ Database: neo4j ]                               
                                                                [neo4j/f7f14abc] ********************************************************************************
                                                                [neo4j/f7f14abc] --------------------------------------------------------------------------------
                                                                [neo4j/f7f14abc]                                   [ Version ]                                   
                                                                [neo4j/f7f14abc] --------------------------------------------------------------------------------
                                                                [neo4j/f7f14abc] DBMS: community record-aligned-1.1
                                                                [neo4j/f7f14abc] Kernel version: 5.22.0
                                                                [neo4j/f7f14abc] 
                                                                [neo4j/f7f14abc] --------------------------------------------------------------------------------
                                                                [neo4j/f7f14abc]                                 [ Store files ]                                 
                                                                [neo4j/f7f14abc] --------------------------------------------------------------------------------
                                                                [neo4j/f7f14abc] Disk space on partition (Total / Free / Free %): 494384795648 / 74155077632 / 14
                                                                [neo4j/f7f14abc] Storage files stored on file store: fakeowner
                                                                [neo4j/f7f14abc] Storage files: (filename : modification date - size)
                                                                [neo4j/f7f14abc]   database_lock: 2026-01-20 08:54:14.394+0000 - 0B
                                                                [neo4j/f7f14abc]   id-buffer.tmp.0: 2026-01-22 10:38:18.894+0000 - 0B
                                                                [neo4j/f7f14abc]   neostore: 2026-01-20 08:54:16.238+0000 - 8.000KiB
                                                                [neo4j/f7f14abc]   neostore.counts.db: 2026-01-23 06:04:15.340+0000 - 48.00KiB
                                                                [neo4j/f7f14abc]   neostore.indexstats.db: 2026-01-23 06:04:15.346+0000 - 48.00KiB
                                                                [neo4j/f7f14abc]   neostore.labeltokenstore.db: 2026-01-20 09:12:23.652+0000 - 8.000KiB
                                                                [neo4j/f7f14abc]   neostore.labeltokenstore.db.id: 2026-01-23 06:04:15.318+0000 - 40.00KiB
                                                                [neo4j/f7f14abc]   neostore.labeltokenstore.db.names: 2026-01-20 09:12:23.661+0000 - 8.000KiB
                                                                [neo4j/f7f14abc]   neostore.labeltokenstore.db.names.id: 2026-01-23 06:04:15.312+0000 - 40.00KiB
                                                                [neo4j/f7f14abc]   neostore.nodestore.db: 2026-01-20 09:12:23.657+0000 - 656.0KiB
                                                                [neo4j/f7f14abc]   neostore.nodestore.db.id: 2026-01-23 06:04:15.231+0000 - 48.00KiB
                                                                [neo4j/f7f14abc]   neostore.nodestore.db.labels: 2026-01-20 08:54:16.144+0000 - 8.000KiB
                                                                [neo4j/f7f14abc]   neostore.nodestore.db.labels.id: 2026-01-23 06:04:15.218+0000 - 40.00KiB
                                                                [neo4j/f7f14abc]   neostore.propertystore.db: 2026-01-20 09:12:23.654+0000 - 2.828MiB
                                                                [neo4j/f7f14abc]   neostore.propertystore.db.arrays: 2026-01-20 09:12:23.658+0000 - 120.0KiB
                                                                [neo4j/f7f14abc]   neostore.propertystore.db.arrays.id: 2026-01-23 06:04:15.271+0000 - 40.00KiB
                                                                [neo4j/f7f14abc]   neostore.propertystore.db.id: 2026-01-23 06:04:15.283+0000 - 48.00KiB
                                                                [neo4j/f7f14abc]   neostore.propertystore.db.index: 2026-01-20 09:12:23.656+0000 - 8.000KiB
                                                                [neo4j/f7f14abc]   neostore.propertystore.db.index.id: 2026-01-23 06:04:15.249+0000 - 40.00KiB
                                                                [neo4j/f7f14abc]   neostore.propertystore.db.index.keys: 2026-01-20 09:12:23.661+0000 - 8.000KiB
                                                                [neo4j/f7f14abc]   neostore.propertystore.db.index.keys.id: 2026-01-23 06:04:15.241+0000 - 40.00KiB
                                                                [neo4j/f7f14abc]   neostore.propertystore.db.strings: 2026-01-20 08:54:17.292+0000 - 3.203MiB
                                                                [neo4j/f7f14abc]   neostore.propertystore.db.strings.id: 2026-01-23 06:04:15.262+0000 - 48.00KiB
                                                                [neo4j/f7f14abc]   neostore.relationshipgroupstore.db: 2026-01-20 08:54:20.370+0000 - 8.000KiB
                                                                [neo4j/f7f14abc]   neostore.relationshipgroupstore.db.id: 2026-01-23 06:04:15.333+0000 - 40.00KiB
                                                                [neo4j/f7f14abc]   neostore.relationshipgroupstore.degrees.db: 2026-01-23 06:04:15.343+0000 - 40.00KiB
                                                                [neo4j/f7f14abc]   neostore.relationshipstore.db: 2026-01-20 08:54:20.381+0000 - 4.391MiB
                                                                [neo4j/f7f14abc]   neostore.relationshipstore.db.id: 2026-01-23 06:04:15.291+0000 - 48.00KiB
                                                                [neo4j/f7f14abc]   neostore.relationshiptypestore.db: 2026-01-20 08:54:17.572+0000 - 8.000KiB
                                                                [neo4j/f7f14abc]   neostore.relationshiptypestore.db.id: 2026-01-23 06:04:15.305+0000 - 40.00KiB
                                                                [neo4j/f7f14abc]   neostore.relationshiptypestore.db.names: 2026-01-20 08:54:17.575+0000 - 8.000KiB
                                                                [neo4j/f7f14abc]   neostore.relationshiptypestore.db.names.id: 2026-01-23 06:04:15.298+0000 - 40.00KiB
                                                                [neo4j/f7f14abc]   neostore.schemastore.db: 2026-01-20 08:54:20.367+0000 - 8.000KiB
                                                                [neo4j/f7f14abc]   neostore.schemastore.db.id: 2026-01-23 06:04:15.326+0000 - 40.00KiB
                                                                [neo4j/f7f14abc]   schema:
                                                                [neo4j/f7f14abc]     index:
                                                                [neo4j/f7f14abc]       token-lookup-1.0:
                                                                [neo4j/f7f14abc]         1:
                                                                [neo4j/f7f14abc]           index-1: 2026-01-22 10:38:18.887+0000 - 104.0KiB
                                                                [neo4j/f7f14abc]         - Total: 2026-01-20 08:54:20.128+0000 - 104.0KiB
                                                                [neo4j/f7f14abc]         2:
                                                                [neo4j/f7f14abc]           index-2: 2026-01-22 10:38:18.890+0000 - 536.0KiB
                                                                [neo4j/f7f14abc]         - Total: 2026-01-20 08:54:20.222+0000 - 536.0KiB
                                                                [neo4j/f7f14abc]       - Total: 2026-01-20 08:54:20.221+0000 - 640.0KiB
                                                                [neo4j/f7f14abc]     - Total: 2026-01-20 08:54:20.122+0000 - 640.0KiB
                                                                [neo4j/f7f14abc]   - Total: 2026-01-20 08:54:20.121+0000 - 640.0KiB
                                                                [neo4j/f7f14abc] Storage summary: 
                                                                [neo4j/f7f14abc]   Total size of store: 12.59MiB
                                                                [neo4j/f7f14abc]   Total size of mapped files: 11.88MiB
                                                                [neo4j/f7f14abc] 
                                                                [neo4j/f7f14abc] --------------------------------------------------------------------------------
                                                                [neo4j/f7f14abc]                               [ Transaction log ]                               
                                                                [neo4j/f7f14abc] --------------------------------------------------------------------------------
                                                                [neo4j/f7f14abc] Transaction log files stored on file store: fakeowner
                                                                [neo4j/f7f14abc] Transaction log metadata:
                                                                [neo4j/f7f14abc]  - current kernel version used in transactions: V5_22
                                                                [neo4j/f7f14abc]  - last committed transaction id: 6
                                                                [neo4j/f7f14abc] Transaction log files:
                                                                [neo4j/f7f14abc]  - existing transaction log versions: 0-0
                                                                [neo4j/f7f14abc]  - oldest append index 2 found in log with version 0
                                                                [neo4j/f7f14abc]  - files: (filename : creation date - size)
                                                                [neo4j/f7f14abc]      neostore.transaction.db.0: 2026-01-20 08:54:19.079+0000 - 256.0MiB
                                                                [neo4j/f7f14abc]  - total size of files: 256.0MiB
                                                                [neo4j/f7f14abc] Checkpoint log files:
                                                                [neo4j/f7f14abc]  - existing checkpoint log versions: 0-0
                                                                [neo4j/f7f14abc]  - last checkpoint: CheckpointInfo[oldestNotVisibleTransactionLogPosition=LogPosition{logVersion=0, byteOffset=135488}, transactionLogPosition=LogPosition{logVersion=0, byteOffset=135488}, storeId=StoreId{creationTime=1768899256234, random=2047471587196363487, storageEngineName='record', formatName='aligned', majorVersion=1, minorVersion=1}, checkpointEntryPosition=LogPosition{logVersion=0, byteOffset=592}, channelPositionAfterCheckpoint=LogPosition{logVersion=0, byteOffset=824}, checkpointFilePostReadPosition=LogPosition{logVersion=0, byteOffset=824}, kernelVersion=KernelVersion{V5_22,version=18}, kernelVersionByte=18, transactionId=TransactionId[id=6, appendIndex=6, kernelVersion=KernelVersion{V5_22,version=18}, checksum=2146473090, commitTimestamp=1768899698024, consensusIndex=-1], appendIndex=6, reason=Checkpoint triggered by "Database shutdown" @ txId: 6, consensusIndexInCheckpoint=true]
                                                                [neo4j/f7f14abc] 
                                                                [neo4j/f7f14abc] --------------------------------------------------------------------------------
                                                                [neo4j/f7f14abc]                                   [ Id usage ]                                  
                                                                [neo4j/f7f14abc] --------------------------------------------------------------------------------
                                                                [neo4j/f7f14abc] ArrayPropertyStore[neostore.nodestore.db.labels]: used=1 high=0
                                                                [neo4j/f7f14abc] NodeStore[neostore.nodestore.db]: used=44772 high=44771
                                                                [neo4j/f7f14abc] StringPropertyStore[neostore.propertystore.db.index.keys]: used=24 high=23
                                                                [neo4j/f7f14abc] PropertyIndexStore[neostore.propertystore.db.index]: used=14 high=13
                                                                [neo4j/f7f14abc] StringPropertyStore[neostore.propertystore.db.strings]: used=26294 high=26293
                                                                [neo4j/f7f14abc] ArrayPropertyStore[neostore.propertystore.db.arrays]: used=928 high=927
                                                                [neo4j/f7f14abc] PropertyStore[neostore.propertystore.db]: used=71849 high=71848
                                                                [neo4j/f7f14abc] RelationshipStore[neostore.relationshipstore.db]: used=134880 high=134879
                                                                [neo4j/f7f14abc] StringPropertyStore[neostore.relationshiptypestore.db.names]: used=10 high=9
                                                                [neo4j/f7f14abc] RelationshipTypeStore[neostore.relationshiptypestore.db]: used=9 high=8
                                                                [neo4j/f7f14abc] StringPropertyStore[neostore.labeltokenstore.db.names]: used=9 high=8
                                                                [neo4j/f7f14abc] LabelTokenStore[neostore.labeltokenstore.db]: used=8 high=7
                                                                [neo4j/f7f14abc] SchemaStore[neostore.schemastore.db]: used=3 high=2
                                                                [neo4j/f7f14abc] RelationshipGroupStore[neostore.relationshipgroupstore.db]: used=215 high=214
                                                                [neo4j/f7f14abc] NeoStore[neostore]: used=-1 high=-1
                                                                [neo4j/f7f14abc] 
                                                                [neo4j/f7f14abc] --------------------------------------------------------------------------------
                                                                [neo4j/f7f14abc]                                   [ Metadata ]                                  
                                                                [neo4j/f7f14abc] --------------------------------------------------------------------------------
                                                                [neo4j/f7f14abc] EXTERNAL_STORE_UUID (Database identifier exposed as external store identity. Generated on creation and never updated): 630603e7-7aba-4c67-80b2-75bd479fde53
                                                                [neo4j/f7f14abc] DATABASE_ID (The last used DatabaseId for this database): null
                                                                [neo4j/f7f14abc] LEGACY_STORE_VERSION (Legacy store format version. This field is used from 5.0 onwards only to distinguish non-migrated pre 5.0 metadata stores.): -3523014627327384477
                                                                [neo4j/f7f14abc] STORE_ID (Store ID): StoreId{creationTime=1768899256234, random=2047471587196363487, storageEngineName='record', formatName='aligned', majorVersion=1, minorVersion=1}
                                                                [neo4j/f7f14abc] 
2026-01-23 06:04:15.398+0000 INFO  [o.n.k.i.i.s.TokenIndexProvider] [neo4j/f7f14abc] Schema index cleanup job registered: descriptor=Index( id=1, name='index_343aff4e', type='LOOKUP', schema=(:<any-labels>), indexProvider='token-lookup-1.0' ), indexFile=/data/databases/neo4j/schema/index/token-lookup-1.0/1/index-1
2026-01-23 06:04:15.399+0000 INFO  [o.n.k.i.i.s.TokenIndexProvider] [neo4j/f7f14abc] Schema index cleanup job started: descriptor=Index( id=1, name='index_343aff4e', type='LOOKUP', schema=(:<any-labels>), indexProvider='token-lookup-1.0' ), indexFile=/data/databases/neo4j/schema/index/token-lookup-1.0/1/index-1
2026-01-23 06:04:15.400+0000 INFO  [o.n.k.i.i.s.TokenIndexProvider] [neo4j/f7f14abc] Schema index cleanup job finished: descriptor=Index( id=1, name='index_343aff4e', type='LOOKUP', schema=(:<any-labels>), indexProvider='token-lookup-1.0' ), indexFile=/data/databases/neo4j/schema/index/token-lookup-1.0/1/index-1 Number of pages visited: 10, Number of tree nodes: 9, Number of cleaned crashed pointers: 0, Time spent: 0ms
2026-01-23 06:04:15.401+0000 INFO  [o.n.k.i.i.s.TokenIndexProvider] [neo4j/f7f14abc] Schema index cleanup job closed: descriptor=Index( id=1, name='index_343aff4e', type='LOOKUP', schema=(:<any-labels>), indexProvider='token-lookup-1.0' ), indexFile=/data/databases/neo4j/schema/index/token-lookup-1.0/1/index-1
2026-01-23 06:04:15.403+0000 INFO  [o.n.k.i.i.s.TokenIndexProvider] [neo4j/f7f14abc] Schema index cleanup job registered: descriptor=Index( id=2, name='index_f7700477', type='LOOKUP', schema=()-[:<any-types>]-(), indexProvider='token-lookup-1.0' ), indexFile=/data/databases/neo4j/schema/index/token-lookup-1.0/2/index-2
2026-01-23 06:04:15.404+0000 INFO  [o.n.k.i.i.s.TokenIndexProvider] [neo4j/f7f14abc] Schema index cleanup job started: descriptor=Index( id=2, name='index_f7700477', type='LOOKUP', schema=()-[:<any-types>]-(), indexProvider='token-lookup-1.0' ), indexFile=/data/databases/neo4j/schema/index/token-lookup-1.0/2/index-2
2026-01-23 06:04:15.404+0000 INFO  [o.n.k.i.a.i.IndexingService] [neo4j/f7f14abc] IndexingService.init: indexes not specifically mentioned above are ONLINE. Total 2 indexes. Processed in 9ms
2026-01-23 06:04:15.407+0000 INFO  [o.n.k.i.i.s.TokenIndexProvider] [neo4j/f7f14abc] Schema index cleanup job finished: descriptor=Index( id=2, name='index_f7700477', type='LOOKUP', schema=()-[:<any-types>]-(), indexProvider='token-lookup-1.0' ), indexFile=/data/databases/neo4j/schema/index/token-lookup-1.0/2/index-2 Number of pages visited: 64, Number of tree nodes: 63, Number of cleaned crashed pointers: 0, Time spent: 2ms
2026-01-23 06:04:15.407+0000 INFO  [o.n.k.i.i.s.TokenIndexProvider] [neo4j/f7f14abc] Schema index cleanup job closed: descriptor=Index( id=2, name='index_f7700477', type='LOOKUP', schema=()-[:<any-types>]-(), indexProvider='token-lookup-1.0' ), indexFile=/data/databases/neo4j/schema/index/token-lookup-1.0/2/index-2
2026-01-23 06:04:15.410+0000 INFO  [o.n.k.a.DatabaseAvailabilityGuard] [neo4j/f7f14abc] Requirement `Database unavailable` makes database neo4j unavailable.
2026-01-23 06:04:15.410+0000 INFO  [o.n.k.a.DatabaseAvailabilityGuard] [neo4j/f7f14abc] DatabaseId{f7f14abc[neo4j]} is unavailable.
2026-01-23 06:04:15.427+0000 INFO  [o.n.k.d.Database] [neo4j/f7f14abc] Starting transaction log [/data/transactions/neo4j/neostore.transaction.db.0] at version=0
2026-01-23 06:04:15.431+0000 INFO  [o.n.k.d.Database] [neo4j/f7f14abc] Starting transaction log [/data/transactions/neo4j/checkpoint.0] at version=0
2026-01-23 06:04:15.438+0000 INFO  [o.n.k.i.t.l.f.c.CheckpointLogFile] [neo4j/f7f14abc] Scanning log file with version 0 for checkpoint entries
2026-01-23 06:04:15.451+0000 INFO  [o.n.k.i.a.i.IndexingService] [neo4j/f7f14abc] IndexingService.start: indexes not specifically mentioned above are ONLINE. Total 2 indexes. Processed in 0ms
2026-01-23 06:04:15.453+0000 INFO  [o.n.k.a.DatabaseAvailabilityGuard] [neo4j/f7f14abc] Fulfilling of requirement 'Database unavailable' makes database neo4j available.
2026-01-23 06:04:15.455+0000 INFO  [o.n.k.a.DatabaseAvailabilityGuard] [neo4j/f7f14abc] DatabaseId{f7f14abc[neo4j]} is ready.
2026-01-23 06:04:15.457+0000 INFO  [o.n.u.UserDataCollector] Anonymous Usage Data is being sent to Neo4j, see https://neo4j.com/docs/usage-data/
2026-01-23 06:04:15.574+0000 INFO  [o.n.b.p.c.c.n.SocketNettyConnector] Bolt enabled on 0.0.0.0:7687.
2026-01-23 06:04:15.577+0000 WARN  [i.n.b.ServerBootstrap] Unknown channel option 'SO_REUSEADDR' for channel '[id: 0xe04a15f7]'
2026-01-23 06:04:15.586+0000 INFO  [o.n.b.BoltServer] Bolt server started
2026-01-23 06:04:15.586+0000 INFO  [o.n.s.A.ServerComponentsLifecycleAdapter] Starting web server
2026-01-23 06:04:16.622+0000 INFO  [o.n.s.CommunityNeoWebServer] HTTP enabled on 0.0.0.0:7474.
2026-01-23 06:04:16.623+0000 INFO  [o.n.s.CommunityNeoWebServer] Remote interface available at http://localhost:7474/
2026-01-23 06:04:16.623+0000 INFO  [o.n.s.A.ServerComponentsLifecycleAdapter] Web server started.
2026-01-23 06:04:16.630+0000 INFO  [o.n.g.f.DatabaseManagementServiceFactory] id: 04267C43772DEB876CA204FC7619FA7BCA5A495AFBA6DC493C98774E6DC3FB8C
2026-01-23 06:04:16.631+0000 INFO  [o.n.g.f.DatabaseManagementServiceFactory] name: system
2026-01-23 06:04:16.632+0000 INFO  [o.n.g.f.DatabaseManagementServiceFactory] creationDate: 2026-01-20T08:54:40.374Z
2026-01-23 07:48:55.521+0000 WARN  [o.n.k.i.c.VmPauseMonitorComponent] Detected VM stop-the-world pause: {pauseTime=287, gcTime=17, gcCount=1}
2026-01-23 07:48:55.886+0000 WARN  [o.n.k.i.c.VmPauseMonitorComponent] Detected VM stop-the-world pause: {pauseTime=202, gcTime=0, gcCount=0}
2026-01-23 08:01:32.703+0000 WARN  [o.n.k.i.c.VmPauseMonitorComponent] Detected VM stop-the-world pause: {pauseTime=380, gcTime=0, gcCount=0}
2026-01-23 08:01:36.460+0000 WARN  [o.n.k.i.c.VmPauseMonitorComponent] Detected VM stop-the-world pause: {pauseTime=206, gcTime=0, gcCount=0}
2026-01-23 08:02:25.894+0000 WARN  [o.n.k.i.c.VmPauseMonitorComponent] Detected VM stop-the-world pause: {pauseTime=408, gcTime=2, gcCount=1}
2026-01-23 08:19:31.021+0000 WARN  [o.n.b.p.c.f.r.NetworkResponseHandler] Client /172.18.0.4:33972 disconnected while query was running. Session has been cleaned up. This can be caused by temporary network problems, but if you see this often, ensure your applications are properly waiting for operations to complete before exiting.
2026-01-23 08:19:31.034+0000 WARN  [o.n.b.p.c.f.r.NetworkResponseHandler] Client /172.18.0.4:56008 disconnected while query was running. Session has been cleaned up. This can be caused by temporary network problems, but if you see this often, ensure your applications are properly waiting for operations to complete before exiting.
2026-01-23 08:19:31.037+0000 WARN  [o.n.b.p.c.f.r.NetworkResponseHandler] Client /172.18.0.4:34980 disconnected while query was running. Session has been cleaned up. This can be caused by temporary network problems, but if you see this often, ensure your applications are properly waiting for operations to complete before exiting.
2026-01-23 08:19:31.034+0000 WARN  [o.n.b.p.c.f.r.NetworkResponseHandler] Client /172.18.0.4:35076 disconnected while query was running. Session has been cleaned up. This can be caused by temporary network problems, but if you see this often, ensure your applications are properly waiting for operations to complete before exiting.
2026-01-23 08:19:31.034+0000 WARN  [o.n.b.p.c.f.r.NetworkResponseHandler] Client /172.18.0.4:50832 disconnected while query was running. Session has been cleaned up. This can be caused by temporary network problems, but if you see this often, ensure your applications are properly waiting for operations to complete before exiting.
2026-01-23 08:19:31.034+0000 WARN  [o.n.b.p.c.f.r.NetworkResponseHandler] Client /172.18.0.4:56006 disconnected while query was running. Session has been cleaned up. This can be caused by temporary network problems, but if you see this often, ensure your applications are properly waiting for operations to complete before exiting.
2026-01-23 08:19:31.046+0000 WARN  [o.n.b.p.c.f.r.NetworkResponseHandler] Client /172.18.0.4:58660 disconnected while query was running. Session has been cleaned up. This can be caused by temporary network problems, but if you see this often, ensure your applications are properly waiting for operations to complete before exiting.
2026-01-23 08:19:31.025+0000 WARN  [o.n.b.p.c.f.r.NetworkResponseHandler] Client /172.18.0.4:56106 disconnected while query was running. Session has been cleaned up. This can be caused by temporary network problems, but if you see this often, ensure your applications are properly waiting for operations to complete before exiting.
2026-01-23 08:19:31.034+0000 WARN  [o.n.b.p.c.f.r.NetworkResponseHandler] Client /172.18.0.4:35050 disconnected while query was running. Session has been cleaned up. This can be caused by temporary network problems, but if you see this often, ensure your applications are properly waiting for operations to complete before exiting.
2026-01-23 08:19:31.034+0000 WARN  [o.n.b.p.c.f.r.NetworkResponseHandler] Client /172.18.0.4:56064 disconnected while query was running. Session has been cleaned up. This can be caused by temporary network problems, but if you see this often, ensure your applications are properly waiting for operations to complete before exiting.
2026-01-23 08:26:51.559+0000 WARN  [o.n.k.i.c.VmPauseMonitorComponent] Detected VM stop-the-world pause: {pauseTime=211, gcTime=0, gcCount=0}
2026-01-23 08:26:51.941+0000 WARN  [o.n.k.i.c.VmPauseMonitorComponent] Detected VM stop-the-world pause: {pauseTime=213, gcTime=0, gcCount=0}
2026-01-23 08:31:20.214+0000 WARN  [o.n.k.i.c.VmPauseMonitorComponent] Detected VM stop-the-world pause: {pauseTime=432, gcTime=0, gcCount=0}
2026-01-23 08:33:31.215+0000 WARN  [o.n.k.i.c.VmPauseMonitorComponent] Detected VM stop-the-world pause: {pauseTime=210, gcTime=0, gcCount=0}
2026-01-23 08:38:39.694+0000 WARN  [o.n.k.i.c.VmPauseMonitorComponent] Detected VM stop-the-world pause: {pauseTime=235, gcTime=0, gcCount=0}
2026-01-23 08:38:40.090+0000 WARN  [o.n.k.i.c.VmPauseMonitorComponent] Detected VM stop-the-world pause: {pauseTime=395, gcTime=0, gcCount=0}
2026-01-23 08:38:42.010+0000 WARN  [o.n.k.i.c.VmPauseMonitorComponent] Detected VM stop-the-world pause: {pauseTime=222, gcTime=0, gcCount=0}
2026-01-23 08:39:57.732+0000 WARN  [o.n.k.i.c.VmPauseMonitorComponent] Detected VM stop-the-world pause: {pauseTime=223, gcTime=0, gcCount=0}
2026-01-23 08:39:58.167+0000 WARN  [o.n.k.i.c.VmPauseMonitorComponent] Detected VM stop-the-world pause: {pauseTime=294, gcTime=0, gcCount=0}
2026-01-23 08:50:57.207+0000 WARN  [o.n.k.i.c.VmPauseMonitorComponent] Detected VM stop-the-world pause: {pauseTime=1212, gcTime=0, gcCount=0}
2026-01-23 08:50:57.739+0000 WARN  [o.n.k.i.c.VmPauseMonitorComponent] Detected VM stop-the-world pause: {pauseTime=357, gcTime=137, gcCount=1}
2026-01-23 08:50:58.171+0000 WARN  [o.n.k.i.c.VmPauseMonitorComponent] Detected VM stop-the-world pause: {pauseTime=241, gcTime=0, gcCount=0}
2026-01-23 08:50:58.936+0000 WARN  [o.n.k.i.c.VmPauseMonitorComponent] Detected VM stop-the-world pause: {pauseTime=565, gcTime=5, gcCount=1}
2026-01-23 08:51:17.506+0000 WARN  [o.n.k.i.c.VmPauseMonitorComponent] Detected VM stop-the-world pause: {pauseTime=496, gcTime=0, gcCount=0}
2026-01-23 08:51:17.761+0000 WARN  [o.n.k.i.c.VmPauseMonitorComponent] Detected VM stop-the-world pause: {pauseTime=238, gcTime=0, gcCount=0}
2026-01-23 08:51:26.719+0000 WARN  [o.n.k.i.c.VmPauseMonitorComponent] Detected VM stop-the-world pause: {pauseTime=529, gcTime=0, gcCount=0}
2026-01-23 08:51:28.071+0000 WARN  [o.n.k.i.c.VmPauseMonitorComponent] Detected VM stop-the-world pause: {pauseTime=244, gcTime=0, gcCount=0}
2026-01-23 08:51:35.274+0000 WARN  [o.n.k.i.c.VmPauseMonitorComponent] Detected VM stop-the-world pause: {pauseTime=345, gcTime=0, gcCount=0}
2026-01-23 08:52:57.687+0000 WARN  [o.n.k.i.c.VmPauseMonitorComponent] Detected VM stop-the-world pause: {pauseTime=481, gcTime=60, gcCount=1}
2026-01-23 08:52:58.547+0000 WARN  [o.n.k.i.c.VmPauseMonitorComponent] Detected VM stop-the-world pause: {pauseTime=220, gcTime=0, gcCount=0}
2026-01-23 08:52:59.881+0000 WARN  [o.n.k.i.c.VmPauseMonitorComponent] Detected VM stop-the-world pause: {pauseTime=1198, gcTime=0, gcCount=0}
2026-01-23 08:54:31.246+0000 WARN  [o.n.k.i.c.VmPauseMonitorComponent] Detected VM stop-the-world pause: {pauseTime=701, gcTime=0, gcCount=0}
2026-01-23 08:54:33.351+0000 WARN  [o.n.k.i.c.VmPauseMonitorComponent] Detected VM stop-the-world pause: {pauseTime=213, gcTime=0, gcCount=0}
2026-01-23 08:56:38.320+0000 WARN  [o.n.k.i.c.VmPauseMonitorComponent] Detected VM stop-the-world pause: {pauseTime=335, gcTime=0, gcCount=0}
2026-01-23 09:17:54.397+0000 WARN  [o.n.k.i.c.VmPauseMonitorComponent] Detected VM stop-the-world pause: {pauseTime=257, gcTime=0, gcCount=0}
2026-01-23 09:31:52.284+0000 WARN  [o.n.k.i.c.VmPauseMonitorComponent] Detected VM stop-the-world pause: {pauseTime=266, gcTime=2, gcCount=1}
2026-01-23 09:32:10.328+0000 WARN  [o.n.k.i.c.VmPauseMonitorComponent] Detected VM stop-the-world pause: {pauseTime=235, gcTime=0, gcCount=0}
2026-01-23 09:32:10.572+0000 WARN  [o.n.k.i.c.VmPauseMonitorComponent] Detected VM stop-the-world pause: {pauseTime=357, gcTime=0, gcCount=0}
2026-01-23 09:42:45.068+0000 WARN  [o.n.k.i.c.VmPauseMonitorComponent] Detected VM stop-the-world pause: {pauseTime=293, gcTime=0, gcCount=0}
2026-01-23 10:51:26.510+0000 WARN  [o.n.k.i.c.VmPauseMonitorComponent] Detected VM stop-the-world pause: {pauseTime=203, gcTime=6, gcCount=2}
2026-01-24 05:13:58.112+0000 WARN  [o.n.k.i.c.VmPauseMonitorComponent] Detected VM stop-the-world pause: {pauseTime=500, gcTime=2, gcCount=1}
2026-01-24 05:13:58.355+0000 WARN  [o.n.k.i.c.VmPauseMonitorComponent] Detected VM stop-the-world pause: {pauseTime=233, gcTime=6, gcCount=1}
2026-01-24 05:14:03.772+0000 WARN  [o.n.k.i.c.VmPauseMonitorComponent] Detected VM stop-the-world pause: {pauseTime=246, gcTime=0, gcCount=0}
2026-01-24 06:10:37.915+0000 WARN  [o.n.k.i.c.VmPauseMonitorComponent] Detected VM stop-the-world pause: {pauseTime=362, gcTime=0, gcCount=0}
2026-01-24 07:42:24.888+0000 WARN  [o.n.k.i.c.VmPauseMonitorComponent] Detected VM stop-the-world pause: {pauseTime=272, gcTime=2, gcCount=1}
2026-01-24 07:48:48.412+0000 WARN  [o.n.k.i.c.VmPauseMonitorComponent] Detected VM stop-the-world pause: {pauseTime=215, gcTime=0, gcCount=0}
2026-01-24 07:51:10.815+0000 WARN  [o.n.k.i.c.VmPauseMonitorComponent] Detected VM stop-the-world pause: {pauseTime=544, gcTime=0, gcCount=0}
2026-01-24 07:51:11.851+0000 WARN  [o.n.k.i.c.VmPauseMonitorComponent] Detected VM stop-the-world pause: {pauseTime=5134, gcTime=0, gcCount=0}
2026-01-24 07:51:18.432+0000 WARN  [o.n.k.i.c.VmPauseMonitorComponent] Detected VM stop-the-world pause: {pauseTime=310, gcTime=3, gcCount=1}
2026-01-24 07:51:32.581+0000 WARN  [o.n.k.i.c.VmPauseMonitorComponent] Detected VM stop-the-world pause: {pauseTime=1162, gcTime=0, gcCount=0}
2026-01-24 07:51:47.895+0000 WARN  [o.n.k.i.c.VmPauseMonitorComponent] Detected VM stop-the-world pause: {pauseTime=222, gcTime=27, gcCount=1}
2026-01-24 07:52:03.613+0000 WARN  [o.n.k.i.c.VmPauseMonitorComponent] Detected VM stop-the-world pause: {pauseTime=319, gcTime=13, gcCount=1}
2026-01-24 07:52:22.326+0000 WARN  [o.n.k.i.c.VmPauseMonitorComponent] Detected VM stop-the-world pause: {pauseTime=524, gcTime=0, gcCount=0}
2026-01-24 07:52:22.750+0000 WARN  [o.n.k.i.c.VmPauseMonitorComponent] Detected VM stop-the-world pause: {pauseTime=252, gcTime=6, gcCount=1}
2026-01-24 07:52:26.218+0000 WARN  [o.n.k.i.c.VmPauseMonitorComponent] Detected VM stop-the-world pause: {pauseTime=343, gcTime=0, gcCount=0}
2026-01-24 07:52:52.860+0000 WARN  [o.n.k.i.c.VmPauseMonitorComponent] Detected VM stop-the-world pause: {pauseTime=208, gcTime=6, gcCount=1}
2026-01-24 08:22:25.174+0000 WARN  [o.n.k.i.c.VmPauseMonitorComponent] Detected VM stop-the-world pause: {pauseTime=270, gcTime=0, gcCount=0}
2026-01-24 08:22:25.623+0000 WARN  [o.n.k.i.c.VmPauseMonitorComponent] Detected VM stop-the-world pause: {pauseTime=216, gcTime=3, gcCount=1}
2026-01-24 08:32:24.985+0000 WARN  [o.n.k.i.c.VmPauseMonitorComponent] Detected VM stop-the-world pause: {pauseTime=259, gcTime=0, gcCount=0}
2026-01-24 08:32:25.385+0000 WARN  [o.n.k.i.c.VmPauseMonitorComponent] Detected VM stop-the-world pause: {pauseTime=200, gcTime=5, gcCount=1}
2026-01-24 08:42:25.390+0000 WARN  [o.n.k.i.c.VmPauseMonitorComponent] Detected VM stop-the-world pause: {pauseTime=242, gcTime=3, gcCount=1}
2026-01-24 08:42:51.278+0000 WARN  [o.n.b.p.c.f.r.NetworkResponseHandler] Client /172.18.0.4:36700 disconnected while query was running. Session has been cleaned up. This can be caused by temporary network problems, but if you see this often, ensure your applications are properly waiting for operations to complete before exiting.
2026-01-24 08:42:51.299+0000 WARN  [o.n.b.p.c.f.r.NetworkResponseHandler] Client /172.18.0.4:36704 disconnected while query was running. Session has been cleaned up. This can be caused by temporary network problems, but if you see this often, ensure your applications are properly waiting for operations to complete before exiting.
2026-01-24 08:42:51.374+0000 WARN  [o.n.b.p.c.f.r.NetworkResponseHandler] Client /172.18.0.4:58880 disconnected while query was running. Session has been cleaned up. This can be caused by temporary network problems, but if you see this often, ensure your applications are properly waiting for operations to complete before exiting.
2026-01-24 08:42:51.383+0000 WARN  [o.n.b.p.c.f.r.NetworkResponseHandler] Client /172.18.0.4:40968 disconnected while query was running. Session has been cleaned up. This can be caused by temporary network problems, but if you see this often, ensure your applications are properly waiting for operations to complete before exiting.
2026-01-24 08:42:51.411+0000 WARN  [o.n.b.p.c.f.r.NetworkResponseHandler] Client /172.18.0.4:33870 disconnected while query was running. Session has been cleaned up. This can be caused by temporary network problems, but if you see this often, ensure your applications are properly waiting for operations to complete before exiting.
2026-01-24 08:42:51.439+0000 WARN  [o.n.b.p.c.f.r.NetworkResponseHandler] Client /172.18.0.4:58852 disconnected while query was running. Session has been cleaned up. This can be caused by temporary network problems, but if you see this often, ensure your applications are properly waiting for operations to complete before exiting.
2026-01-24 08:42:51.444+0000 WARN  [o.n.b.p.c.f.r.NetworkResponseHandler] Client /172.18.0.4:40976 disconnected while query was running. Session has been cleaned up. This can be caused by temporary network problems, but if you see this often, ensure your applications are properly waiting for operations to complete before exiting.
2026-01-24 08:42:51.460+0000 WARN  [o.n.b.p.c.f.r.NetworkResponseHandler] Client /172.18.0.4:40986 disconnected while query was running. Session has been cleaned up. This can be caused by temporary network problems, but if you see this often, ensure your applications are properly waiting for operations to complete before exiting.
2026-01-24 08:42:51.464+0000 WARN  [o.n.b.p.c.f.r.NetworkResponseHandler] Client /172.18.0.4:48642 disconnected while query was running. Session has been cleaned up. This can be caused by temporary network problems, but if you see this often, ensure your applications are properly waiting for operations to complete before exiting.
2026-01-24 08:42:51.470+0000 WARN  [o.n.b.p.c.f.r.NetworkResponseHandler] Client /172.18.0.4:32932 disconnected while query was running. Session has been cleaned up. This can be caused by temporary network problems, but if you see this often, ensure your applications are properly waiting for operations to complete before exiting.
2026-01-24 08:42:51.480+0000 WARN  [o.n.b.p.c.f.r.NetworkResponseHandler] Client /172.18.0.4:36666 disconnected while query was running. Session has been cleaned up. This can be caused by temporary network problems, but if you see this often, ensure your applications are properly waiting for operations to complete before exiting.
2026-01-24 08:42:51.480+0000 WARN  [o.n.b.p.c.f.r.NetworkResponseHandler] Client /172.18.0.4:40860 disconnected while query was running. Session has been cleaned up. This can be caused by temporary network problems, but if you see this often, ensure your applications are properly waiting for operations to complete before exiting.
2026-01-24 08:42:51.500+0000 WARN  [o.n.b.p.c.f.r.NetworkResponseHandler] Client /172.18.0.4:40936 disconnected while query was running. Session has been cleaned up. This can be caused by temporary network problems, but if you see this often, ensure your applications are properly waiting for operations to complete before exiting.
2026-01-24 08:42:51.535+0000 WARN  [o.n.b.p.c.f.r.NetworkResponseHandler] Client /172.18.0.4:48626 disconnected while query was running. Session has been cleaned up. This can be caused by temporary network problems, but if you see this often, ensure your applications are properly waiting for operations to complete before exiting.
2026-01-24 08:42:51.552+0000 WARN  [o.n.b.p.c.f.r.NetworkResponseHandler] Client /172.18.0.4:36694 disconnected while query was running. Session has been cleaned up. This can be caused by temporary network problems, but if you see this often, ensure your applications are properly waiting for operations to complete before exiting.
2026-01-24 08:42:51.554+0000 WARN  [o.n.b.p.c.f.r.NetworkResponseHandler] Client /172.18.0.4:37438 disconnected while query was running. Session has been cleaned up. This can be caused by temporary network problems, but if you see this often, ensure your applications are properly waiting for operations to complete before exiting.
2026-01-24 08:42:51.561+0000 WARN  [o.n.b.p.c.f.r.NetworkResponseHandler] Client /172.18.0.4:36702 disconnected while query was running. Session has been cleaned up. This can be caused by temporary network problems, but if you see this often, ensure your applications are properly waiting for operations to complete before exiting.
2026-01-24 08:42:51.603+0000 WARN  [o.n.b.p.c.f.r.NetworkResponseHandler] Client /172.18.0.4:53230 disconnected while query was running. Session has been cleaned up. This can be caused by temporary network problems, but if you see this often, ensure your applications are properly waiting for operations to complete before exiting.
2026-01-25 00:59:03.367+0000 WARN  [o.n.k.i.c.VmPauseMonitorComponent] Detected VM stop-the-world pause: {pauseTime=330, gcTime=0, gcCount=0}
2026-01-25 00:59:03.621+0000 WARN  [o.n.k.i.c.VmPauseMonitorComponent] Detected VM stop-the-world pause: {pauseTime=351, gcTime=0, gcCount=0}
2026-01-25 03:04:32.009+0000 WARN  [o.n.k.i.c.VmPauseMonitorComponent] Detected VM stop-the-world pause: {pauseTime=250, gcTime=0, gcCount=0}
2026-01-25 03:04:32.422+0000 WARN  [o.n.k.i.c.VmPauseMonitorComponent] Detected VM stop-the-world pause: {pauseTime=599, gcTime=0, gcCount=0}
2026-01-25 08:22:21.875+0000 WARN  [o.n.k.i.c.VmPauseMonitorComponent] Detected VM stop-the-world pause: {pauseTime=3439, gcTime=0, gcCount=0}
2026-01-25 08:22:22.208+0000 WARN  [o.n.k.i.c.VmPauseMonitorComponent] Detected VM stop-the-world pause: {pauseTime=250, gcTime=0, gcCount=0}
2026-01-25 09:01:12.891+0000 WARN  [o.n.k.i.c.VmPauseMonitorComponent] Detected VM stop-the-world pause: {pauseTime=1522, gcTime=0, gcCount=0}
2026-01-25 09:01:13.450+0000 WARN  [o.n.k.i.c.VmPauseMonitorComponent] Detected VM stop-the-world pause: {pauseTime=355, gcTime=0, gcCount=0}
2026-01-25 09:01:23.044+0000 WARN  [o.n.k.i.c.VmPauseMonitorComponent] Detected VM stop-the-world pause: {pauseTime=219, gcTime=0, gcCount=0}
2026-01-25 10:03:01.570+0000 WARN  [o.n.k.i.c.VmPauseMonitorComponent] Detected VM stop-the-world pause: {pauseTime=384, gcTime=0, gcCount=0}
2026-01-25 10:03:02.488+0000 WARN  [o.n.k.i.c.VmPauseMonitorComponent] Detected VM stop-the-world pause: {pauseTime=2604, gcTime=0, gcCount=0}
2026-01-25 10:03:03.873+0000 WARN  [o.n.k.i.c.VmPauseMonitorComponent] Detected VM stop-the-world pause: {pauseTime=366, gcTime=0, gcCount=0}
2026-01-25 11:45:58.435+0000 INFO  [o.n.g.f.DatabaseManagementServiceFactory] Shutdown started
2026-01-25 11:45:58.614+0000 INFO  [o.n.b.BoltServer] Requested Bolt server shutdown
2026-01-25 11:45:58.617+0000 INFO  [o.n.b.p.c.c.ConnectionRegistry] Stopping remaining idle connections for connector bolt-local
2026-01-25 11:45:58.625+0000 INFO  [o.n.b.p.c.c.ConnectionRegistry] Stopped 0 idling connections for connector bolt-local
2026-01-25 11:45:58.629+0000 INFO  [o.n.b.p.c.c.ConnectionRegistry] Stopping remaining idle connections for connector bolt
2026-01-25 11:45:58.630+0000 INFO  [o.n.b.p.c.c.ConnectionRegistry] Stopped 0 idling connections for connector bolt
2026-01-25 11:45:58.637+0000 INFO  [o.n.d.d.DatabaseLifecycles] Stopping 'DatabaseId{f7f14abc[neo4j]}'.
2026-01-25 11:45:58.757+0000 INFO  [o.n.k.a.DatabaseAvailabilityGuard] [neo4j/f7f14abc] Requirement `Database unavailable` makes database neo4j unavailable.
2026-01-25 11:45:58.757+0000 INFO  [o.n.k.a.DatabaseAvailabilityGuard] [neo4j/f7f14abc] DatabaseId{f7f14abc[neo4j]} is unavailable.
2026-01-25 11:45:58.773+0000 INFO  [o.n.k.d.Database] [neo4j/f7f14abc] Waiting for closing transactions.
2026-01-25 11:45:58.782+0000 INFO  [o.n.k.d.Database] [neo4j/f7f14abc] All transactions are closed.
2026-01-25 11:45:58.796+0000 INFO  [o.n.k.i.t.l.c.CheckPointerImpl] [neo4j/f7f14abc] Checkpoint triggered by "Database shutdown" @ txId: 6 checkpoint started...
2026-01-25 11:45:58.914+0000 INFO  [o.n.k.i.t.l.c.CheckPointerImpl] [neo4j/f7f14abc] Checkpoint triggered by "Database shutdown" @ txId: 6 checkpoint completed in 115ms. Checkpoint flushed 39 pages (0% of total available pages), in 30 IOs. Checkpoint performed with IO limit: unlimited, paused in total 0 times( 0 millis).
2026-01-25 11:45:58.925+0000 INFO  [o.n.k.i.t.l.p.LogPruningImpl] [neo4j/f7f14abc] No log version pruned. The strategy used was '2 days 2147483648 size'. 
2026-01-25 11:45:59.032+0000 INFO  [o.n.d.d.DatabaseLifecycles] Stopped 'DatabaseId{f7f14abc[neo4j]}' successfully.
2026-01-25 11:45:59.032+0000 INFO  [o.n.d.d.DatabaseLifecycles] Stopping 'DatabaseId{00000000[system]}'.
2026-01-25 11:45:59.033+0000 INFO  [o.n.k.a.DatabaseAvailabilityGuard] [system/00000000] Requirement `Database unavailable` makes database system unavailable.
2026-01-25 11:45:59.033+0000 INFO  [o.n.k.a.DatabaseAvailabilityGuard] [system/00000000] DatabaseId{00000000[system]} is unavailable.
2026-01-25 11:45:59.034+0000 INFO  [o.n.k.d.Database] [system/00000000] Waiting for closing transactions.
2026-01-25 11:45:59.034+0000 INFO  [o.n.k.d.Database] [system/00000000] All transactions are closed.
2026-01-25 11:45:59.035+0000 INFO  [o.n.k.i.t.l.c.CheckPointerImpl] [system/00000000] Checkpoint triggered by "Database shutdown" @ txId: 41 checkpoint started...
2026-01-25 11:45:59.066+0000 INFO  [o.n.k.i.t.l.c.CheckPointerImpl] [system/00000000] Checkpoint triggered by "Database shutdown" @ txId: 41 checkpoint completed in 31ms. Checkpoint flushed 28 pages (0% of total available pages), in 27 IOs. Checkpoint performed with IO limit: unlimited, paused in total 0 times( 0 millis).
2026-01-25 11:45:59.066+0000 INFO  [o.n.k.i.t.l.p.LogPruningImpl] [system/00000000] No log version pruned. The strategy used was '2 days 2147483648 size'. 
2026-01-25 11:45:59.116+0000 INFO  [o.n.d.d.DatabaseLifecycles] Stopped 'DatabaseId{00000000[system]}' successfully.
2026-01-25 11:45:59.128+0000 INFO  [o.n.b.BoltServer] Shutting down Bolt server
2026-01-25 11:46:04.227+0000 INFO  [o.n.b.p.c.c.ConnectionRegistry] Stopping 0 connections for connector bolt-local
2026-01-25 11:46:04.228+0000 INFO  [o.n.b.p.c.c.ConnectionRegistry] Stopped all remaining connections for connector bolt-local
2026-01-25 11:46:04.228+0000 INFO  [o.n.b.p.c.c.ConnectionRegistry] Stopping 0 connections for connector bolt
2026-01-25 11:46:04.228+0000 INFO  [o.n.b.p.c.c.ConnectionRegistry] Stopped all remaining connections for connector bolt
2026-01-25 11:46:04.251+0000 INFO  [o.n.b.BoltServer] Bolt server has been shut down
2026-01-25 13:53:39.769+0000 INFO  [o.n.g.f.m.GlobalModule] Logging config in use: File '/var/lib/neo4j/conf/server-logs.xml'
2026-01-25 13:53:40.363+0000 INFO  [o.n.i.d.DiagnosticsManager] 
                                                                ********************************************************************************
                                                                                             [ System diagnostics ]                             
                                                                ********************************************************************************
                                                                --------------------------------------------------------------------------------
                                                                                         [ System memory information ]                          
                                                                --------------------------------------------------------------------------------
                                                                Total Physical memory: 17.54GiB
                                                                Free Physical memory: 9.033GiB
                                                                Committed virtual memory: 5.718GiB
                                                                Total swap space: 1024MiB
                                                                Free swap space: 970.3MiB
                                                                
                                                                --------------------------------------------------------------------------------
                                                                                           [ JVM memory information ]                           
                                                                --------------------------------------------------------------------------------
                                                                Free  memory: 996.3MiB
                                                                Total memory: 1.000GiB
                                                                Max   memory: 2.000GiB
                                                                Garbage Collector: G1 Young Generation: [G1 Eden Space, G1 Survivor Space, G1 Old Gen]
                                                                Garbage Collector: G1 Old Generation: [G1 Eden Space, G1 Survivor Space, G1 Old Gen]
                                                                Memory Pool: CodeHeap 'non-nmethods' (Non-heap memory): committed=2.438MiB, used=1.206MiB, max=5.570MiB, threshold=0B
                                                                Memory Pool: Metaspace (Non-heap memory): committed=21.69MiB, used=21.44MiB, max=-1B, threshold=0B
                                                                Memory Pool: CodeHeap 'profiled nmethods' (Non-heap memory): committed=5.625MiB, used=5.612MiB, max=117.2MiB, threshold=0B
                                                                Memory Pool: Compressed Class Space (Non-heap memory): committed=2.438MiB, used=2.310MiB, max=1.000GiB, threshold=0B
                                                                Memory Pool: G1 Eden Space (Heap memory): committed=642.0MiB, used=2.000MiB, max=-1B, threshold=?
                                                                Memory Pool: G1 Old Gen (Heap memory): committed=379.0MiB, used=22.22MiB, max=2.000GiB, threshold=0B
                                                                Memory Pool: G1 Survivor Space (Heap memory): committed=3.000MiB, used=2.441MiB, max=-1B, threshold=?
                                                                Memory Pool: CodeHeap 'non-profiled nmethods' (Non-heap memory): committed=2.438MiB, used=1.772MiB, max=117.2MiB, threshold=0B
                                                                
                                                                --------------------------------------------------------------------------------
                                                                                        [ Operating system information ]                        
                                                                --------------------------------------------------------------------------------
                                                                Operating System: Linux; version: 6.10.14-linuxkit; arch: aarch64; cpus: 8
                                                                Max number of file descriptors: 1048576
                                                                Number of open file descriptors: 245
                                                                Process id: 6
                                                                Byte order: LITTLE_ENDIAN
                                                                Local timezone: Etc/UTC
                                                                Memory page size: 4096
                                                                Unaligned memory access allowed: true
                                                                
                                                                --------------------------------------------------------------------------------
                                                                                              [ JVM information ]                               
                                                                --------------------------------------------------------------------------------
                                                                VM Name: OpenJDK 64-Bit Server VM
                                                                VM Vendor: Eclipse Adoptium
                                                                VM Version: 17.0.12+7
                                                                JIT compiler: HotSpot 64-Bit Tiered Compilers
                                                                VM Arguments: [-XX:+UseG1GC, -XX:-OmitStackTraceInFastThrow, -XX:+AlwaysPreTouch, -XX:+UnlockExperimentalVMOptions, -XX:+TrustFinalNonStaticFields, -XX:+DisableExplicitGC, -Djdk.nio.maxCachedBufferSize=1024, -Dio.netty.tryReflectionSetAccessible=true, -Djdk.tls.ephemeralDHKeySize=2048, -Djdk.tls.rejectClientInitiatedRenegotiation=true, -XX:FlightRecorderOptions=stackdepth=256, -XX:+UnlockDiagnosticVMOptions, -XX:+DebugNonSafepoints, --add-opens=java.base/java.nio=ALL-UNNAMED, --add-opens=java.base/java.io=ALL-UNNAMED, --add-opens=java.base/sun.nio.ch=ALL-UNNAMED, -Dlog4j2.disable.jmx=true, -Dfile.encoding=UTF-8, -Xms1048576k, -Xmx2097152k]
                                                                
                                                                --------------------------------------------------------------------------------
                                                                                               [ Java classpath ]                               
                                                                --------------------------------------------------------------------------------
                                                                 [classpath] /var/lib/neo4j/lib/neo4j-cypher-planner-5.22.0.jar
                                                                 [classpath] /var/lib/neo4j/lib/neo4j-5.22.0.jar
                                                                 [classpath] /var/lib/neo4j/lib/neo4j-procedure-api-5.22.0.jar
                                                                 [classpath] /var/lib/neo4j/lib/arrow-format-16.1.0.jar
                                                                 [classpath] /var/lib/neo4j/lib/neo4j-values-5.22.0.jar
                                                                 [classpath] /var/lib/neo4j/lib/neo4j-resource-5.22.0.jar
                                                                 [classpath] /var/lib/neo4j/lib/jetty-alpn-server-10.0.20.jar
                                                                 [classpath] /var/lib/neo4j/lib/jaxb-runtime-2.3.2.jar
                                                                 [classpath] /var/lib/neo4j/lib/neo4j-procedure-5.22.0.jar
                                                                 [classpath] /var/lib/neo4j/lib/cypher-antlr-ast-common-5.22.0.jar
                                                                 [classpath] /var/lib/neo4j/lib/jersey-container-servlet-2.34.jar
                                                                 [classpath] /var/lib/neo4j/lib/caffeine-3.1.8.jar
                                                                 [classpath] /var/lib/neo4j/lib/magnolia_2.13-1.1.8.jar
                                                                 [classpath] /var/lib/neo4j/lib/scala-library-2.13.11.jar
                                                                 [classpath] /var/lib/neo4j/lib/netty-transport-classes-epoll-4.1.111.Final.jar
                                                                 [classpath] /var/lib/neo4j/lib/neo4j-browser-5.21.0.jar
                                                                 [classpath] /var/lib/neo4j/lib/jackson-datatype-jsr310-2.17.0.jar
                                                                 [classpath] /var/lib/neo4j/lib/grpc-netty-1.65.0.jar
                                                                 [classpath] /var/lib/neo4j/lib/jetty-io-10.0.20.jar
                                                                 [classpath] /var/lib/neo4j/lib/jetty-servlet-10.0.20.jar
                                                                 [classpath] /var/lib/neo4j/lib/netty-tcnative-2.0.65.Final-linux-aarch_64.jar
                                                                 [classpath] /var/lib/neo4j/conf/*
                                                                 [classpath] /var/lib/neo4j/lib/WMI4Java-1.6.3.jar
                                                                 [classpath] /var/lib/neo4j/lib/jakarta.xml.bind-api-2.3.2.jar
                                                                 [classpath] /var/lib/neo4j/lib/jProcesses-1.6.5.jar
                                                                 [classpath] /var/lib/neo4j/lib/neo4j-import-util-5.22.0.jar
                                                                 [classpath] /var/lib/neo4j/lib/hk2-locator-2.6.1.jar
                                                                 [classpath] /var/lib/neo4j/lib/neo4j-cypher-logical-plans-5.22.0.jar
                                                                 [classpath] /var/lib/neo4j/lib/neo4j-front-end-5.22.0.jar
                                                                 [classpath] /var/lib/neo4j/lib/neo4j-spatial-index-5.22.0.jar
                                                                 [classpath] /var/lib/neo4j/lib/neo4j-ast-5.22.0.jar
                                                                 [classpath] /var/lib/neo4j/lib/eclipse-collections-api-11.1.0.jar
                                                                 [classpath] /var/lib/neo4j/lib/netty-resolver-4.1.111.Final.jar
                                                                 [classpath] /var/lib/neo4j/lib/jersey-container-servlet-core-2.34.jar
                                                                 [classpath] /var/lib/neo4j/lib/netty-handler-proxy-4.1.111.Final.jar
                                                                 [classpath] /var/lib/neo4j/lib/jansi-2.4.0.jar
                                                                 [classpath] /var/lib/neo4j/lib/jetty-xml-10.0.20.jar
                                                                 [classpath] /var/lib/neo4j/lib/jline-terminal-3.21.0.jar
                                                                 [classpath] /var/lib/neo4j/lib/grpc-protobuf-lite-1.62.2.jar
                                                                 [classpath] /var/lib/neo4j/lib/cypher-v6-parser-listener-5.22.0.jar
                                                                 [classpath] /var/lib/neo4j/lib/netty-codec-4.1.111.Final.jar
                                                                 [classpath] /var/lib/neo4j/lib/netty-tcnative-2.0.65.Final-linux-aarch_64-fedora.jar
                                                                 [classpath] /var/lib/neo4j/lib/neo4j-java-driver-5.22.0.jar
                                                                 [classpath] /var/lib/neo4j/lib/neo4j-cypher-ast-factory-5.22.0.jar
                                                                 [classpath] /var/lib/neo4j/lib/netty-transport-native-epoll-4.1.111.Final-linux-x86_64.jar
                                                                 [classpath] /var/lib/neo4j/lib/neo4j-cypher-rendering-5.22.0.jar
                                                                 [classpath] /var/lib/neo4j/lib/cypher-v6-ast-factory-5.22.0.jar
                                                                 [classpath] /var/lib/neo4j/lib/cypher-shell-5.22.0.jar
                                                                 [classpath] /var/lib/neo4j/lib/netty-handler-4.1.111.Final.jar
                                                                 [classpath] /var/lib/neo4j/lib/kiama_2.13-2.5.1.jar
                                                                 [classpath] /var/lib/neo4j/lib/jakarta.ws.rs-api-2.1.6.jar
                                                                 [classpath] /var/lib/neo4j/lib/netty-transport-native-kqueue-4.1.111.Final-osx-aarch_64.jar
                                                                 [classpath] /var/lib/neo4j/lib/neo4j-cypher-ir-5.22.0.jar
                                                                 [classpath] /var/lib/neo4j/lib/jackson-core-2.17.1.jar
                                                                 [classpath] /var/lib/neo4j/lib/istack-commons-runtime-3.0.8.jar
                                                                 [classpath] /var/lib/neo4j/lib/neo4j-cloud-5.22.0.jar
                                                                 [classpath] /var/lib/neo4j/lib/jetty-servlet-api-4.0.6.jar
                                                                 [classpath] /var/lib/neo4j/lib/neo4j-cypher-javacc-parser-5.22.0.jar
                                                                 [classpath] /var/lib/neo4j/lib/eclipse-collections-11.1.0.jar
                                                                 [classpath] /var/lib/neo4j/lib/guava-33.2.1-jre.jar
                                                                 [classpath] /var/lib/neo4j/lib/shiro-cache-2.0.0.jar
                                                                 [classpath] /var/lib/neo4j/lib/cypher-v5-literal-interpreter-5.22.0.jar
                                                                 [classpath] /var/lib/neo4j/lib/netty-common-4.1.111.Final.jar
                                                                 [classpath] /var/lib/neo4j/lib/arrow-memory-netty-16.1.0.jar
                                                                 [classpath] /var/lib/neo4j/lib/commons-text-1.12.0.jar
                                                                 [classpath] /var/lib/neo4j/lib/neo4j-index-5.22.0.jar
                                                                 [classpath] /var/lib/neo4j/lib/neo4j-slf4j-provider-5.22.0.jar
                                                                 [classpath] /var/lib/neo4j/lib/reactor-core-3.6.7.jar
                                                                 [classpath] /var/lib/neo4j/lib/jakarta.validation-api-2.0.2.jar
                                                                 [classpath] /var/lib/neo4j/lib/picocli-4.7.6.jar
                                                                 [classpath] /var/lib/neo4j/lib/shiro-crypto-hash-2.0.0.jar
                                                                 [classpath] /var/lib/neo4j/lib/neo4j-exceptions-5.22.0.jar
                                                                 [classpath] /var/lib/neo4j/lib/shiro-hashes-argon2-2.0.0.jar
                                                                 [classpath] /var/lib/neo4j/lib/neo4j-wal-5.22.0.jar
                                                                 [classpath] /var/lib/neo4j/lib/antlr4-runtime-4.13.1.jar
                                                                 [classpath] /var/lib/neo4j/lib/hk2-utils-2.6.1.jar
                                                                 [classpath] /var/lib/neo4j/lib/http2-common-10.0.20.jar
                                                                 [classpath] /var/lib/neo4j/lib/stax-ex-1.8.1.jar
                                                                 [classpath] /var/lib/neo4j/lib/netty-transport-native-unix-common-4.1.111.Final.jar
                                                                 [classpath] /var/lib/neo4j/lib/neo4j-query-router-5.22.0.jar
                                                                 [classpath] /var/lib/neo4j/lib/txw2-2.3.2.jar
                                                                 [classpath] /var/lib/neo4j/lib/jetty-webapp-10.0.20.jar
                                                                 [classpath] /var/lib/neo4j/lib/commons-lang3-3.14.0.jar
                                                                 [classpath] /var/lib/neo4j/lib/log4j-api-2.20.0.jar
                                                                 [classpath] /var/lib/neo4j/lib/neo4j-gql-status-5.22.0.jar
                                                                 [classpath] /var/lib/neo4j/lib/ipaddress-5.5.0.jar
                                                                 [classpath] /var/lib/neo4j/lib/cypher-parser-ast-common-5.22.0.jar
                                                                 [classpath] /var/lib/neo4j/lib/argparse4j-0.9.0.jar
                                                                 [classpath] /var/lib/neo4j/lib/neo4j-cypher-physical-planning-5.22.0.jar
                                                                 [classpath] /var/lib/neo4j/lib/log4j-core-2.20.0.jar
                                                                 [classpath] /var/lib/neo4j/lib/jetty-http-10.0.20.jar
                                                                 [classpath] /var/lib/neo4j/lib/commons-compress-1.26.2.jar
                                                                 [classpath] /var/lib/neo4j/lib/neo4j-util-5.22.0.jar
                                                                 [classpath] /var/lib/neo4j/lib/protobuf-java-util-3.25.3.jar
                                                                 [classpath] /var/lib/neo4j/lib/jetty-util-10.0.20.jar
                                                                 [classpath] /var/lib/neo4j/lib/lucene-analysis-common-9.11.0.jar
                                                                 [classpath] /var/lib/neo4j/lib/cypher-v5-parser-listener-5.22.0.jar
                                                                 [classpath] /var/lib/neo4j/lib/neo4j-collections-5.22.0.jar
                                                                 [classpath] /var/lib/neo4j/lib/neo4j-storage-engine-util-5.22.0.jar
                                                                 [classpath] /var/lib/neo4j/lib/arrow-memory-netty-buffer-patch-16.1.0.jar
                                                                 [classpath] /var/lib/neo4j/lib/neo4j-bolt-5.22.0.jar
                                                                 [classpath] /var/lib/neo4j/lib/neo4j-native-5.22.0.jar
                                                                 [classpath] /var/lib/neo4j/lib/jetty-server-10.0.20.jar
                                                                 [classpath] /var/lib/neo4j/lib/zstd-jni-1.5.6-3.jar
                                                                 [classpath] /var/lib/neo4j/lib/neo4j-concurrent-5.22.0.jar
                                                                 [classpath] /var/lib/neo4j/lib/cypher-antlr-common-5.22.0.jar
                                                                 [classpath] /var/lib/neo4j/lib/neo4j-token-api-5.22.0.jar
                                                                 [classpath] /var/lib/neo4j/lib/scala-collection-contrib_2.13-0.3.0.jar
                                                                 [classpath] /var/lib/neo4j/lib/animal-sniffer-annotations-1.23.jar
                                                                 [classpath] /var/lib/neo4j/lib/netty-codec-socks-4.1.111.Final.jar
                                                                 [classpath] /var/lib/neo4j/lib/cypher-v5-antlr-parser-5.22.0.jar
                                                                 [classpath] /var/lib/neo4j/lib/jersey-client-2.34.jar
                                                                 [classpath] /var/lib/neo4j/lib/jersey-hk2-2.34.jar
                                                                 [classpath] /var/lib/neo4j/lib/jetty-security-10.0.20.jar
                                                                 [classpath] /var/lib/neo4j/lib/neo4j-cypher-5.22.0.jar
                                                                 [classpath] /var/lib/neo4j/lib/zstd-proxy-5.22.0.jar
                                                                 [classpath] /var/lib/neo4j/lib/neo4j-udc-5.22.0.jar
                                                                 [classpath] /var/lib/neo4j/lib/neo4j-cypher-planner-spi-5.22.0.jar
                                                                 [classpath] /var/lib/neo4j/lib/grpc-core-1.65.0.jar
                                                                 [classpath] /var/lib/neo4j/lib/neo4j-monitoring-5.22.0.jar
                                                                 [classpath] /var/lib/neo4j/lib/jPowerShell-3.0.jar
                                                                 [classpath] /var/lib/neo4j/lib/neo4j-import-tool-5.22.0.jar
                                                                 [classpath] /var/lib/neo4j/lib/server-api-5.22.0.jar
                                                                 [classpath] /var/lib/neo4j/lib/jackson-databind-2.17.1.jar
                                                                 [classpath] /var/lib/neo4j/lib/reactive-streams-1.0.4.jar
                                                                 [classpath] /var/lib/neo4j/lib/arrow-memory-core-16.1.0.jar
                                                                 [classpath] /var/lib/neo4j/lib/neo4j-cypher-runtime-util-5.22.0.jar
                                                                 [classpath] /var/lib/neo4j/lib/neo4j-command-line-5.22.0.jar
                                                                 [classpath] /var/lib/neo4j/lib/netty-transport-native-epoll-4.1.111.Final-linux-aarch_64.jar
                                                                 [classpath] /var/lib/neo4j/lib/neo4j-record-storage-engine-5.22.0.jar
                                                                 [classpath] /var/lib/neo4j/lib/javassist-3.25.0-GA.jar
                                                                 [classpath] /var/lib/neo4j/lib/netty-tcnative-2.0.65.Final-linux-x86_64.jar
                                                                 [classpath] /var/lib/neo4j/lib/jackson-module-jaxb-annotations-2.17.1.jar
                                                                 [classpath] /var/lib/neo4j/lib/neo4j-id-generator-5.22.0.jar
                                                                 [classpath] /var/lib/neo4j/lib/neo4j-notifications-5.22.0.jar
                                                                 [classpath] /var/lib/neo4j/lib/cypher-v6-antlr-parser-5.22.0.jar
                                                                 [classpath] /var/lib/neo4j/lib/listenablefuture-9999.0-empty-to-avoid-conflict-with-guava.jar
                                                                 [classpath] /var/lib/neo4j/lib/failureaccess-1.0.2.jar
                                                                 [classpath] /var/lib/neo4j/lib/http2-hpack-10.0.20.jar
                                                                 [classpath] /var/lib/neo4j/lib/netty-codec-http-4.1.111.Final.jar
                                                                 [classpath] /var/lib/neo4j/lib/neo4j-kernel-5.22.0.jar
                                                                 [classpath] /var/lib/neo4j/lib/neo4j-layout-5.22.0.jar
                                                                 [classpath] /var/lib/neo4j/lib/cypher-parser-factory-5.22.0.jar
                                                                 [classpath] /var/lib/neo4j/lib/neo4j-unsafe-5.22.0.jar
                                                                 [classpath] /var/lib/neo4j/lib/grpc-stub-1.65.0.jar
                                                                 [classpath] /var/lib/neo4j/lib/jersey-common-2.34.jar
                                                                 [classpath] /var/lib/neo4j/lib/cypher-v5-ast-factory-5.22.0.jar
                                                                 [classpath] /var/lib/neo4j/lib/lucene-backward-codecs-9.11.0.jar
                                                                 [classpath] /var/lib/neo4j/lib/neo4j-lock-5.22.0.jar
                                                                 [classpath] /var/lib/neo4j/lib/neo4j-configuration-5.22.0.jar
                                                                 [classpath] /var/lib/neo4j/lib/neo4j-data-collector-5.22.0.jar
                                                                 [classpath] /var/lib/neo4j/lib/http2-server-10.0.20.jar
                                                                 [classpath] /var/lib/neo4j/lib/neo4j-schema-5.22.0.jar
                                                                 [classpath] /var/lib/neo4j/lib/neo4j-logging-5.22.0.jar
                                                                 [classpath] /var/lib/neo4j/lib/jackson-jaxrs-base-2.17.1.jar
                                                                 [classpath] /var/lib/neo4j/lib/neo4j-bootcheck-5.22.0.jar
                                                                 [classpath] /var/lib/neo4j/lib/neo4j-cypher-cache-5.22.0.jar
                                                                 [classpath] /var/lib/neo4j/lib/shiro-crypto-core-2.0.0.jar
                                                                 [classpath] /var/lib/neo4j/lib/neo4j-cypher-interpreted-runtime-5.22.0.jar
                                                                 [classpath] /var/lib/neo4j/lib/jna-5.14.0.jar
                                                                 [classpath] /var/lib/neo4j/lib/neo4j-common-5.22.0.jar
                                                                 [classpath] /var/lib/neo4j/lib/commons-configuration2-2.11.0.jar
                                                                 [classpath] /var/lib/neo4j/lib/netty-transport-4.1.111.Final.jar
                                                                 [classpath] /var/lib/neo4j/lib/neo4j-csv-5.22.0.jar
                                                                 [classpath] /var/lib/neo4j/lib/protobuf-java-3.25.2.jar
                                                                 [classpath] /var/lib/neo4j/lib/jline-terminal-jansi-3.21.0.jar
                                                                 [classpath] /var/lib/neo4j/lib/hk2-api-2.6.1.jar
                                                                 [classpath] /var/lib/neo4j/lib/commons-logging-1.3.2.jar
                                                                 [classpath] /var/lib/neo4j/lib/neo4j-kernel-api-5.22.0.jar
                                                                 [classpath] /var/lib/neo4j/lib/grpc-api-1.65.0.jar
                                                                 [classpath] /var/lib/neo4j/lib/cypher-parser-common-5.22.0.jar
                                                                 [classpath] /var/lib/neo4j/lib/neo4j-graphdb-api-5.22.0.jar
                                                                 [classpath] /var/lib/neo4j/lib/neo4j-graph-algo-5.22.0.jar
                                                                 [classpath] /var/lib/neo4j/lib/neo4j-cypher-config-5.22.0.jar
                                                                 [classpath] /var/lib/neo4j/lib/lucene-core-9.11.0.jar
                                                                 [classpath] /var/lib/neo4j/lib/jackson-annotations-2.17.1.jar
                                                                 [classpath] /var/lib/neo4j/lib/shiro-core-2.0.0.jar
                                                                 [classpath] /var/lib/neo4j/lib/neo4j-fabric-5.22.0.jar
                                                                 [classpath] /var/lib/neo4j/lib/jsr305-3.0.2.jar
                                                                 [classpath] /var/lib/neo4j/lib/grpc-protobuf-1.65.0.jar
                                                                 [classpath] /var/lib/neo4j/lib/shiro-lang-2.0.0.jar
                                                                 [classpath] /var/lib/neo4j/lib/commons-codec-1.17.0.jar
                                                                 [classpath] /var/lib/neo4j/lib/jakarta.activation-api-1.2.2.jar
                                                                 [classpath] /var/lib/neo4j/lib/neo4j-cypher-macros-5.22.0.jar
                                                                 [classpath] /var/lib/neo4j/lib/grpc-util-1.62.2.jar
                                                                 [classpath] /var/lib/neo4j/lib/neo4j-diagnostics-5.22.0.jar
                                                                 [classpath] /var/lib/neo4j/lib/jetty-alpn-java-server-10.0.20.jar
                                                                 [classpath] /var/lib/neo4j/lib/neo4j-fulltext-index-5.22.0.jar
                                                                 [classpath] /var/lib/neo4j/lib/jettison-1.5.4.jar
                                                                 [classpath] /var/lib/neo4j/lib/jakarta.inject-2.6.1.jar
                                                                 [classpath] /var/lib/neo4j/lib/neo4j-cypher-slotted-runtime-5.22.0.jar
                                                                 [classpath] /var/lib/neo4j/lib/netty-tcnative-classes-2.0.65.Final.jar
                                                                 [classpath] /var/lib/neo4j/lib/slf4j-api-2.0.9.jar
                                                                 [classpath] /var/lib/neo4j/lib/perfmark-api-0.26.0.jar
                                                                 [classpath] /var/lib/neo4j/lib/arrow-vector-16.1.0.jar
                                                                 [classpath] /var/lib/neo4j/lib/gson-2.11.0.jar
                                                                 [classpath] /var/lib/neo4j/lib/jline-reader-3.21.0.jar
                                                                 [classpath] /var/lib/neo4j/lib/FastInfoset-1.2.16.jar
                                                                 [classpath] /var/lib/neo4j/lib/shiro-crypto-cipher-2.0.0.jar
                                                                 [classpath] /var/lib/neo4j/lib/neo4j-ssl-5.22.0.jar
                                                                 [classpath] /var/lib/neo4j/lib/cypher-ast-factory-5.22.0.jar
                                                                 [classpath] /var/lib/neo4j/lib/jackson-jaxrs-json-provider-2.17.1.jar
                                                                 [classpath] /var/lib/neo4j/lib/netty-tcnative-2.0.65.Final-linux-x86_64-fedora.jar
                                                                 [classpath] /var/lib/neo4j/lib/netty-codec-http2-4.1.111.Final.jar
                                                                 [classpath] /var/lib/neo4j/lib/neo4j-cypher-expression-evaluator-5.22.0.jar
                                                                 [classpath] /var/lib/neo4j/lib/flatbuffers-java-23.5.26.jar
                                                                 [classpath] /var/lib/neo4j/lib/neo4j-rewriting-5.22.0.jar
                                                                 [classpath] /var/lib/neo4j/lib/lucene-queryparser-9.11.0.jar
                                                                 [classpath] /var/lib/neo4j/lib/neo4j-expressions-5.22.0.jar
                                                                 [classpath] /var/lib/neo4j/lib/neo4j-lucene-index-5.22.0.jar
                                                                 [classpath] /var/lib/neo4j/lib/proto-google-common-protos-2.40.0.jar
                                                                 [classpath] /var/lib/neo4j/lib/netty-transport-classes-kqueue-4.1.111.Final.jar
                                                                 [classpath] /var/lib/neo4j/lib/annotations-5.22.0.jar
                                                                 [classpath] /var/lib/neo4j/lib/neo4j-codegen-5.22.0.jar
                                                                 [classpath] /var/lib/neo4j/lib/scala-reflect-2.13.11.jar
                                                                 [classpath] /var/lib/neo4j/plugins/apoc.jar
                                                                 [classpath] /var/lib/neo4j/lib/commons-io-2.16.1.jar
                                                                 [classpath] /var/lib/neo4j/lib/jakarta.annotation-api-1.3.5.jar
                                                                 [classpath] /var/lib/neo4j/lib/jctools-core-4.0.5.jar
                                                                 [classpath] /var/lib/neo4j/lib/grpc-context-1.65.0.jar
                                                                 [classpath] /var/lib/neo4j/lib/netty-transport-native-kqueue-4.1.111.Final-osx-x86_64.jar
                                                                 [classpath] /var/lib/neo4j/lib/neo4j-io-5.22.0.jar
                                                                 [classpath] /var/lib/neo4j/lib/neo4j-dbms-5.22.0.jar
                                                                 [classpath] /var/lib/neo4j/lib/flight-core-16.1.0.jar
                                                                 [classpath] /var/lib/neo4j/lib/neo4j-server-5.22.0.jar
                                                                 [classpath] /var/lib/neo4j/lib/neo4j-push-to-cloud-5.22.0.jar
                                                                 [classpath] /var/lib/neo4j/lib/neo4j-security-5.22.0.jar
                                                                 [classpath] /var/lib/neo4j/lib/log4j-layout-template-json-2.20.0.jar
                                                                 [classpath] /var/lib/neo4j/lib/netty-buffer-4.1.111.Final.jar
                                                                 [classpath] /var/lib/neo4j/lib/shiro-hashes-bcrypt-2.0.0.jar
                                                                 [classpath] /var/lib/neo4j/lib/jersey-server-2.34.jar
                                                                 [classpath] /var/lib/neo4j/lib/neo4j-consistency-check-5.22.0.jar
                                                                 [classpath] /var/lib/neo4j/lib/neo4j-capabilities-5.22.0.jar
                                                                 [classpath] /var/lib/neo4j/lib/shiro-config-core-2.0.0.jar
                                                                 [classpath] /var/lib/neo4j/lib/neo4j-cypher-dsl-2024.0.0.jar
                                                                 [classpath] /var/lib/neo4j/lib/shiro-event-2.0.0.jar
                                                                
                                                                --------------------------------------------------------------------------------
                                                                                                [ Library path ]                                
                                                                --------------------------------------------------------------------------------
                                                                /usr/java/packages/lib
                                                                /usr/lib64
                                                                /lib64
                                                                /lib
                                                                /usr/lib
                                                                
                                                                --------------------------------------------------------------------------------
                                                                                             [ System properties ]                              
                                                                --------------------------------------------------------------------------------
                                                                jdk.tls.rejectClientInitiatedRenegotiation = true
                                                                sun.jnu.encoding = UTF-8
                                                                sun.arch.data.model = 64
                                                                user.timezone = Etc/UTC
                                                                sun.java.launcher = SUN_STANDARD
                                                                sun.boot.library.path = /opt/java/openjdk/lib
                                                                sun.java.command = org.neo4j.server.CommunityEntryPoint --home-dir=/var/lib/neo4j --config-dir=/var/lib/neo4j/conf --console-mode
                                                                jdk.debug = release
                                                                io.netty.tryReflectionSetAccessible = true
                                                                sun.cpu.endian = little
                                                                user.home = /var/lib/neo4j
                                                                user.language = en
                                                                file.separator = /
                                                                jdk.tls.ephemeralDHKeySize = 2048
                                                                sun.management.compiler = HotSpot 64-Bit Tiered Compilers
                                                                user.name = neo4j
                                                                jdk.nio.maxCachedBufferSize = 1024
                                                                path.separator = :
                                                                file.encoding = UTF-8
                                                                jnidispatch.path = /var/lib/neo4j/.cache/JNA/temp/jna13495949680644312491.tmp
                                                                jna.loaded = true
                                                                user.dir = /var/lib/neo4j
                                                                native.encoding = UTF-8
                                                                sun.io.unicode.encoding = UnicodeLittle
                                                                log4j2.disable.jmx = true
                                                                
                                                                --------------------------------------------------------------------------------
                                                                                      [ (IANA) TimeZone database version ]                      
                                                                --------------------------------------------------------------------------------
                                                                  TimeZone version: 2024a (available for 603 zone identifiers)
                                                                
                                                                --------------------------------------------------------------------------------
                                                                                            [ Network information ]                             
                                                                --------------------------------------------------------------------------------
                                                                Interface eth0:
                                                                    address: 172.18.0.2
                                                                Interface lo:
                                                                    address: 0:0:0:0:0:0:0:1%lo
                                                                    address: 127.0.0.1
                                                                
                                                                --------------------------------------------------------------------------------
                                                                                         [ Native access information ]                          
                                                                --------------------------------------------------------------------------------
                                                                Native access details: Linux native access is available.
                                                                
                                                                --------------------------------------------------------------------------------
                                                                                                [ DBMS config ]                                 
                                                                --------------------------------------------------------------------------------
                                                                DBMS provided settings:
                                                                db.tx_log.rotation.retention_policy=2 days 2G
                                                                dbms.memory.transaction.total.max=1.00GiB
                                                                dbms.security.procedures.unrestricted=apoc.*
                                                                server.bolt.enabled=true
                                                                server.databases.writable=true
                                                                server.default_listen_address=0.0.0.0
                                                                server.directories.import=/import
                                                                server.directories.logs=/logs
                                                                server.directories.neo4j_home=/var/lib/neo4j
                                                                server.http.enabled=true
                                                                server.https.enabled=false
                                                                server.jvm.additional=-XX:+UseG1GC
-XX:-OmitStackTraceInFastThrow
-XX:+AlwaysPreTouch
-XX:+UnlockExperimentalVMOptions
-XX:+TrustFinalNonStaticFields
-XX:+DisableExplicitGC
-Djdk.nio.maxCachedBufferSize=1024
-Dio.netty.tryReflectionSetAccessible=true
-Djdk.tls.ephemeralDHKeySize=2048
-Djdk.tls.rejectClientInitiatedRenegotiation=true
-XX:FlightRecorderOptions=stackdepth=256
-XX:+UnlockDiagnosticVMOptions
-XX:+DebugNonSafepoints
--add-opens=java.base/java.nio=ALL-UNNAMED
--add-opens=java.base/java.io=ALL-UNNAMED
--add-opens=java.base/sun.nio.ch=ALL-UNNAMED
-Dlog4j2.disable.jmx=true
                                                                server.memory.heap.initial_size=1.00GiB
                                                                server.memory.heap.max_size=2.00GiB
                                                                server.memory.pagecache.size=2.00GiB
                                                                server.windows_service_name=neo4j
                                                                Directories in use:
                                                                server.directories.data=/var/lib/neo4j/data
                                                                server.directories.dumps.root=/var/lib/neo4j/data/dumps
                                                                server.directories.import=/import
                                                                server.directories.lib=/var/lib/neo4j/lib
                                                                server.directories.licenses=/var/lib/neo4j/licenses
                                                                server.directories.logs=/logs
                                                                server.directories.neo4j_home=/var/lib/neo4j
                                                                server.directories.plugins=/var/lib/neo4j/plugins
                                                                server.directories.run=/var/lib/neo4j/run
                                                                server.directories.script.root=/var/lib/neo4j/data/scripts
                                                                server.directories.transaction.logs.root=/var/lib/neo4j/data/transactions
                                                                
                                                                --------------------------------------------------------------------------------
                                                                                                 [ Packaging ]                                  
                                                                --------------------------------------------------------------------------------
                                                                Edition: Community
                                                                Package Type: docker bullseye
                                                                
2026-01-25 13:53:40.426+0000 INFO  [o.n.d.i.DefaultIdentityModule] Found ServerId on disk: ServerId{6bdcb1ef} (6bdcb1ef-58bf-41d7-9e1c-0ee16147efa0)
2026-01-25 13:53:40.430+0000 INFO  [o.n.d.i.DefaultIdentityModule] This instance is ServerId{6bdcb1ef} (6bdcb1ef-58bf-41d7-9e1c-0ee16147efa0)
2026-01-25 13:53:42.332+0000 INFO  [o.n.s.CommunityNeoWebServer] ======== Neo4j 5.22.0 ========
2026-01-25 13:53:42.359+0000 INFO  [o.n.d.d.DatabaseLifecycles] Creating 'DatabaseId{00000000[system]}'.
2026-01-25 13:53:42.425+0000 INFO  [a.ApocConfig] successfully registered ApocConfig for @Context
2026-01-25 13:53:42.434+0000 INFO  [a.Pools] successfully registered Pools for @Context
2026-01-25 13:53:42.596+0000 INFO  [a.ApocConfig] cannot determine conf folder from sys property org.neo4j.server.CommunityEntryPoint --home-dir=/var/lib/neo4j --config-dir=/var/lib/neo4j/conf --console-mode, assuming /var/lib/neo4j/conf
2026-01-25 13:53:42.598+0000 INFO  [a.ApocConfig] system property NEO4J_CONF set to /var/lib/neo4j/conf
2026-01-25 13:53:42.812+0000 INFO  [a.ApocConfig] setting APOC config to default value: apoc.trigger.enabled=false
2026-01-25 13:53:42.920+0000 INFO  [o.n.b.BoltServer] Using connector transport epoll
2026-01-25 13:53:43.076+0000 INFO  [o.n.b.BoltServer] Configured external Bolt connector with listener address /0.0.0.0:7687
2026-01-25 13:53:43.078+0000 INFO  [o.n.b.BoltServer] Bolt server loaded
2026-01-25 13:53:43.111+0000 INFO  [o.n.d.d.DatabaseLifecycles] Starting 'DatabaseId{00000000[system]}'.
2026-01-25 13:53:43.669+0000 INFO  [o.n.k.i.t.l.f.c.CheckpointLogFile] [system/00000000] Scanning log file with version 0 for checkpoint entries
2026-01-25 13:53:43.775+0000 INFO  [o.n.k.i.s.f.RecordFormatSelector] [system/00000000] Selected RecordFormat:PageAlignedV5_0[aligned-1.1] record format from store /data/databases/system
2026-01-25 13:53:43.776+0000 INFO  [o.n.k.i.s.f.RecordFormatSelector] [system/00000000] Selected format from the store files: RecordFormat:PageAlignedV5_0[aligned-1.1]
2026-01-25 13:53:44.399+0000 INFO  [o.n.i.d.DiagnosticsManager] [system/00000000] 
                                                                [system/00000000] ********************************************************************************
                                                                [system/00000000]                               [ Database: system ]                              
                                                                [system/00000000] ********************************************************************************
                                                                [system/00000000] --------------------------------------------------------------------------------
                                                                [system/00000000]                                   [ Version ]                                   
                                                                [system/00000000] --------------------------------------------------------------------------------
                                                                [system/00000000] DBMS: community record-aligned-1.1
                                                                [system/00000000] Kernel version: 5.22.0
                                                                [system/00000000] 
                                                                [system/00000000] --------------------------------------------------------------------------------
                                                                [system/00000000]                                 [ Store files ]                                 
                                                                [system/00000000] --------------------------------------------------------------------------------
                                                                [system/00000000] Disk space on partition (Total / Free / Free %): 494384795648 / 60174057472 / 12
                                                                [system/00000000] Storage files stored on file store: fakeowner
                                                                [system/00000000] Storage files: (filename : modification date - size)
                                                                [system/00000000]   database_lock: 2026-01-20 08:54:40.649+0000 - 0B
                                                                [system/00000000]   neostore: 2026-01-20 08:54:40.381+0000 - 8.000KiB
                                                                [system/00000000]   neostore.counts.db: 2026-01-25 13:53:44.171+0000 - 48.00KiB
                                                                [system/00000000]   neostore.indexstats.db: 2026-01-25 13:53:44.208+0000 - 48.00KiB
                                                                [system/00000000]   neostore.labeltokenstore.db: 2026-01-20 09:09:51.300+0000 - 8.000KiB
                                                                [system/00000000]   neostore.labeltokenstore.db.id: 2026-01-25 13:53:44.107+0000 - 40.00KiB
                                                                [system/00000000]   neostore.labeltokenstore.db.names: 2026-01-20 09:09:51.304+0000 - 8.000KiB
                                                                [system/00000000]   neostore.labeltokenstore.db.names.id: 2026-01-25 13:53:44.101+0000 - 40.00KiB
                                                                [system/00000000]   neostore.nodestore.db: 2026-01-20 09:09:51.306+0000 - 8.000KiB
                                                                [system/00000000]   neostore.nodestore.db.id: 2026-01-25 13:53:44.044+0000 - 40.00KiB
                                                                [system/00000000]   neostore.nodestore.db.labels: 2026-01-20 08:54:40.287+0000 - 8.000KiB
                                                                [system/00000000]   neostore.nodestore.db.labels.id: 2026-01-25 13:53:44.030+0000 - 40.00KiB
                                                                [system/00000000]   neostore.propertystore.db: 2026-01-20 09:09:51.301+0000 - 8.000KiB
                                                                [system/00000000]   neostore.propertystore.db.arrays: 2026-01-20 08:54:40.317+0000 - 8.000KiB
                                                                [system/00000000]   neostore.propertystore.db.arrays.id: 2026-01-25 13:53:44.072+0000 - 40.00KiB
                                                                [system/00000000]   neostore.propertystore.db.id: 2026-01-25 13:53:44.078+0000 - 40.00KiB
                                                                [system/00000000]   neostore.propertystore.db.index: 2026-01-20 09:09:51.302+0000 - 8.000KiB
                                                                [system/00000000]   neostore.propertystore.db.index.id: 2026-01-25 13:53:44.059+0000 - 40.00KiB
                                                                [system/00000000]   neostore.propertystore.db.index.keys: 2026-01-20 09:09:51.308+0000 - 8.000KiB
                                                                [system/00000000]   neostore.propertystore.db.index.keys.id: 2026-01-25 13:53:44.052+0000 - 40.00KiB
                                                                [system/00000000]   neostore.propertystore.db.strings: 2026-01-20 09:09:51.307+0000 - 8.000KiB
                                                                [system/00000000]   neostore.propertystore.db.strings.id: 2026-01-25 13:53:44.067+0000 - 40.00KiB
                                                                [system/00000000]   neostore.relationshipgroupstore.db: 2026-01-20 08:54:40.365+0000 - 8.000KiB
                                                                [system/00000000]   neostore.relationshipgroupstore.db.id: 2026-01-25 13:53:44.119+0000 - 40.00KiB
                                                                [system/00000000]   neostore.relationshipgroupstore.degrees.db: 2026-01-25 13:53:44.196+0000 - 40.00KiB
                                                                [system/00000000]   neostore.relationshipstore.db: 2026-01-20 09:09:51.305+0000 - 8.000KiB
                                                                [system/00000000]   neostore.relationshipstore.db.id: 2026-01-25 13:53:44.083+0000 - 40.00KiB
                                                                [system/00000000]   neostore.relationshiptypestore.db: 2026-01-20 09:09:51.309+0000 - 8.000KiB
                                                                [system/00000000]   neostore.relationshiptypestore.db.id: 2026-01-25 13:53:44.096+0000 - 40.00KiB
                                                                [system/00000000]   neostore.relationshiptypestore.db.names: 2026-01-20 09:09:51.298+0000 - 8.000KiB
                                                                [system/00000000]   neostore.relationshiptypestore.db.names.id: 2026-01-25 13:53:44.087+0000 - 40.00KiB
                                                                [system/00000000]   neostore.schemastore.db: 2026-01-20 09:09:51.303+0000 - 8.000KiB
                                                                [system/00000000]   neostore.schemastore.db.id: 2026-01-25 13:53:44.113+0000 - 40.00KiB
                                                                [system/00000000]   schema:
                                                                [system/00000000]     index:
                                                                [system/00000000]       range-1.0:
                                                                [system/00000000]         3:
                                                                [system/00000000]           index-3: 2026-01-25 11:45:59.076+0000 - 48.00KiB
                                                                [system/00000000]         - Total: 2026-01-20 08:54:42.588+0000 - 48.00KiB
                                                                [system/00000000]         4:
                                                                [system/00000000]           index-4: 2026-01-25 11:45:59.077+0000 - 48.00KiB
                                                                [system/00000000]         - Total: 2026-01-20 08:54:42.648+0000 - 48.00KiB
                                                                [system/00000000]         7:
                                                                [system/00000000]           index-7: 2026-01-25 11:45:59.078+0000 - 48.00KiB
                                                                [system/00000000]         - Total: 2026-01-20 08:54:42.909+0000 - 48.00KiB
                                                                [system/00000000]         8:
                                                                [system/00000000]           index-8: 2026-01-25 11:45:59.079+0000 - 48.00KiB
                                                                [system/00000000]         - Total: 2026-01-20 08:54:42.940+0000 - 48.00KiB
                                                                [system/00000000]         9:
                                                                [system/00000000]           index-9: 2026-01-25 11:45:59.082+0000 - 48.00KiB
                                                                [system/00000000]         - Total: 2026-01-20 08:54:42.972+0000 - 48.00KiB
                                                                [system/00000000]       - Total: 2026-01-20 08:54:42.969+0000 - 240.0KiB
                                                                [system/00000000]       token-lookup-1.0:
                                                                [system/00000000]         1:
                                                                [system/00000000]           index-1: 2026-01-25 11:45:59.075+0000 - 48.00KiB
                                                                [system/00000000]         - Total: 2026-01-20 08:54:41.259+0000 - 48.00KiB
                                                                [system/00000000]         2:
                                                                [system/00000000]           index-2: 2026-01-25 11:45:59.075+0000 - 48.00KiB
                                                                [system/00000000]         - Total: 2026-01-20 08:54:41.209+0000 - 48.00KiB
                                                                [system/00000000]       - Total: 2026-01-20 08:54:41.258+0000 - 96.00KiB
                                                                [system/00000000]     - Total: 2026-01-20 08:54:42.585+0000 - 336.0KiB
                                                                [system/00000000]   - Total: 2026-01-20 08:54:41.205+0000 - 336.0KiB
                                                                [system/00000000] Storage summary: 
                                                                [system/00000000]   Total size of store: 1.125MiB
                                                                [system/00000000]   Total size of mapped files: 456.0KiB
                                                                [system/00000000] 
                                                                [system/00000000] --------------------------------------------------------------------------------
                                                                [system/00000000]                               [ Transaction log ]                               
                                                                [system/00000000] --------------------------------------------------------------------------------
                                                                [system/00000000] Transaction log files stored on file store: fakeowner
                                                                [system/00000000] Transaction log metadata:
                                                                [system/00000000]  - current kernel version used in transactions: V5_22
                                                                [system/00000000]  - last committed transaction id: 41
                                                                [system/00000000] Transaction log files:
                                                                [system/00000000]  - existing transaction log versions: 0-0
                                                                [system/00000000]  - oldest append index 2 found in log with version 0
                                                                [system/00000000]  - files: (filename : creation date - size)
                                                                [system/00000000]      neostore.transaction.db.0: 2026-01-20 08:54:40.682+0000 - 256.0MiB
                                                                [system/00000000]  - total size of files: 256.0MiB
                                                                [system/00000000] Checkpoint log files:
                                                                [system/00000000]  - existing checkpoint log versions: 0-0
                                                                [system/00000000]  - last checkpoint: CheckpointInfo[oldestNotVisibleTransactionLogPosition=LogPosition{logVersion=0, byteOffset=24028}, transactionLogPosition=LogPosition{logVersion=0, byteOffset=24028}, storeId=StoreId{creationTime=1768899280374, random=-6912260248954375244, storageEngineName='record', formatName='aligned', majorVersion=1, minorVersion=1}, checkpointEntryPosition=LogPosition{logVersion=0, byteOffset=824}, channelPositionAfterCheckpoint=LogPosition{logVersion=0, byteOffset=1056}, checkpointFilePostReadPosition=LogPosition{logVersion=0, byteOffset=1056}, kernelVersion=KernelVersion{V5_22,version=18}, kernelVersionByte=18, transactionId=TransactionId[id=41, appendIndex=41, kernelVersion=KernelVersion{V5_22,version=18}, checksum=-467039588, commitTimestamp=1768899283028, consensusIndex=-1], appendIndex=41, reason=Checkpoint triggered by "Database shutdown" @ txId: 41, consensusIndexInCheckpoint=true]
                                                                [system/00000000] 
                                                                [system/00000000] --------------------------------------------------------------------------------
                                                                [system/00000000]                                   [ Id usage ]                                  
                                                                [system/00000000] --------------------------------------------------------------------------------
                                                                [system/00000000] ArrayPropertyStore[neostore.nodestore.db.labels]: used=1 high=0
                                                                [system/00000000] NodeStore[neostore.nodestore.db]: used=7 high=6
                                                                [system/00000000] StringPropertyStore[neostore.propertystore.db.index.keys]: used=47 high=46
                                                                [system/00000000] PropertyIndexStore[neostore.propertystore.db.index]: used=33 high=32
                                                                [system/00000000] StringPropertyStore[neostore.propertystore.db.strings]: used=3 high=2
                                                                [system/00000000] ArrayPropertyStore[neostore.propertystore.db.arrays]: used=1 high=0
                                                                [system/00000000] PropertyStore[neostore.propertystore.db]: used=73 high=72
                                                                [system/00000000] RelationshipStore[neostore.relationshipstore.db]: used=3 high=2
                                                                [system/00000000] StringPropertyStore[neostore.relationshiptypestore.db.names]: used=3 high=2
                                                                [system/00000000] RelationshipTypeStore[neostore.relationshiptypestore.db]: used=2 high=1
                                                                [system/00000000] StringPropertyStore[neostore.labeltokenstore.db.names]: used=6 high=5
                                                                [system/00000000] LabelTokenStore[neostore.labeltokenstore.db]: used=5 high=4
                                                                [system/00000000] SchemaStore[neostore.schemastore.db]: used=13 high=12
                                                                [system/00000000] RelationshipGroupStore[neostore.relationshipgroupstore.db]: used=1 high=0
                                                                [system/00000000] NeoStore[neostore]: used=-1 high=-1
                                                                [system/00000000] 
                                                                [system/00000000] --------------------------------------------------------------------------------
                                                                [system/00000000]                                   [ Metadata ]                                  
                                                                [system/00000000] --------------------------------------------------------------------------------
                                                                [system/00000000] EXTERNAL_STORE_UUID (Database identifier exposed as external store identity. Generated on creation and never updated): 11492661-349b-4c9e-8bae-3bd39e9b80e6
                                                                [system/00000000] DATABASE_ID (The last used DatabaseId for this database): null
                                                                [system/00000000] LEGACY_STORE_VERSION (Legacy store format version. This field is used from 5.0 onwards only to distinguish non-migrated pre 5.0 metadata stores.): -3523014627327384477
                                                                [system/00000000] STORE_ID (Store ID): StoreId{creationTime=1768899280374, random=-6912260248954375244, storageEngineName='record', formatName='aligned', majorVersion=1, minorVersion=1}
                                                                [system/00000000] 
2026-01-25 13:53:44.581+0000 INFO  [o.n.k.i.a.i.IndexingService] [system/00000000] IndexingService.init: indexes not specifically mentioned above are ONLINE. Total 7 indexes. Processed in 114ms
2026-01-25 13:53:44.596+0000 INFO  [o.n.k.a.DatabaseAvailabilityGuard] [system/00000000] Requirement `Database unavailable` makes database system unavailable.
2026-01-25 13:53:44.599+0000 INFO  [o.n.k.a.DatabaseAvailabilityGuard] [system/00000000] DatabaseId{00000000[system]} is unavailable.
2026-01-25 13:53:44.711+0000 INFO  [o.n.k.d.Database] [system/00000000] Starting transaction log [/data/transactions/system/neostore.transaction.db.0] at version=0
2026-01-25 13:53:44.720+0000 INFO  [o.n.k.d.Database] [system/00000000] Starting transaction log [/data/transactions/system/checkpoint.0] at version=0
2026-01-25 13:53:44.724+0000 INFO  [o.n.k.i.t.l.f.c.CheckpointLogFile] [system/00000000] Scanning log file with version 0 for checkpoint entries
2026-01-25 13:53:44.732+0000 INFO  [o.n.k.i.a.i.IndexingService] [system/00000000] IndexingService.start: indexes not specifically mentioned above are ONLINE. Total 7 indexes. Processed in 0ms
2026-01-25 13:53:44.745+0000 INFO  [o.n.k.a.DatabaseAvailabilityGuard] [system/00000000] Fulfilling of requirement 'Database unavailable' makes database system available.
2026-01-25 13:53:44.747+0000 INFO  [o.n.k.a.DatabaseAvailabilityGuard] [system/00000000] DatabaseId{00000000[system]} is ready.
2026-01-25 13:53:44.810+0000 WARN  [o.n.k.a.p.GlobalProcedures] Failed to load `com.opencsv.bean.BeanFieldJoinStringIndex` from plugin jar `/var/lib/neo4j/plugins/apoc.jar`: java.lang.NoClassDefFoundError: org/apache/commons/collections4/MultiValuedMap
2026-01-25 13:53:44.817+0000 WARN  [o.n.k.a.p.GlobalProcedures] Failed to load `com.jayway.jsonpath.spi.mapper.JakartaMappingProvider` from plugin jar `/var/lib/neo4j/plugins/apoc.jar`: java.lang.NoClassDefFoundError: jakarta/json/stream/JsonParser
2026-01-25 13:53:44.878+0000 WARN  [o.n.k.a.p.GlobalProcedures] Failed to load `com.opencsv.bean.AbstractMappingStrategy` from plugin jar `/var/lib/neo4j/plugins/apoc.jar`: java.lang.NoClassDefFoundError: org/apache/commons/collections4/MultiValuedMap
2026-01-25 13:53:44.892+0000 WARN  [o.n.k.a.p.GlobalProcedures] Failed to load `com.opencsv.bean.concurrent.BeanExecutor` from plugin jar `/var/lib/neo4j/plugins/apoc.jar`: java.lang.NoClassDefFoundError: org/apache/commons/collections4/ListValuedMap
2026-01-25 13:53:44.925+0000 WARN  [o.n.k.a.p.GlobalProcedures] Failed to load `com.opencsv.bean.HeaderIndex` from plugin jar `/var/lib/neo4j/plugins/apoc.jar`: java.lang.NoClassDefFoundError: org/apache/commons/collections4/MultiValuedMap
2026-01-25 13:53:44.927+0000 WARN  [o.n.k.a.p.GlobalProcedures] Failed to load `com.opencsv.bean.FuzzyMappingStrategy` from plugin jar `/var/lib/neo4j/plugins/apoc.jar`: java.lang.NoClassDefFoundError: org/apache/commons/collections4/MultiValuedMap
2026-01-25 13:53:44.931+0000 WARN  [o.n.k.a.p.GlobalProcedures] Failed to load `net.minidev.asm.ASMUtil` from plugin jar `/var/lib/neo4j/plugins/apoc.jar`: java.lang.NoClassDefFoundError: org/objectweb/asm/MethodVisitor
2026-01-25 13:53:44.932+0000 WARN  [o.n.k.a.p.GlobalProcedures] Failed to load `apoc.util.hdfs.HDFSUtils$1` from plugin jar `/var/lib/neo4j/plugins/apoc.jar`: java.lang.NoClassDefFoundError: org/apache/hadoop/fs/FSDataInputStream
2026-01-25 13:53:44.932+0000 WARN  [o.n.k.a.p.GlobalProcedures] Failed to load `com.opencsv.bean.BeanFieldJoin` from plugin jar `/var/lib/neo4j/plugins/apoc.jar`: java.lang.NoClassDefFoundError: org/apache/commons/collections4/MultiValuedMap
2026-01-25 13:53:44.934+0000 WARN  [o.n.k.a.p.GlobalProcedures] Failed to load `META-INF.versions.9.module-info` from plugin jar `/var/lib/neo4j/plugins/apoc.jar`: java.lang.NoClassDefFoundError: META-INF/versions/9/module-info is not a class because access_flag ACC_MODULE is set
2026-01-25 13:53:44.950+0000 WARN  [o.n.k.a.p.GlobalProcedures] Failed to load `com.jayway.jsonpath.spi.json.JakartaJsonProvider$JsonObjectProxy$1` from plugin jar `/var/lib/neo4j/plugins/apoc.jar`: java.lang.NoClassDefFoundError: jakarta/json/JsonObject
2026-01-25 13:53:44.959+0000 WARN  [o.n.k.a.p.GlobalProcedures] Failed to load `com.opencsv.bean.customconverter.ConvertGermanToBoolean` from plugin jar `/var/lib/neo4j/plugins/apoc.jar`: java.lang.NoClassDefFoundError: org/apache/commons/beanutils/ConversionException
2026-01-25 13:53:44.971+0000 WARN  [o.n.k.a.p.GlobalProcedures] Failed to load `com.opencsv.bean.StatefulBeanToCsv` from plugin jar `/var/lib/neo4j/plugins/apoc.jar`: java.lang.NoClassDefFoundError: org/apache/commons/collections4/MultiValuedMap
2026-01-25 13:53:44.973+0000 WARN  [o.n.k.a.p.GlobalProcedures] Failed to load `com.opencsv.bean.HeaderNameBaseMappingStrategy` from plugin jar `/var/lib/neo4j/plugins/apoc.jar`: java.lang.NoClassDefFoundError: org/apache/commons/collections4/MultiValuedMap
2026-01-25 13:53:44.976+0000 WARN  [o.n.k.a.p.GlobalProcedures] Failed to load `com.jayway.jsonpath.spi.mapper.JakartaMappingProvider$JsonStructureScope` from plugin jar `/var/lib/neo4j/plugins/apoc.jar`: java.lang.NoClassDefFoundError: jakarta/json/JsonValue
2026-01-25 13:53:44.978+0000 WARN  [o.n.k.a.p.GlobalProcedures] Failed to load `com.opencsv.bean.concurrent.IntolerantThreadPoolExecutor` from plugin jar `/var/lib/neo4j/plugins/apoc.jar`: java.lang.NoClassDefFoundError: org/apache/commons/collections4/ListValuedMap
2026-01-25 13:53:45.010+0000 WARN  [o.n.k.a.p.GlobalProcedures] Failed to load `com.opencsv.bean.customconverter.ConverterLanguageToBoolean` from plugin jar `/var/lib/neo4j/plugins/apoc.jar`: java.lang.NoClassDefFoundError: org/apache/commons/beanutils/ConversionException
2026-01-25 13:53:45.045+0000 WARN  [o.n.k.a.p.GlobalProcedures] Failed to load `com.opencsv.bean.customconverter.ConvertFrenchToBoolean` from plugin jar `/var/lib/neo4j/plugins/apoc.jar`: java.lang.NoClassDefFoundError: org/apache/commons/beanutils/ConversionException
2026-01-25 13:53:45.046+0000 WARN  [o.n.k.a.p.GlobalProcedures] Failed to load `com.opencsv.bean.ColumnPositionMappingStrategy` from plugin jar `/var/lib/neo4j/plugins/apoc.jar`: java.lang.NoClassDefFoundError: org/apache/commons/collections4/MultiValuedMap
2026-01-25 13:53:45.052+0000 WARN  [o.n.k.a.p.GlobalProcedures] Failed to load `com.jayway.jsonpath.spi.mapper.JakartaMappingProvider$JsonObjectScope` from plugin jar `/var/lib/neo4j/plugins/apoc.jar`: java.lang.NoClassDefFoundError: jakarta/json/JsonValue
2026-01-25 13:53:45.057+0000 WARN  [o.n.k.a.p.GlobalProcedures] Failed to load `apoc.util.google.cloud.GCStorageURLConnection` from plugin jar `/var/lib/neo4j/plugins/apoc.jar`: java.lang.NoClassDefFoundError: com/google/cloud/storage/Storage
2026-01-25 13:53:45.063+0000 WARN  [o.n.k.a.p.GlobalProcedures] Failed to load `com.jayway.jsonpath.spi.json.JakartaJsonProvider` from plugin jar `/var/lib/neo4j/plugins/apoc.jar`: java.lang.NoClassDefFoundError: jakarta/json/JsonObject
2026-01-25 13:53:45.073+0000 WARN  [o.n.k.a.p.GlobalProcedures] Failed to load `com.opencsv.bean.CsvToBeanBuilder` from plugin jar `/var/lib/neo4j/plugins/apoc.jar`: java.lang.NoClassDefFoundError: org/apache/commons/collections4/ListValuedMap
2026-01-25 13:53:45.093+0000 WARN  [o.n.k.a.p.GlobalProcedures] Failed to load `com.jayway.jsonpath.spi.json.JakartaJsonProvider$JsonArrayProxy` from plugin jar `/var/lib/neo4j/plugins/apoc.jar`: java.lang.NoClassDefFoundError: jakarta/json/JsonArray
2026-01-25 13:53:45.114+0000 WARN  [o.n.k.a.p.GlobalProcedures] Failed to load `com.opencsv.bean.FieldMapByPosition$1` from plugin jar `/var/lib/neo4j/plugins/apoc.jar`: java.lang.NoClassDefFoundError: org/apache/commons/collections4/iterators/LazyIteratorChain
2026-01-25 13:53:45.115+0000 WARN  [o.n.k.a.p.GlobalProcedures] Failed to load `com.opencsv.bean.HeaderColumnNameMappingStrategy` from plugin jar `/var/lib/neo4j/plugins/apoc.jar`: java.lang.NoClassDefFoundError: org/apache/commons/collections4/MultiValuedMap
2026-01-25 13:53:45.122+0000 WARN  [o.n.k.a.p.GlobalProcedures] Failed to load `apoc.util.hdfs.HDFSUtils` from plugin jar `/var/lib/neo4j/plugins/apoc.jar`: java.lang.NoClassDefFoundError: org/apache/hadoop/fs/FSDataOutputStream
2026-01-25 13:53:45.145+0000 WARN  [o.n.k.a.p.GlobalProcedures] Failed to load `com.jayway.jsonpath.spi.json.JakartaJsonProvider$JsonArrayProxy$1` from plugin jar `/var/lib/neo4j/plugins/apoc.jar`: java.lang.NoClassDefFoundError: jakarta/json/JsonValue
2026-01-25 13:53:45.146+0000 WARN  [o.n.k.a.p.GlobalProcedures] Failed to load `com.jayway.jsonpath.spi.json.JakartaJsonProvider$JsonArrayProxy$2` from plugin jar `/var/lib/neo4j/plugins/apoc.jar`: java.lang.NoClassDefFoundError: jakarta/json/JsonValue
2026-01-25 13:53:45.161+0000 WARN  [o.n.k.a.p.GlobalProcedures] Failed to load `com.opencsv.bean.StatefulBeanToCsvBuilder` from plugin jar `/var/lib/neo4j/plugins/apoc.jar`: java.lang.NoClassDefFoundError: org/apache/commons/collections4/ListValuedMap
2026-01-25 13:53:45.164+0000 WARN  [o.n.k.a.p.GlobalProcedures] Failed to load `com.opencsv.bean.HeaderColumnNameTranslateMappingStrategy` from plugin jar `/var/lib/neo4j/plugins/apoc.jar`: java.lang.NoClassDefFoundError: org/apache/commons/collections4/MultiValuedMap
2026-01-25 13:53:45.178+0000 WARN  [o.n.k.a.p.GlobalProcedures] Failed to load `apoc.util.s3.S3URLConnection` from plugin jar `/var/lib/neo4j/plugins/apoc.jar`: java.lang.NoClassDefFoundError: com/amazonaws/ClientConfiguration
2026-01-25 13:53:45.184+0000 WARN  [o.n.k.a.p.GlobalProcedures] Failed to load `com.opencsv.bean.BeanFieldJoinIntegerIndex` from plugin jar `/var/lib/neo4j/plugins/apoc.jar`: java.lang.NoClassDefFoundError: org/apache/commons/collections4/MultiValuedMap
2026-01-25 13:53:45.186+0000 WARN  [o.n.k.a.p.GlobalProcedures] Failed to load `com.jayway.jsonpath.spi.json.JsonOrgJsonProvider` from plugin jar `/var/lib/neo4j/plugins/apoc.jar`: java.lang.NoClassDefFoundError: org/json/JSONException
2026-01-25 13:53:45.189+0000 WARN  [o.n.k.a.p.GlobalProcedures] Failed to load `com.opencsv.bean.concurrent.LineExecutor` from plugin jar `/var/lib/neo4j/plugins/apoc.jar`: java.lang.NoClassDefFoundError: org/apache/commons/collections4/ListValuedMap
2026-01-25 13:53:45.203+0000 WARN  [o.n.k.a.p.GlobalProcedures] Failed to load `net.minidev.asm.BeansAccessBuilder` from plugin jar `/var/lib/neo4j/plugins/apoc.jar`: java.lang.NoClassDefFoundError: org/objectweb/asm/MethodVisitor
2026-01-25 13:53:45.215+0000 WARN  [o.n.k.a.p.GlobalProcedures] Failed to load `com.jayway.jsonpath.spi.json.JakartaJsonProvider$JsonObjectProxy` from plugin jar `/var/lib/neo4j/plugins/apoc.jar`: java.lang.NoClassDefFoundError: jakarta/json/JsonObject
2026-01-25 13:53:45.221+0000 WARN  [o.n.k.a.p.GlobalProcedures] Failed to load `com.opencsv.bean.MappingStrategy` from plugin jar `/var/lib/neo4j/plugins/apoc.jar`: java.lang.NoClassDefFoundError: org/apache/commons/collections4/MultiValuedMap
2026-01-25 13:53:45.286+0000 WARN  [o.n.k.a.p.GlobalProcedures] Failed to load `apoc.util.s3.S3OutputStream$S3UploadManager` from plugin jar `/var/lib/neo4j/plugins/apoc.jar`: java.lang.NoClassDefFoundError: com/amazonaws/services/s3/AmazonS3
2026-01-25 13:53:45.302+0000 WARN  [o.n.k.a.p.GlobalProcedures] Failed to load `com.jayway.jsonpath.spi.mapper.JakartaMappingProvider$JsonArrayScope` from plugin jar `/var/lib/neo4j/plugins/apoc.jar`: java.lang.NoClassDefFoundError: jakarta/json/JsonValue
2026-01-25 13:53:45.305+0000 WARN  [o.n.k.a.p.GlobalProcedures] Failed to load `com.opencsv.bean.ConverterPrimitiveTypes` from plugin jar `/var/lib/neo4j/plugins/apoc.jar`: java.lang.NoClassDefFoundError: org/apache/commons/beanutils/ConversionException
2026-01-25 13:53:45.308+0000 WARN  [o.n.k.a.p.GlobalProcedures] Failed to load `apoc.util.s3.S3Aws` from plugin jar `/var/lib/neo4j/plugins/apoc.jar`: java.lang.NoClassDefFoundError: com/amazonaws/auth/AWSCredentials
2026-01-25 13:53:45.310+0000 WARN  [o.n.k.a.p.GlobalProcedures] Failed to load `com.jayway.jsonpath.spi.mapper.JakartaMappingProvider$JsonStructureToParserAdapter` from plugin jar `/var/lib/neo4j/plugins/apoc.jar`: java.lang.NoClassDefFoundError: jakarta/json/stream/JsonParser
2026-01-25 13:53:45.316+0000 WARN  [o.n.k.a.p.GlobalProcedures] Failed to load `com.opencsv.bean.concurrent.AccumulateCsvResults` from plugin jar `/var/lib/neo4j/plugins/apoc.jar`: java.lang.NoClassDefFoundError: org/apache/commons/collections4/ListValuedMap
2026-01-25 13:53:45.319+0000 WARN  [o.n.k.a.p.GlobalProcedures] Failed to load `apoc.util.s3.S3Aws$1` from plugin jar `/var/lib/neo4j/plugins/apoc.jar`: java.lang.NoClassDefFoundError: com/amazonaws/services/s3/model/S3ObjectInputStream
2026-01-25 13:53:46.542+0000 WARN  [o.n.k.a.p.GlobalProcedures] Use of @Procedure(deprecatedBy) without @Deprecated in apoc.convert.toTree
2026-01-25 13:53:46.795+0000 INFO  [o.n.s.s.s.UserSecurityGraphComponent] Performing postInitialization step for component 'security-users' with version 5 and status CURRENT
2026-01-25 13:53:46.801+0000 INFO  [o.n.s.s.s.UserSecurityGraphComponent] Updating the initial password in component 'security-users'
2026-01-25 13:53:46.839+0000 INFO  [o.n.d.d.DatabaseLifecycles] Creating 'DatabaseId{f7f14abc[neo4j]}'.
2026-01-25 13:53:46.845+0000 INFO  [o.n.d.d.DatabaseLifecycles] Starting 'DatabaseId{f7f14abc[neo4j]}'.
2026-01-25 13:53:46.876+0000 INFO  [o.n.k.i.t.l.f.c.CheckpointLogFile] [neo4j/f7f14abc] Scanning log file with version 0 for checkpoint entries
2026-01-25 13:53:46.899+0000 INFO  [o.n.k.i.s.f.RecordFormatSelector] [neo4j/f7f14abc] Selected RecordFormat:PageAlignedV5_0[aligned-1.1] record format from store /data/databases/neo4j
2026-01-25 13:53:46.901+0000 INFO  [o.n.k.i.s.f.RecordFormatSelector] [neo4j/f7f14abc] Selected format from the store files: RecordFormat:PageAlignedV5_0[aligned-1.1]
2026-01-25 13:53:47.045+0000 INFO  [o.n.i.d.DiagnosticsManager] [neo4j/f7f14abc] 
                                                                [neo4j/f7f14abc] ********************************************************************************
                                                                [neo4j/f7f14abc]                               [ Database: neo4j ]                               
                                                                [neo4j/f7f14abc] ********************************************************************************
                                                                [neo4j/f7f14abc] --------------------------------------------------------------------------------
                                                                [neo4j/f7f14abc]                                   [ Version ]                                   
                                                                [neo4j/f7f14abc] --------------------------------------------------------------------------------
                                                                [neo4j/f7f14abc] DBMS: community record-aligned-1.1
                                                                [neo4j/f7f14abc] Kernel version: 5.22.0
                                                                [neo4j/f7f14abc] 
                                                                [neo4j/f7f14abc] --------------------------------------------------------------------------------
                                                                [neo4j/f7f14abc]                                 [ Store files ]                                 
                                                                [neo4j/f7f14abc] --------------------------------------------------------------------------------
                                                                [neo4j/f7f14abc] Disk space on partition (Total / Free / Free %): 494384795648 / 60173586432 / 12
                                                                [neo4j/f7f14abc] Storage files stored on file store: fakeowner
                                                                [neo4j/f7f14abc] Storage files: (filename : modification date - size)
                                                                [neo4j/f7f14abc]   database_lock: 2026-01-20 08:54:14.394+0000 - 0B
                                                                [neo4j/f7f14abc]   neostore: 2026-01-20 08:54:16.238+0000 - 8.000KiB
                                                                [neo4j/f7f14abc]   neostore.counts.db: 2026-01-25 13:53:46.977+0000 - 48.00KiB
                                                                [neo4j/f7f14abc]   neostore.indexstats.db: 2026-01-25 13:53:46.986+0000 - 48.00KiB
                                                                [neo4j/f7f14abc]   neostore.labeltokenstore.db: 2026-01-20 09:12:23.652+0000 - 8.000KiB
                                                                [neo4j/f7f14abc]   neostore.labeltokenstore.db.id: 2026-01-25 13:53:46.959+0000 - 40.00KiB
                                                                [neo4j/f7f14abc]   neostore.labeltokenstore.db.names: 2026-01-20 09:12:23.661+0000 - 8.000KiB
                                                                [neo4j/f7f14abc]   neostore.labeltokenstore.db.names.id: 2026-01-25 13:53:46.955+0000 - 40.00KiB
                                                                [neo4j/f7f14abc]   neostore.nodestore.db: 2026-01-20 09:12:23.657+0000 - 656.0KiB
                                                                [neo4j/f7f14abc]   neostore.nodestore.db.id: 2026-01-25 13:53:46.914+0000 - 48.00KiB
                                                                [neo4j/f7f14abc]   neostore.nodestore.db.labels: 2026-01-20 08:54:16.144+0000 - 8.000KiB
                                                                [neo4j/f7f14abc]   neostore.nodestore.db.labels.id: 2026-01-25 13:53:46.907+0000 - 40.00KiB
                                                                [neo4j/f7f14abc]   neostore.propertystore.db: 2026-01-20 09:12:23.654+0000 - 2.828MiB
                                                                [neo4j/f7f14abc]   neostore.propertystore.db.arrays: 2026-01-20 09:12:23.658+0000 - 120.0KiB
                                                                [neo4j/f7f14abc]   neostore.propertystore.db.arrays.id: 2026-01-25 13:53:46.935+0000 - 40.00KiB
                                                                [neo4j/f7f14abc]   neostore.propertystore.db.id: 2026-01-25 13:53:46.939+0000 - 48.00KiB
                                                                [neo4j/f7f14abc]   neostore.propertystore.db.index: 2026-01-20 09:12:23.656+0000 - 8.000KiB
                                                                [neo4j/f7f14abc]   neostore.propertystore.db.index.id: 2026-01-25 13:53:46.925+0000 - 40.00KiB
                                                                [neo4j/f7f14abc]   neostore.propertystore.db.index.keys: 2026-01-20 09:12:23.661+0000 - 8.000KiB
                                                                [neo4j/f7f14abc]   neostore.propertystore.db.index.keys.id: 2026-01-25 13:53:46.918+0000 - 40.00KiB
                                                                [neo4j/f7f14abc]   neostore.propertystore.db.strings: 2026-01-20 08:54:17.292+0000 - 3.203MiB
                                                                [neo4j/f7f14abc]   neostore.propertystore.db.strings.id: 2026-01-25 13:53:46.932+0000 - 48.00KiB
                                                                [neo4j/f7f14abc]   neostore.relationshipgroupstore.db: 2026-01-20 08:54:20.370+0000 - 8.000KiB
                                                                [neo4j/f7f14abc]   neostore.relationshipgroupstore.db.id: 2026-01-25 13:53:46.970+0000 - 40.00KiB
                                                                [neo4j/f7f14abc]   neostore.relationshipgroupstore.degrees.db: 2026-01-25 13:53:46.981+0000 - 40.00KiB
                                                                [neo4j/f7f14abc]   neostore.relationshipstore.db: 2026-01-20 08:54:20.381+0000 - 4.391MiB
                                                                [neo4j/f7f14abc]   neostore.relationshipstore.db.id: 2026-01-25 13:53:46.943+0000 - 48.00KiB
                                                                [neo4j/f7f14abc]   neostore.relationshiptypestore.db: 2026-01-20 08:54:17.572+0000 - 8.000KiB
                                                                [neo4j/f7f14abc]   neostore.relationshiptypestore.db.id: 2026-01-25 13:53:46.950+0000 - 40.00KiB
                                                                [neo4j/f7f14abc]   neostore.relationshiptypestore.db.names: 2026-01-20 08:54:17.575+0000 - 8.000KiB
                                                                [neo4j/f7f14abc]   neostore.relationshiptypestore.db.names.id: 2026-01-25 13:53:46.947+0000 - 40.00KiB
                                                                [neo4j/f7f14abc]   neostore.schemastore.db: 2026-01-20 08:54:20.367+0000 - 8.000KiB
                                                                [neo4j/f7f14abc]   neostore.schemastore.db.id: 2026-01-25 13:53:46.964+0000 - 40.00KiB
                                                                [neo4j/f7f14abc]   schema:
                                                                [neo4j/f7f14abc]     index:
                                                                [neo4j/f7f14abc]       token-lookup-1.0:
                                                                [neo4j/f7f14abc]         1:
                                                                [neo4j/f7f14abc]           index-1: 2026-01-25 11:45:58.965+0000 - 104.0KiB
                                                                [neo4j/f7f14abc]         - Total: 2026-01-20 08:54:20.128+0000 - 104.0KiB
                                                                [neo4j/f7f14abc]         2:
                                                                [neo4j/f7f14abc]           index-2: 2026-01-25 11:45:58.969+0000 - 536.0KiB
                                                                [neo4j/f7f14abc]         - Total: 2026-01-20 08:54:20.222+0000 - 536.0KiB
                                                                [neo4j/f7f14abc]       - Total: 2026-01-20 08:54:20.221+0000 - 640.0KiB
                                                                [neo4j/f7f14abc]     - Total: 2026-01-20 08:54:20.122+0000 - 640.0KiB
                                                                [neo4j/f7f14abc]   - Total: 2026-01-20 08:54:20.121+0000 - 640.0KiB
                                                                [neo4j/f7f14abc] Storage summary: 
                                                                [neo4j/f7f14abc]   Total size of store: 12.59MiB
                                                                [neo4j/f7f14abc]   Total size of mapped files: 11.88MiB
                                                                [neo4j/f7f14abc] 
                                                                [neo4j/f7f14abc] --------------------------------------------------------------------------------
                                                                [neo4j/f7f14abc]                               [ Transaction log ]                               
                                                                [neo4j/f7f14abc] --------------------------------------------------------------------------------
                                                                [neo4j/f7f14abc] Transaction log files stored on file store: fakeowner
                                                                [neo4j/f7f14abc] Transaction log metadata:
                                                                [neo4j/f7f14abc]  - current kernel version used in transactions: V5_22
                                                                [neo4j/f7f14abc]  - last committed transaction id: 6
                                                                [neo4j/f7f14abc] Transaction log files:
                                                                [neo4j/f7f14abc]  - existing transaction log versions: 0-0
                                                                [neo4j/f7f14abc]  - oldest append index 2 found in log with version 0
                                                                [neo4j/f7f14abc]  - files: (filename : creation date - size)
                                                                [neo4j/f7f14abc]      neostore.transaction.db.0: 2026-01-20 08:54:19.079+0000 - 256.0MiB
                                                                [neo4j/f7f14abc]  - total size of files: 256.0MiB
                                                                [neo4j/f7f14abc] Checkpoint log files:
                                                                [neo4j/f7f14abc]  - existing checkpoint log versions: 0-0
                                                                [neo4j/f7f14abc]  - last checkpoint: CheckpointInfo[oldestNotVisibleTransactionLogPosition=LogPosition{logVersion=0, byteOffset=135488}, transactionLogPosition=LogPosition{logVersion=0, byteOffset=135488}, storeId=StoreId{creationTime=1768899256234, random=2047471587196363487, storageEngineName='record', formatName='aligned', majorVersion=1, minorVersion=1}, checkpointEntryPosition=LogPosition{logVersion=0, byteOffset=824}, channelPositionAfterCheckpoint=LogPosition{logVersion=0, byteOffset=1056}, checkpointFilePostReadPosition=LogPosition{logVersion=0, byteOffset=1056}, kernelVersion=KernelVersion{V5_22,version=18}, kernelVersionByte=18, transactionId=TransactionId[id=6, appendIndex=6, kernelVersion=KernelVersion{V5_22,version=18}, checksum=2146473090, commitTimestamp=1768899698024, consensusIndex=-1], appendIndex=6, reason=Checkpoint triggered by "Database shutdown" @ txId: 6, consensusIndexInCheckpoint=true]
                                                                [neo4j/f7f14abc] 
                                                                [neo4j/f7f14abc] --------------------------------------------------------------------------------
                                                                [neo4j/f7f14abc]                                   [ Id usage ]                                  
                                                                [neo4j/f7f14abc] --------------------------------------------------------------------------------
                                                                [neo4j/f7f14abc] ArrayPropertyStore[neostore.nodestore.db.labels]: used=1 high=0
                                                                [neo4j/f7f14abc] NodeStore[neostore.nodestore.db]: used=44772 high=44771
                                                                [neo4j/f7f14abc] StringPropertyStore[neostore.propertystore.db.index.keys]: used=24 high=23
                                                                [neo4j/f7f14abc] PropertyIndexStore[neostore.propertystore.db.index]: used=14 high=13
                                                                [neo4j/f7f14abc] StringPropertyStore[neostore.propertystore.db.strings]: used=26294 high=26293
                                                                [neo4j/f7f14abc] ArrayPropertyStore[neostore.propertystore.db.arrays]: used=928 high=927
                                                                [neo4j/f7f14abc] PropertyStore[neostore.propertystore.db]: used=71849 high=71848
                                                                [neo4j/f7f14abc] RelationshipStore[neostore.relationshipstore.db]: used=134880 high=134879
                                                                [neo4j/f7f14abc] StringPropertyStore[neostore.relationshiptypestore.db.names]: used=10 high=9
                                                                [neo4j/f7f14abc] RelationshipTypeStore[neostore.relationshiptypestore.db]: used=9 high=8
                                                                [neo4j/f7f14abc] StringPropertyStore[neostore.labeltokenstore.db.names]: used=9 high=8
                                                                [neo4j/f7f14abc] LabelTokenStore[neostore.labeltokenstore.db]: used=8 high=7
                                                                [neo4j/f7f14abc] SchemaStore[neostore.schemastore.db]: used=3 high=2
                                                                [neo4j/f7f14abc] RelationshipGroupStore[neostore.relationshipgroupstore.db]: used=215 high=214
                                                                [neo4j/f7f14abc] NeoStore[neostore]: used=-1 high=-1
                                                                [neo4j/f7f14abc] 
                                                                [neo4j/f7f14abc] --------------------------------------------------------------------------------
                                                                [neo4j/f7f14abc]                                   [ Metadata ]                                  
                                                                [neo4j/f7f14abc] --------------------------------------------------------------------------------
                                                                [neo4j/f7f14abc] EXTERNAL_STORE_UUID (Database identifier exposed as external store identity. Generated on creation and never updated): 630603e7-7aba-4c67-80b2-75bd479fde53
                                                                [neo4j/f7f14abc] DATABASE_ID (The last used DatabaseId for this database): null
                                                                [neo4j/f7f14abc] LEGACY_STORE_VERSION (Legacy store format version. This field is used from 5.0 onwards only to distinguish non-migrated pre 5.0 metadata stores.): -3523014627327384477
                                                                [neo4j/f7f14abc] STORE_ID (Store ID): StoreId{creationTime=1768899256234, random=2047471587196363487, storageEngineName='record', formatName='aligned', majorVersion=1, minorVersion=1}
                                                                [neo4j/f7f14abc] 
2026-01-25 13:53:47.080+0000 INFO  [o.n.k.i.a.i.IndexingService] [neo4j/f7f14abc] IndexingService.init: indexes not specifically mentioned above are ONLINE. Total 2 indexes. Processed in 25ms
2026-01-25 13:53:47.090+0000 INFO  [o.n.k.a.DatabaseAvailabilityGuard] [neo4j/f7f14abc] Requirement `Database unavailable` makes database neo4j unavailable.
2026-01-25 13:53:47.090+0000 INFO  [o.n.k.a.DatabaseAvailabilityGuard] [neo4j/f7f14abc] DatabaseId{f7f14abc[neo4j]} is unavailable.
2026-01-25 13:53:47.118+0000 INFO  [o.n.k.d.Database] [neo4j/f7f14abc] Starting transaction log [/data/transactions/neo4j/neostore.transaction.db.0] at version=0
2026-01-25 13:53:47.133+0000 INFO  [o.n.k.d.Database] [neo4j/f7f14abc] Starting transaction log [/data/transactions/neo4j/checkpoint.0] at version=0
2026-01-25 13:53:47.139+0000 INFO  [o.n.k.i.t.l.f.c.CheckpointLogFile] [neo4j/f7f14abc] Scanning log file with version 0 for checkpoint entries
2026-01-25 13:53:47.150+0000 INFO  [o.n.k.i.a.i.IndexingService] [neo4j/f7f14abc] IndexingService.start: indexes not specifically mentioned above are ONLINE. Total 2 indexes. Processed in 0ms
2026-01-25 13:53:47.152+0000 INFO  [o.n.k.a.DatabaseAvailabilityGuard] [neo4j/f7f14abc] Fulfilling of requirement 'Database unavailable' makes database neo4j available.
2026-01-25 13:53:47.154+0000 INFO  [o.n.k.a.DatabaseAvailabilityGuard] [neo4j/f7f14abc] DatabaseId{f7f14abc[neo4j]} is ready.
2026-01-25 13:53:47.156+0000 INFO  [o.n.u.UserDataCollector] Anonymous Usage Data is being sent to Neo4j, see https://neo4j.com/docs/usage-data/
2026-01-25 13:53:47.253+0000 INFO  [o.n.b.p.c.c.n.SocketNettyConnector] Bolt enabled on 0.0.0.0:7687.
2026-01-25 13:53:47.256+0000 WARN  [i.n.b.ServerBootstrap] Unknown channel option 'SO_REUSEADDR' for channel '[id: 0x1cd2a719]'
2026-01-25 13:53:47.274+0000 INFO  [o.n.b.BoltServer] Bolt server started
2026-01-25 13:53:47.275+0000 INFO  [o.n.s.A.ServerComponentsLifecycleAdapter] Starting web server
2026-01-25 13:53:48.191+0000 INFO  [o.n.s.CommunityNeoWebServer] HTTP enabled on 0.0.0.0:7474.
2026-01-25 13:53:48.192+0000 INFO  [o.n.s.CommunityNeoWebServer] Remote interface available at http://localhost:7474/
2026-01-25 13:53:48.192+0000 INFO  [o.n.s.A.ServerComponentsLifecycleAdapter] Web server started.
2026-01-25 13:53:48.196+0000 INFO  [o.n.g.f.DatabaseManagementServiceFactory] id: 04267C43772DEB876CA204FC7619FA7BCA5A495AFBA6DC493C98774E6DC3FB8C
2026-01-25 13:53:48.197+0000 INFO  [o.n.g.f.DatabaseManagementServiceFactory] name: system
2026-01-25 13:53:48.198+0000 INFO  [o.n.g.f.DatabaseManagementServiceFactory] creationDate: 2026-01-20T08:54:40.374Z
2026-01-25 17:14:38.805+0000 WARN  [o.n.k.i.c.VmPauseMonitorComponent] Detected VM stop-the-world pause: {pauseTime=301, gcTime=0, gcCount=0}
2026-01-25 17:25:12.378+0000 INFO  [o.n.g.f.DatabaseManagementServiceFactory] Shutdown started
2026-01-25 17:25:12.542+0000 INFO  [o.n.b.BoltServer] Requested Bolt server shutdown
2026-01-25 17:25:12.545+0000 INFO  [o.n.b.p.c.c.ConnectionRegistry] Stopping remaining idle connections for connector bolt-local
2026-01-25 17:25:12.548+0000 INFO  [o.n.b.p.c.c.ConnectionRegistry] Stopped 0 idling connections for connector bolt-local
2026-01-25 17:25:12.552+0000 INFO  [o.n.b.p.c.c.ConnectionRegistry] Stopping remaining idle connections for connector bolt
2026-01-25 17:25:12.553+0000 INFO  [o.n.b.p.c.c.ConnectionRegistry] Stopped 0 idling connections for connector bolt
2026-01-25 17:25:12.559+0000 INFO  [o.n.d.d.DatabaseLifecycles] Stopping 'DatabaseId{f7f14abc[neo4j]}'.
2026-01-25 17:25:12.673+0000 INFO  [o.n.k.a.DatabaseAvailabilityGuard] [neo4j/f7f14abc] Requirement `Database unavailable` makes database neo4j unavailable.
2026-01-25 17:25:12.674+0000 INFO  [o.n.k.a.DatabaseAvailabilityGuard] [neo4j/f7f14abc] DatabaseId{f7f14abc[neo4j]} is unavailable.
2026-01-25 17:25:12.684+0000 INFO  [o.n.k.d.Database] [neo4j/f7f14abc] Waiting for closing transactions.
2026-01-25 17:25:12.689+0000 INFO  [o.n.k.d.Database] [neo4j/f7f14abc] All transactions are closed.
2026-01-25 17:25:12.695+0000 INFO  [o.n.k.i.t.l.c.CheckPointerImpl] [neo4j/f7f14abc] Checkpoint triggered by "Database shutdown" @ txId: 6 checkpoint started...
2026-01-25 17:25:12.797+0000 INFO  [o.n.k.i.t.l.c.CheckPointerImpl] [neo4j/f7f14abc] Checkpoint triggered by "Database shutdown" @ txId: 6 checkpoint completed in 99ms. Checkpoint flushed 39 pages (0% of total available pages), in 30 IOs. Checkpoint performed with IO limit: unlimited, paused in total 0 times( 0 millis).
2026-01-25 17:25:12.812+0000 INFO  [o.n.k.i.t.l.p.LogPruningImpl] [neo4j/f7f14abc] No log version pruned. The strategy used was '2 days 2147483648 size'. 
2026-01-25 17:25:12.912+0000 INFO  [o.n.d.d.DatabaseLifecycles] Stopped 'DatabaseId{f7f14abc[neo4j]}' successfully.
2026-01-25 17:25:12.913+0000 INFO  [o.n.d.d.DatabaseLifecycles] Stopping 'DatabaseId{00000000[system]}'.
2026-01-25 17:25:12.914+0000 INFO  [o.n.k.a.DatabaseAvailabilityGuard] [system/00000000] Requirement `Database unavailable` makes database system unavailable.
2026-01-25 17:25:12.916+0000 INFO  [o.n.k.a.DatabaseAvailabilityGuard] [system/00000000] DatabaseId{00000000[system]} is unavailable.
2026-01-25 17:25:12.918+0000 INFO  [o.n.k.d.Database] [system/00000000] Waiting for closing transactions.
2026-01-25 17:25:12.919+0000 INFO  [o.n.k.d.Database] [system/00000000] All transactions are closed.
2026-01-25 17:25:12.920+0000 INFO  [o.n.k.i.t.l.c.CheckPointerImpl] [system/00000000] Checkpoint triggered by "Database shutdown" @ txId: 41 checkpoint started...
2026-01-25 17:25:12.977+0000 INFO  [o.n.k.i.t.l.c.CheckPointerImpl] [system/00000000] Checkpoint triggered by "Database shutdown" @ txId: 41 checkpoint completed in 57ms. Checkpoint flushed 28 pages (0% of total available pages), in 28 IOs. Checkpoint performed with IO limit: unlimited, paused in total 0 times( 0 millis).
2026-01-25 17:25:12.978+0000 INFO  [o.n.k.i.t.l.p.LogPruningImpl] [system/00000000] No log version pruned. The strategy used was '2 days 2147483648 size'. 
2026-01-25 17:25:13.317+0000 INFO  [o.n.d.d.DatabaseLifecycles] Stopped 'DatabaseId{00000000[system]}' successfully.
2026-01-25 17:25:13.328+0000 INFO  [o.n.b.BoltServer] Shutting down Bolt server
2026-01-25 17:25:18.388+0000 INFO  [o.n.b.p.c.c.ConnectionRegistry] Stopping 0 connections for connector bolt-local
2026-01-25 17:25:18.390+0000 INFO  [o.n.b.p.c.c.ConnectionRegistry] Stopped all remaining connections for connector bolt-local
2026-01-25 17:25:18.390+0000 INFO  [o.n.b.p.c.c.ConnectionRegistry] Stopping 0 connections for connector bolt
2026-01-25 17:25:18.391+0000 INFO  [o.n.b.p.c.c.ConnectionRegistry] Stopped all remaining connections for connector bolt
