:START_ID,:END_ID,:TYPE
CancerCell:ALK-p.G1202R;.-ALK-乳头肿瘤,SnvFull:ALK-p.G1202R,HAS_VAR
CancerCell:ALK-p.V1180L;.-ALK-肺涎腺型肿瘤,Drug:布格替尼,SENSITIVITY_TO
CancerCell:CSF1R-p.Y546_K551del-腺样囊性癌,Cancer:腺样囊性癌,ORIGINATED_FROM
CancerCell:FGFR2-CLIP1-T淋巴细胞白血病/淋巴瘤,Fusion:FGFR2-CLIP1,HAS_VAR
Drug:纳武利尤单抗,Cancer:肾细胞癌,TREATMENT
CancerCell:ERBB2-Amp;ERBB2-p.E401G-甲状腺癌,SnvFull:ERBB2-p.E401G,HAS_VAR
CancerCell:EGFR-p.E709_T710delinsD-肺透明细胞癌,Drug:达可替尼,SENSITIVITY_TO
Drug:阿替利珠单抗,Cancer:肝细胞癌,TREATMENT
CancerCell:ALK-p.I1171T-分化差的非小细胞肺癌,SnvFull:ALK-p.I1171T,HAS_VAR
CancerCell:EGFR-p.T790M-肺淋巴上皮瘤样癌,SnvFull:EGFR-p.T790M,HAS_VAR
ClinicalTrial:NCT00098527,Cancer:食管腺癌,INCLUDE_A
Drug:belvarafenib,Genesymbol:BRAF,INHIBITION_TO
Drug:长春地辛,Cancer:乳腺癌,TREATMENT
CancerCell:JAK2-p.V617F-子宫内膜癌,SnvFull:JAK2-p.V617F,HAS_VAR
GeneticDisease:肿瘤易感综合征,Cancer:间皮瘤,DEVELOP_TO
CancerCell:PDGFRA-p.W559_R560del-十二指肠间质瘤,SnvFull:PDGFRA-p.W559_R560del,HAS_VAR
Drug:taletrectinib,Genesymbol:NTRK1,INHIBITION_TO
CancerCell:MAP2K1-p.Q56_V60del-卵巢癌,SnvFull:MAP2K1-p.Q56_V60del,HAS_VAR
Genesymbol:FBXW7,Cancer:髓母细胞瘤,DRIVING_TO
CancerCell:PIK3CA-p.W1051*-子宫癌肉瘤/子宫恶性苗勒氏管混合瘤,SnvFull:PIK3CA-p.W1051*,HAS_VAR
CancerCell:FGFR3-TACC3-盆腔肿瘤,Cancer:盆腔肿瘤,ORIGINATED_FROM
Drug:agerafenib,Genesymbol:RET,INHIBITION_TO
ClinicalTrial:CTR20212588,Cancer:胰腺癌,INCLUDE_A
SnvFull:ZFHX3-p.A2624V,Genesymbol:ZFHX3,HAS_GENE
CancerCell:EGFR-p.T790M-肺透明细胞癌,SnvFull:EGFR-p.T790M,HAS_VAR
CancerCell:ALK-p.G1269A;.-ALK-小细胞肺癌,Drug:阿来替尼,SENSITIVITY_TO
CancerCell:ALK-p.I1171T-巨细胞肺癌,Drug:阿来替尼,RESISTANCE_TO
CancerCell:BRAF-p.G469R-非小细胞肺癌,Drug:索拉非尼,SENSITIVITY_TO
Drug:EGFR806-specific CAR T cells,Genesymbol:EGFR,INHIBITION_TO
CancerCell:TP53-inact-Brenner肿瘤，良性,Drug:APR-246,SENSITIVITY_TO
Genesymbol:BRAF,Cancer:乳头状肾细胞癌,DRIVING_TO
SnvFull:AIRE-p.S195P,Genesymbol:AIRE,HAS_GENE
Drug:帕博利珠单抗,Cancer:宫颈癌,TREATMENT
CancerCell:FGFR3-TACC3-腺泡状横纹肌肉瘤,Cancer:腺泡状横纹肌肉瘤,ORIGINATED_FROM
CancerCell:PDGFRA-p.N659K-子宫平滑肌肉瘤,Cancer:子宫平滑肌肉瘤,ORIGINATED_FROM
CancerCell:EGFR-p.S768I;EGFR-p.V774M-肺透明细胞癌,SnvFull:EGFR-p.S768I,HAS_VAR
CancerCell:FGFR2-SKI-炎性肌纤维母细胞瘤,Fusion:FGFR2-SKI,HAS_VAR
CancerCell:FGFR2-p.E566G-胰腺囊性肿瘤,Cancer:胰腺囊性肿瘤,ORIGINATED_FROM
CancerCell:EGFR-p.E709A;EGFR-p.G719A-肺梭形细胞癌,Drug:阿法替尼,SENSITIVITY_TO
CancerCell:EGFR-p.T790M-鳞状非小细胞肺癌,Drug:U3-1402,SENSITIVITY_TO
CancerCell:BRAF-p.T599K-乳腺腺样囊性癌,Cancer:乳腺腺样囊性癌,ORIGINATED_FROM
CancerCell:PIK3CA-p.W1051*-混合型子宫内膜癌,SnvFull:PIK3CA-p.W1051*,HAS_VAR
CancerCell:EGFR-p.S768I;EGFR-p.V774M-肺梭形细胞癌,SnvFull:EGFR-p.V774M,HAS_VAR
Drug:E7766,Genesymbol:TMEM173,ACTIVATION_TO
Genesymbol:BRAF,Genesymbol:MAP2K2,POSITIVE_REGULATED
SnvFull:FGFR1-p.K632N,Genesymbol:FGFR1,HAS_GENE
CancerCell:FGFR2-p.E566G-胸膜癌,SnvFull:FGFR2-p.E566G,HAS_VAR
Genesymbol:CHEK2,GeneticDisease:家族聚集性骨肉瘤,CAUSE_TO
Drug:博来霉素,Cancer:霍奇金淋巴瘤,TREATMENT
ClinicalTrial:CTR20130061,Cancer:胰腺癌,INCLUDE_A
Drug:长春碱,Cancer:淋巴瘤,TREATMENT
CancerCell:ALK-p.I1171T-大细胞肺癌,Drug:阿来替尼,RESISTANCE_TO
CancerCell:ALK-p.V1180L;.-ALK-肺淋巴上皮瘤样癌,Drug:布格替尼,SENSITIVITY_TO
CancerCell:FGFR3-TACC3-胰腺神经内分泌瘤,Cancer:胰腺神经内分泌瘤,ORIGINATED_FROM
Drug:AT9283,Genesymbol:ABL1,INHIBITION_TO
CancerCell:ERBB2-Amp;ERBB2-p.E401G-腺样囊性癌,SnvFull:ERBB2-p.E401G,HAS_VAR
CancerCell:PDGFRA-p.N659K-原发性骨髓纤维化,Cancer:原发性骨髓纤维化,ORIGINATED_FROM
CancerCell:EGFR-p.L833V;EGFR-p.L858R-肺癌,SnvFull:EGFR-p.L858R,HAS_VAR
CancerCell:BRAF-p.V600M;BRAF-p.V600E-恶性雀斑样痣黑色素瘤,Drug:达拉非尼,SENSITIVITY_TO
CancerCell:MET-p.D1230N-原发性骨髓纤维化,Cancer:原发性骨髓纤维化,ORIGINATED_FROM
CancerCell:EGFR-p.E746_L747delinsIP;EGFR-p.S1190F-非小细胞肺癌,SnvFull:EGFR-p.E746_L747delinsIP,HAS_VAR
CancerCell:BRAF-p.Y472C-非粘液性肺腺癌,Drug:达沙替尼,SENSITIVITY_TO
CancerCell:BRAF-p.V600E-组织细胞和树突状细胞肿瘤,Drug:维莫非尼,SENSITIVITY_TO
CancerCell:ALK-p.L1196M;.-ALK-炎性肌纤维母细胞瘤,Fusion:.-ALK,HAS_VAR
CancerCell:.-FGFR1-血管瘤样纤维组织细胞瘤,Fusion:.-FGFR1,HAS_VAR
CancerCell:EGFR-p.L833V;EGFR-p.L858R-非小细胞肺癌,SnvFull:EGFR-p.L833V,HAS_VAR
Drug:vismodegib,Genesymbol:SHH,INHIBITION_TO
ClinicalTrial:CTR20221165,Cancer:非小细胞肺癌,INCLUDE_A
CancerCell:FGFR2-TACC3-炎性肌纤维母细胞瘤,Cancer:炎性肌纤维母细胞瘤,ORIGINATED_FROM
CancerCell:ERBB2-p.D769Y-食管/胃癌,SnvFull:ERBB2-p.D769Y,HAS_VAR
CancerCell:ALK-p.G1269A;.-ALK-肺鳞状细胞癌,Drug:阿来替尼,SENSITIVITY_TO
CancerCell:MET-skipping_mut;MET-p.D1228N-乳头肿瘤,Cancer:乳头肿瘤,ORIGINATED_FROM
Drug:GDC0879,Genesymbol:BRAF,INHIBITION_TO
ClinicalTrial:CTR20190293,Cancer:肝癌,INCLUDE_A
Drug:testolactone,Cancer:乳腺癌,TREATMENT
CancerCell:MAP2K1-p.C121S;BRAF-p.V600E-黑色素瘤,Cancer:黑色素瘤,ORIGINATED_FROM
CancerCell:EGFR-p.V834L;EGFR-p.L858R-肺横纹肌样表型大细胞癌,SnvFull:EGFR-p.V834L,HAS_VAR
CancerCell:ALK-p.L1196M;.-ALK-乳腺癌,SnvFull:ALK-p.L1196M,HAS_VAR
Drug:cabozantinib,Genesymbol:RET,INHIBITION_TO
SnvFull:PTPRD-p.M605I,Genesymbol:PTPRD,HAS_GENE
Genesymbol:FLT3,Cancer:急性髓系白血病(AML),DRIVING_TO
CancerCell:BRAF-p.G606E-鞍区肿瘤,SnvFull:BRAF-p.G606E,HAS_VAR
CancerCell:ALK-p.G1269A;.-ALK-肺NUT中线癌,Drug:阿来替尼,SENSITIVITY_TO
CancerCell:MET-p.D1230N-胸壁肿瘤,Cancer:胸壁肿瘤,ORIGINATED_FROM
Genesymbol:BRAF,Cancer:低级别神经胶质瘤,DRIVING_TO
Drug:长春地辛,Cancer:淋巴瘤,TREATMENT
CancerCell:ALK-p.L1196M;.-ALK-肺淋巴上皮瘤样癌,Cancer:肺淋巴上皮瘤样癌,ORIGINATED_FROM
CancerCell:MET-p.D1230N-巨球蛋白血症(WM),Cancer:巨球蛋白血症(WM),ORIGINATED_FROM
CancerCell:FGFR2-act-肝外胆管癌,Drug:infigratinib,SENSITIVITY_TO
ClinicalTrial:CTR20131408,Cancer:肺癌,INCLUDE_A
CancerCell:ROS1-p.L2026M-巨细胞肺癌,SnvFull:ROS1-p.L2026M,HAS_VAR
Drug:SF1126,Genesymbol:PIK3CA,INHIBITION_TO
CancerCell:VHL-p.T133N-肉瘤样肾细胞癌,SnvFull:VHL-p.T133N,HAS_VAR
CancerCell:ALK-p.C1156Y;.-ALK-黑色素瘤,Cancer:黑色素瘤,ORIGINATED_FROM
Drug:AZD-8055,Genesymbol:MTOR,INHIBITION_TO
CancerCell:PIK3CA-p.H1047R-十二指肠间质瘤,Cancer:十二指肠间质瘤,ORIGINATED_FROM
Drug:A-1331852,Genesymbol:BCL2L1,INHIBITION_TO
CancerCell:ALK-p.L1196M-肺癌,Drug:克唑替尼,RESISTANCE_TO
CancerCell:EGFR-p.L861R;EGFR-p.G719A-宫颈内腺癌,SnvFull:EGFR-p.L861R,HAS_VAR
Genesymbol:PTEN,Cancer:肝癌,DRIVING_TO
CancerCell:JAK2-p.V617F-食管癌,Cancer:食管癌,ORIGINATED_FROM
CancerCell:FGFR2-SHTN1-腺泡状横纹肌肉瘤,Cancer:腺泡状横纹肌肉瘤,ORIGINATED_FROM
CancerCell:BRAF-p.G469V-肾癌,Drug:曲美替尼,RESISTANCE_TO
Genesymbol:PLAG1,Cancer:乳腺癌,DRIVING_TO
Genesymbol:PDGFRA,Genesymbol:PDGFRA,IS_A
CancerCell:MET-skipping_mut;MET-p.D1228N-肺癌,Cancer:肺癌,ORIGINATED_FROM
Drug:优替德隆,Cancer:乳腺癌,TREATMENT
CancerCell:ALK-p.G1269A;.-ALK-肺原位腺癌,Drug:阿来替尼,SENSITIVITY_TO
CancerCell:FGFR2-p.P253R-头颈部肿瘤,SnvFull:FGFR2-p.P253R,HAS_VAR
CancerCell:ALK-p.L1198F;.-ALK-肾癌,Cancer:肾癌,ORIGINATED_FROM
CancerCell:ALK-p.L1196M;.-ALK-卵巢癌,SnvFull:ALK-p.L1196M,HAS_VAR
CancerCell:EGFR-exon19del-非鳞状非小细胞肺癌,Drug:奥希替尼,SENSITIVITY_TO
CancerCell:MAP2K1-p.C121S;BRAF-p.V600E-皮肤癌,Cancer:皮肤癌,ORIGINATED_FROM
CancerCell:MET-skipping_mut;MET-p.L1195V-乳腺癌,Cancer:乳腺癌,ORIGINATED_FROM
CancerCell:ERBB2-p.D769Y-膀胱/尿路癌,Drug:奈拉替尼,RESISTANCE_TO
CancerCell:BRAF-p.Y472C-肺梭形细胞癌,Drug:达沙替尼,SENSITIVITY_TO
Drug:拉罗替尼,Genesymbol:NTRK1,INHIBITION_TO
ClinicalTrial:CTR20140850,Cancer:肺癌,INCLUDE_A
CancerCell:BRAF-p.D594N-盆腔肿瘤,SnvFull:BRAF-p.D594N,HAS_VAR
CancerCell:BRAF-p.G606E-鞍区肿瘤,Cancer:鞍区肿瘤,ORIGINATED_FROM
ClinicalTrial:NCT00032123,Cancer:原发灶不明癌,INCLUDE_A
CancerCell:BRAF-p.D594G-结直肠腺癌,SnvFull:BRAF-p.D594G,HAS_VAR
SnvFull:ZFHX3-p.P3581L,Genesymbol:ZFHX3,HAS_GENE
CancerCell:ALK-p.G1202R;.-ALK-胰腺神经内分泌瘤,Cancer:胰腺神经内分泌瘤,ORIGINATED_FROM
CancerCell:EGFR-p.S768I;EGFR-p.V774M-肺纤毛黏液结节性乳头状肿瘤,Drug:奥希替尼,SENSITIVITY_TO
CancerCell:PIK3CA-p.H1047R-卵巢上皮肿瘤,SnvFull:PIK3CA-p.H1047R,HAS_VAR
CancerCell:ALK-p.G1269A;.-ALK-肺腺鳞癌,SnvFull:ALK-p.G1269A,HAS_VAR
CancerCell:.-ALK-肺腺鳞癌,Drug:阿来替尼,SENSITIVITY_TO
Drug:ARV-110,Genesymbol:AR,INHIBITION_TO
CancerCell:EGFR-p.T790M-肺基底细胞样大细胞癌,SnvFull:EGFR-p.T790M,HAS_VAR
CancerCell:BRAF-p.N581S-非小细胞肺癌,Drug:曲美替尼,RESISTANCE_TO
CancerCell:ALK-p.L1198F;.-ALK-胰腺神经内分泌瘤,Fusion:.-ALK,HAS_VAR
CancerCell:MET-p.D1230N-盆腔肿瘤,SnvFull:MET-p.D1230N,HAS_VAR
CancerCell:ROS1-p.L2026M-非鳞状非小细胞肺癌,SnvFull:ROS1-p.L2026M,HAS_VAR
CancerCell:ALK-p.I1171T-肺黏液表皮样癌,Drug:阿来替尼,RESISTANCE_TO
CancerCell:MET-skipping_mut;MET-p.D1228N-星形细胞瘤,Cancer:星形细胞瘤,ORIGINATED_FROM
Drug:培唑帕尼,Genesymbol:FGFR3,INHIBITION_TO
CancerCell:EGFR-p.L833V;EGFR-p.L858R-肺癌,Drug:厄洛替尼,SENSITIVITY_TO
Drug:emirodatamab,Genesymbol:CD3E,INHIBITION_TO
Drug:雷莫西尤单抗,Genesymbol:KDR,INHIBITION_TO
CancerCell:FGFR2-p.E566G-巨球蛋白血症(WM),Cancer:巨球蛋白血症(WM),ORIGINATED_FROM
Genesymbol:TCF7L2,Genesymbol:TCF7L2,IS_A
CancerCell:CSF1R-p.W450_E456del-小细胞肺癌,Cancer:小细胞肺癌,ORIGINATED_FROM
CancerCell:EGFR-p.E709A;EGFR-p.G719A-肺多形性癌,Drug:阿法替尼,SENSITIVITY_TO
CancerCell:ALK-p.G1202R;.-ALK-宫颈癌,SnvFull:ALK-p.G1202R,HAS_VAR
Drug:IDH305,Genesymbol:IDH1,INHIBITION_TO
CancerCell:KRAS-p.G12C-胰腺腺癌,Drug:sotorasib,SENSITIVITY_TO
CancerCell:FGFR2-SKI-软组织肿瘤,Fusion:FGFR2-SKI,HAS_VAR
Drug:RG6330,Genesymbol:KRAS,INHIBITION_TO
CancerCell:MET-p.D1230N-巨细胞肺癌,SnvFull:MET-p.D1230N,HAS_VAR
DrugAlias:proleukin,Drug:阿地白介素,IS_A
CancerCell:MET-p.D1230N-胸壁肿瘤,SnvFull:MET-p.D1230N,HAS_VAR
CancerCell:FGFR2-SKI-炎性肌纤维母细胞瘤,Cancer:炎性肌纤维母细胞瘤,ORIGINATED_FROM
SnvFull:AIRE-p.*546Cext*?,Genesymbol:AIRE,HAS_GENE
SnvFull:NBEA-p.V2431A,Genesymbol:NBEA,HAS_GENE
CancerCell:ROS1-p.L2026M-肺黏液表皮样癌,Cancer:肺黏液表皮样癌,ORIGINATED_FROM
CancerCell:ALK-p.L1196M;.-ALK-皮肤癌,Fusion:.-ALK,HAS_VAR
Drug:硼替佐米,Genesymbol:PSMC5,INHIBITION_TO
CancerCell:.-ALK-肺腺鳞癌,Drug:SY-3505,SENSITIVITY_TO
Drug:博来霉素,Cancer:非霍奇金淋巴瘤,TREATMENT
CancerCell:ALK-p.L1196M;.-ALK-T淋巴细胞白血病/淋巴瘤,Cancer:T淋巴细胞白血病/淋巴瘤,ORIGINATED_FROM
CancerCell:NRAS-p.Q61-皮肤黑色素瘤,Drug:RO5126766,SENSITIVITY_TO
Genesymbol:SLC37A4,GeneticDisease:ⅠB型糖原贮积病,CAUSE_TO
CancerCell:FLT3-p.F691L-AML伴inv(3)(q21.3q26.2),Drug:舒尼替尼,SENSITIVITY_TO
Drug:吉非替尼,Genesymbol:EGFR,INHIBITION_TO
ClinicalTrial:NCT04060342,Cancer:食管腺癌,INCLUDE_A
GeneticDisease:幼年性息肉病综合征,Cancer:胃癌,DEVELOP_TO
Drug:替雷利珠单抗,Cancer:食管鳞状细胞癌,TREATMENT
CancerCell:EGFR-p.E709A;EGFR-p.G719A-肺腺癌,Drug:阿法替尼,SENSITIVITY_TO
CancerCell:EZH2-p.A682G-原位滤泡肿瘤,SnvFull:EZH2-p.A682G,HAS_VAR
CancerCell:ALK-p.L1196M;.-ALK-肺腺癌,SnvFull:ALK-p.L1196M,HAS_VAR
CancerCell:FLT3-p.D835Y-乳头肿瘤,Cancer:乳头肿瘤,ORIGINATED_FROM
CancerCell:MET-skipping_mut;MET-p.L1195V-小细胞肺癌,Cancer:小细胞肺癌,ORIGINATED_FROM
CancerCell:KIT-p.N822H-软组织肿瘤,Drug:伊马替尼,SENSITIVITY_TO
CancerCell:MET-skipping_mut;MET-p.D1228N-肺腺癌,SnvFull:MET-p.D1228N,HAS_VAR
ClinicalTrial:NCT01552434,Cancer:口腔癌,INCLUDE_A
CancerCell:PDGFRA-p.N659K-鞍区肿瘤,Cancer:鞍区肿瘤,ORIGINATED_FROM
Genesymbol:WT1,GeneticDisease:家族性腹膜间皮瘤,CAUSE_TO
CancerCell:FGFR3-TACC3-皮肤癌,Cancer:皮肤癌,ORIGINATED_FROM
CancerCell:EGFR-p.I759M;EGFR-p.L858R-肺癌,SnvFull:EGFR-p.L858R,HAS_VAR
CancerCell:FGFR2-.-胆管癌,Drug:infigratinib,SENSITIVITY_TO
Genesymbol:BRCA1,Genesymbol:PARP1,SYNTHETIC_LETHALITY
Drug:tivozanib,Cancer:肾细胞癌,TREATMENT
Drug:帕博利珠单抗,Cancer:肾细胞癌,TREATMENT
CancerCell:CSF1R-p.Y546_K551del-胰腺癌,Cancer:胰腺癌,ORIGINATED_FROM
CancerCell:KIT-p.D816V-骨髓瘤,Drug:阿伐替尼,SENSITIVITY_TO
Drug:K-756,Genesymbol:TNKS,INHIBITION_TO
CancerCell:ALK-p.V1180L;.-ALK-鳞状非小细胞肺癌,SnvFull:ALK-p.V1180L,HAS_VAR
Genesymbol:EGFR,Genesymbol:KDR,SYNTHETIC_LETHALITY
CancerCell:MET-skipping_mut;MET-p.D1228N-子宫内膜癌,SnvFull:MET-p.D1228N,HAS_VAR
CancerCell:BRAF-p.Y472C-肺基底细胞样大细胞癌,SnvFull:BRAF-p.Y472C,HAS_VAR
CancerCell:FGFR2-p.F276C-肝内胆管癌,Drug:佩米替尼,SENSITIVITY_TO
Drug:卡铂,Cancer:卵巢癌,TREATMENT
CancerCell:PIK3CA-p.H1047R-卵巢癌,Cancer:卵巢癌,ORIGINATED_FROM
Drug:帕博利珠单抗,Cancer:非小细胞肺癌,TREATMENT
Genesymbol:EGFR,Cancer:乳腺癌,DRIVING_TO
ClinicalTrial:CTR20221470,Cancer:腹膜癌,INCLUDE_A
GeneticDisease:Li-Fraumeni综合征,Cancer:肺癌,DEVELOP_TO
CancerCell:KIT-p.D816V-盆腔肿瘤,Cancer:盆腔肿瘤,ORIGINATED_FROM
CancerCell:MET-skipping_mut;MET-p.L1195V-肝癌,SnvFull:MET-p.L1195V,HAS_VAR
CancerCell:MET-skipping_mut;MET-p.D1228N-胰腺癌,Cancer:胰腺癌,ORIGINATED_FROM
CancerCell:CSF1R-p.Y546_K551del-星形细胞瘤,Cancer:星形细胞瘤,ORIGINATED_FROM
CancerCell:ERBB2-Amp;ERBB2-p.E401G-宫颈内腺癌,Cancer:宫颈内腺癌,ORIGINATED_FROM
CancerCell:ALK-p.V1180L;.-ALK-肺淋巴上皮瘤样癌,SnvFull:ALK-p.V1180L,HAS_VAR
CancerCell:ERBB2-p.D769Y-食管胃腺癌,SnvFull:ERBB2-p.D769Y,HAS_VAR
CancerCell:MET-skipping_mut;MET-p.L1195V-食管癌,SnvFull:MET-p.L1195V,HAS_VAR
Genesymbol:ZNF148,Cancer:食管癌,DRIVING_TO
Drug:pavurutamab,Genesymbol:CD3E,INHIBITION_TO
Drug:sapitinib,Genesymbol:ERBB2,INHIBITION_TO
CancerCell:EGFR-p.E709_T710delinsD-肺涎腺型肿瘤,SnvFull:EGFR-p.E709_T710delinsD,HAS_VAR
CancerCell:EGFR-p.T790M-肺梭形细胞癌,SnvFull:EGFR-p.T790M,HAS_VAR
GeneticDisease:Bloom综合征,Cancer:口腔癌,DEVELOP_TO
Drug:DS-1001b,Genesymbol:IDH1,INHIBITION_TO
CancerCell:PDGFRA-exon18act-软组织肿瘤,Drug:阿伐替尼,SENSITIVITY_TO
Drug:阿法替尼,Drug:阿法替尼,IS_A
CancerCell:KIT-exon9act-软组织肿瘤,Drug:伊马替尼,SENSITIVITY_TO
CancerCell:MET-skipping_mut;MET-p.L1195V-腺样囊性癌,Cancer:腺样囊性癌,ORIGINATED_FROM
Genesymbol:BCL9,Cancer:结直肠腺癌,DRIVING_TO
CancerCell:JAK2-p.V617F-肺癌,SnvFull:JAK2-p.V617F,HAS_VAR
CancerCell:FGFR3-TACC3-炎性肌纤维母细胞瘤,Cancer:炎性肌纤维母细胞瘤,ORIGINATED_FROM
SnvFull:CARD11-p.N591Y,Genesymbol:CARD11,HAS_GENE
CancerCell:PIK3CA-p.W1051*-混合型子宫内膜癌,Drug:依维莫司,SENSITIVITY_TO
ClinicalTrial:NCT00004904,Cancer:小肠癌,INCLUDE_A
CancerCell:MAP2K1-p.C121S;BRAF-p.V600E-先天性痣,Cancer:先天性痣,ORIGINATED_FROM
CancerCell:ALK-p.L1198F;.-ALK-肺腺癌,Cancer:肺腺癌,ORIGINATED_FROM
CancerCell:MET-skipping_mut;MET-p.L1195V-腺样囊性癌,SnvFull:MET-p.L1195V,HAS_VAR
CancerCell:BRAF-p.Y472C-肺基底细胞样大细胞癌,Drug:达沙替尼,SENSITIVITY_TO
CancerCell:ALK-p.F1245C-肺腺鳞癌,Drug:塞瑞替尼,SENSITIVITY_TO
ClinicalTrial:NCT01609855,Cancer:原发灶不明癌,INCLUDE_A
CancerCell:CSF1R-p.W450_E456del-星形细胞瘤,SnvFull:CSF1R-p.W450_E456del,HAS_VAR
CancerCell:FLT3-p.D835Y-胰腺癌,SnvFull:FLT3-p.D835Y,HAS_VAR
CancerCell:PDGFRA-exon18act-软组织肿瘤,Drug:伊马替尼,SENSITIVITY_TO
CancerCell:ALK-p.I1171T-肺腺鳞癌,Drug:阿来替尼,RESISTANCE_TO
CancerCell:ALK-p.L1196M;.-ALK-盆腔肿瘤,Cancer:盆腔肿瘤,ORIGINATED_FROM
CancerCell:EGFR-p.E709G;EGFR-p.L858R-肺基底细胞样大细胞癌,SnvFull:EGFR-p.L858R,HAS_VAR
CancerCell:EGFR-p.V834L;EGFR-p.L858R-非鳞状非小细胞肺癌,Cancer:非鳞状非小细胞肺癌,ORIGINATED_FROM
CancerCell:EGFR-p.E709V;EGFR-p.L858R-肺涎腺型肿瘤,SnvFull:EGFR-p.E709V,HAS_VAR
CancerCell:MAP2K1-p.L98_K104delinsQ-组织细胞和树突状细胞肿瘤,Drug:曲美替尼,RESISTANCE_TO
CancerCell:BRAF-p.D594N-胸膜癌,SnvFull:BRAF-p.D594N,HAS_VAR
Genesymbol:BRCA1,Genesymbol:PARP2,SYNTHETIC_LETHALITY
Genesymbol:H3F3A,Cancer:高级别胶质瘤，非特定,DRIVING_TO
Drug:CUDC-101,Genesymbol:HDAC4,INHIBITION_TO
CancerCell:EZH2-p.A682G-淋巴癌,SnvFull:EZH2-p.A682G,HAS_VAR
CancerCell:ALK-p.L1196M;.-ALK-血管瘤样纤维组织细胞瘤,Fusion:.-ALK,HAS_VAR
SnvFull:PLAG1-p.L266F,Genesymbol:PLAG1,HAS_GENE
CancerCell:CSF1R-p.W450_E456del-宫颈内腺癌,Cancer:宫颈内腺癌,ORIGINATED_FROM
CancerCell:BRAF-p.Y472C-肺多形性癌,SnvFull:BRAF-p.Y472C,HAS_VAR
CancerCell:ALK-p.F1245C-肺基底细胞样大细胞癌,Drug:塞瑞替尼,SENSITIVITY_TO
Drug:奥希替尼,Cancer:非小细胞肺癌,TREATMENT
CancerCell:FGFR3-TACC3-黑色素瘤,Fusion:FGFR3-TACC3,HAS_VAR
Genesymbol:ELANE,GeneticDisease:Kostmann综合征,CAUSE_TO
CancerCell:PDGFRA-exon18act-软组织肿瘤,Drug:瑞派替尼,SENSITIVITY_TO
CancerCell:BRAF-p.G606E-胸膜癌,Cancer:胸膜癌,ORIGINATED_FROM
Drug:吡柔比星,Cancer:淋巴瘤,TREATMENT
CancerCell:ALK-p.V1180L;.-ALK-肺纤毛黏液结节性乳头状肿瘤,Drug:布格替尼,SENSITIVITY_TO
CancerCell:KRAS-p.G12D;PTEN-Loss-胰腺腺癌,Drug:MK-2206,SENSITIVITY_TO
CancerCell:ALK-p.I1171T-肺鳞状细胞癌,SnvFull:ALK-p.I1171T,HAS_VAR
Drug:BAT8001,Genesymbol:ERBB2,INHIBITION_TO
Drug:LY3410738,Genesymbol:IDH1,INHIBITION_TO
CancerCell:MAP2K1-p.C121S;BRAF-p.V600E-黏膜黑色素瘤,SnvFull:MAP2K1-p.C121S,HAS_VAR
CancerCell:FLT3-p.F691L-AML (巨核细胞) 伴 t(1；22)(p13.3；q13.3)；RBM15-MKL1,Drug:舒尼替尼,SENSITIVITY_TO
ClinicalTrial:CTR20211176,Cancer:腹膜癌,INCLUDE_A
CancerCell:MET-skipping_mut;MET-p.L1195V-小细胞肺癌,SnvFull:MET-p.L1195V,HAS_VAR
CancerCell:EGFR-p.L861R;EGFR-p.G719A-宫颈内腺癌,Cancer:宫颈内腺癌,ORIGINATED_FROM
CancerCell:.-FGFR1-T淋巴细胞白血病/淋巴瘤,Fusion:.-FGFR1,HAS_VAR
CancerCell:EGFR-p.L858R;CTNNB1-act;EGFR-p.E709-肺癌,Drug:阿法替尼,SENSITIVITY_TO
Cancer:皮脂腺癌,Cancer:皮脂腺癌,IS_A
SnvFull:AKT1-p.P68S,Genesymbol:AKT1,HAS_GENE
CancerCell:FGFR2-p.E566G-子宫平滑肌肉瘤,SnvFull:FGFR2-p.E566G,HAS_VAR
SnvFull:ZFHX3-p.A3627S,Genesymbol:ZFHX3,HAS_GENE
CancerCell:PTEN-p.R173C;BRAF-p.V600E-盲肠癌,Cancer:盲肠癌,ORIGINATED_FROM
CancerCell:FGFR2-SHTN1-T淋巴细胞白血病/淋巴瘤,Cancer:T淋巴细胞白血病/淋巴瘤,ORIGINATED_FROM
CancerCell:PDGFRA-p.W559_R560del-软组织肿瘤,SnvFull:PDGFRA-p.W559_R560del,HAS_VAR
Drug:厄洛替尼,Genesymbol:EGFR,INHIBITION_TO
CancerCell:ALK-p.L1196M;.-ALK-炎性肌纤维母细胞瘤,Cancer:炎性肌纤维母细胞瘤,ORIGINATED_FROM
CancerCell:EGFR-p.L861R;EGFR-p.G719A-子宫内膜癌,SnvFull:EGFR-p.L861R,HAS_VAR
CancerCell:ALK-p.G1202R;.-ALK-肺淋巴上皮瘤样癌,Fusion:.-ALK,HAS_VAR
Drug:纳武利尤单抗,Cancer:胃癌,TREATMENT
Drug:奥雷巴替尼,Genesymbol:ABL1,INHIBITION_TO
CancerCell:EGFR-p.E746_L747delinsIP;EGFR-p.S1190F-非小细胞肺癌,SnvFull:EGFR-p.S1190F,HAS_VAR
CancerCell:EGFR-p.V834L;EGFR-p.L858R-肺横纹肌样表型大细胞癌,Cancer:肺横纹肌样表型大细胞癌,ORIGINATED_FROM
CancerCell:CSF1R-p.Y546_K551del-小细胞肺癌,Cancer:小细胞肺癌,ORIGINATED_FROM
Genesymbol:RET,Genesymbol:RET,IS_A
GeneticDisease:Li-Fraumeni综合征,Cancer:骨肉瘤,DEVELOP_TO
Genesymbol:FLT3,Genesymbol:FLT3,IS_A
CancerCell:ALK-p.I1171T-肺鳞状细胞癌,Drug:阿来替尼,RESISTANCE_TO
Genesymbol:PBRM1,Cancer:乳头状肾细胞癌,DRIVING_TO
CancerCell:FGFR2-SKI-软组织肿瘤,Cancer:软组织肿瘤,ORIGINATED_FROM
CancerCell:VHL-p.T133N-肾癌,Cancer:肾癌,ORIGINATED_FROM
CancerCell:KIT-exon11act-软组织肿瘤,Drug:阿伐替尼,SENSITIVITY_TO
Genesymbol:PALB2,GeneticDisease:PALB2相关性家族性乳腺癌和胰腺癌,CAUSE_TO
CancerCell:FGFR2-p.E566G-小细胞胆囊癌,SnvFull:FGFR2-p.E566G,HAS_VAR
CancerCell:BRAF-p.D594N-小细胞胆囊癌,CancerAlias:小细胞胆囊癌,ORIGINATED_FROM
Drug:TAA013,Genesymbol:ERBB2,INHIBITION_TO
CancerCell:EGFR-exon19del-非鳞状非小细胞肺癌,Drug:nazartinib,SENSITIVITY_TO
CancerCell:VHL-inact-未分类的肾细胞癌,Drug:贝伐珠单抗,SENSITIVITY_TO
Drug:G007-LK,Genesymbol:TNKS,INHIBITION_TO
CancerCell:BRAF-p.V600M;BRAF-p.V600E-Spitz样黑色素瘤,SnvFull:BRAF-p.V600E,HAS_VAR
CancerCell:ALK-p.L1196M;.-ALK-腺样囊性癌,SnvFull:ALK-p.L1196M,HAS_VAR
Genesymbol:NSD1,GeneticDisease:韦弗综合征,CAUSE_TO
Drug:伊马替尼,Genesymbol:ABL1,INHIBITION_TO
CancerCell:KRAS-p.G12C-胰腺腺癌,Drug:adagrasib,SENSITIVITY_TO
SnvFull:CARD11-p.K184M,Genesymbol:CARD11,HAS_GENE
GeneticDisease:多发性皮脂腺囊肿,Cancer:皮脂腺癌,DEVELOP_TO
GeneticDisease:神经鞘瘤病,Cancer:脑膜瘤,DEVELOP_TO
Drug:阿地白介素,Cancer:肾细胞癌,TREATMENT
Genesymbol:BRAF,Cancer:毛细胞型星形细胞瘤,DRIVING_TO
CancerCell:MAP2K1-p.C121S;BRAF-p.V600E-Spitz样黑色素瘤,Cancer:Spitz样黑色素瘤,ORIGINATED_FROM
CancerCell:.-FGFR1-腺泡状横纹肌肉瘤,Cancer:腺泡状横纹肌肉瘤,ORIGINATED_FROM
CancerCell:BRAF-p.D594N-胸壁肿瘤,Cancer:胸壁肿瘤,ORIGINATED_FROM
CancerCell:FLT3-p.F691L-AML伴t(8；21)(q22；q22.1)；RUNX1-RUNX1T1,Drug:舒尼替尼,SENSITIVITY_TO
CancerCell:CCDC6-RET;EGFR-p.L858R-肺淋巴上皮瘤样癌,Fusion:CCDC6-RET,HAS_VAR
CancerCell:PDGFRA-p.D842V-十二指肠间质瘤,SnvFull:PDGFRA-p.D842V,HAS_VAR
Drug:merestinib,Drug:merestinib,IS_A
CancerCell:BRAF-p.V600E-囊性胶质瘤,Drug:selumetinib,SENSITIVITY_TO
ClinicalTrial:CTR20132279,Cancer:肝癌,INCLUDE_A
CancerCell:PIK3CA-p.H1047R-卵巢/输卵管癌,SnvFull:PIK3CA-p.H1047R,HAS_VAR
CancerCell:EGFR-p.L858R;CTNNB1-act;EGFR-p.E709-肺癌,SnvFull:EGFR-p.L858R,HAS_VAR
CancerCell:PIK3CA-act-子宫内膜样癌,Drug:alpelisib,SENSITIVITY_TO
Drug:博来霉素,Cancer:头颈部肿瘤,TREATMENT
Drug:卡瑞利珠单抗,Cancer:食管鳞状细胞癌,TREATMENT
Drug:索拉非尼,Cancer:肾细胞癌,TREATMENT
Drug:克唑替尼,Drug:克唑替尼,IS_A
CancerCell:CSF1R-p.Y546_K551del-子宫内膜癌,Cancer:子宫内膜癌,ORIGINATED_FROM
CancerCell:MET-skipping_mut;MET-p.D1228N-肺癌,SnvFull:MET-p.D1228N,HAS_VAR
CancerCell:JAK2-p.V617F-肝癌,Cancer:肝癌,ORIGINATED_FROM
Drug:依维莫司,Cancer:胃神经内分泌癌,TREATMENT
CancerCell:ROS1-p.L2026M-分化差的非小细胞肺癌,SnvFull:ROS1-p.L2026M,HAS_VAR
Drug:alitretinoin,Cancer:Kaposis肉瘤,TREATMENT
CancerCell:JAK2-p.V617F-宫颈癌,Cancer:宫颈癌,ORIGINATED_FROM
Drug:阿替利珠单抗,Cancer:黑色素瘤,TREATMENT
CancerCell:BRAF-p.V600M;BRAF-p.V600E-皮肤黑色素瘤,SnvFull:BRAF-p.V600E,HAS_VAR
Drug:lucitanib,Genesymbol:FGFR3,INHIBITION_TO
CancerCell:BRAF-p.G606E-胰腺囊性肿瘤,Cancer:胰腺囊性肿瘤,ORIGINATED_FROM
Drug:KL590586,Genesymbol:RET,INHIBITION_TO
Genesymbol:PBRM1,Cancer:子宫内膜癌,DRIVING_TO
CancerCell:ALK-p.L1196M;.-ALK-星形细胞瘤,SnvFull:ALK-p.L1196M,HAS_VAR
CancerCell:KRAS-p.G12C-结直肠腺癌,Drug:adagrasib,SENSITIVITY_TO
CancerCell:AKT1-p.E17K-子宫黏液癌,Drug:capivasertib,SENSITIVITY_TO
CancerCell:MET-skipping_mut;MET-p.D1228N-腺样囊性癌,SnvFull:MET-p.D1228N,HAS_VAR
CancerCell:EGFR-p.L833V;EGFR-p.L858R-非小细胞肺癌,SnvFull:EGFR-p.L858R,HAS_VAR
CancerCell:FGFR2-CLIP1-血管瘤样纤维组织细胞瘤,Fusion:FGFR2-CLIP1,HAS_VAR
CancerCell:VHL-p.T133N-肾小细胞癌,Cancer:肾小细胞癌,ORIGINATED_FROM
CancerCell:FGFR2-p.F276C-胆管癌,SnvFull:FGFR2-p.F276C,HAS_VAR
ClinicalTrial:NCT00095940,Cancer:室管膜瘤,INCLUDE_A
Genesymbol:NF1,Cancer:肾透明细胞癌,DRIVING_TO
CancerCell:FGFR2-p.F276C-胆道癌,SnvFull:FGFR2-p.F276C,HAS_VAR
CancerCell:EGFR-p.E709_T710delinsD-肺涎腺型肿瘤,Drug:达可替尼,SENSITIVITY_TO
CancerCell:ALK-p.G1202R;.-ALK-盆腔肿瘤,Cancer:盆腔肿瘤,ORIGINATED_FROM
CancerCell:EGFR-p.C797S<T790M顺式>-肺多形性癌,Drug:奥希替尼,RESISTANCE_TO
Drug:Ro31-8220,Genesymbol:GSK3B,INHIBITION_TO
CancerCell:JAK2-p.V617F-宫颈内腺癌,Cancer:宫颈内腺癌,ORIGINATED_FROM
CancerCell:ALK-p.L1196M;.-ALK-黑色素瘤,Cancer:黑色素瘤,ORIGINATED_FROM
Drug:仑伐替尼,Cancer:肾细胞癌,TREATMENT
CancerCell:KIT-p.D816V-胰腺囊性肿瘤,Cancer:胰腺囊性肿瘤,ORIGINATED_FROM
CancerCell:PDGFRA-p.N659K-盆腔肿瘤,Cancer:盆腔肿瘤,ORIGINATED_FROM
CancerCell:ALK-p.L1198F;.-ALK-宫颈癌,SnvFull:ALK-p.L1198F,HAS_VAR
ClinicalTrial:CTR20221537,Cancer:非小细胞肺癌,INCLUDE_A
CancerCell:VHL-inact-未分类的肾细胞癌,Drug:阿昔替尼,SENSITIVITY_TO
CancerCell:ROS1-p.L2026M-肺神经内分泌瘤,SnvFull:ROS1-p.L2026M,HAS_VAR
SnvFull:PLAG1-p.K184N,Genesymbol:PLAG1,HAS_GENE
CancerCell:ALK-p.L1198F;.-ALK-黑色素瘤,Cancer:黑色素瘤,ORIGINATED_FROM
CancerCell:ALK-p.G1202R;.-ALK-腺样囊性癌,SnvFull:ALK-p.G1202R,HAS_VAR
Drug:vandetanib,Genesymbol:ABL1,INHIBITION_TO
CancerCell:FGFR2-SHTN1-盆腔肿瘤,Cancer:盆腔肿瘤,ORIGINATED_FROM
GeneticDisease:Denys-Drash综合征,Cancer:卵巢癌,DEVELOP_TO
CancerCell:ALK-p.L1196M-肺腺样囊性癌,Drug:克唑替尼,RESISTANCE_TO
ClinicalTrial:CTR20201923,Cancer:胰腺癌,INCLUDE_A
CancerCell:MET-skipping_mut;MET-p.D1228N-星形细胞瘤,SnvFull:MET-p.D1228N,HAS_VAR
CancerCell:NCOA4-RET;EGFR-p.L858R-肺淋巴上皮瘤样癌,Cancer:肺淋巴上皮瘤样癌,ORIGINATED_FROM
CancerCell:NRAS-p.Q61-Spitz样黑色素瘤,Drug:RO5126766,SENSITIVITY_TO
CancerCell:PTEN-Loss;PIK3CA-Amp-卵巢浆-黏液性癌,Drug:pictilisib,SENSITIVITY_TO
Drug:EBI-907,Genesymbol:BRAF,INHIBITION_TO
Drug:MAX-40279,Genesymbol:FGFR3,INHIBITION_TO
CancerCell:ALK-p.L1196M;.-ALK-乳头肿瘤,Cancer:乳头肿瘤,ORIGINATED_FROM
CancerCell:MET-p.D1230N-胰腺囊性肿瘤,Cancer:胰腺囊性肿瘤,ORIGINATED_FROM
Drug:六甲蜜胺,Cancer:卵巢癌,TREATMENT
Drug:capmatinib,Genesymbol:MET,INHIBITION_TO
CancerCell:EGFR-p.A767_V769dup-非鳞状非小细胞肺癌,Drug:奥希替尼,SENSITIVITY_TO
CancerCell:CSF1R-p.W450_E456del-腺样囊性癌,Cancer:腺样囊性癌,ORIGINATED_FROM
Genesymbol:WT1,GeneticDisease:肾母细胞瘤,CAUSE_TO
Drug:替雷利珠单抗,Cancer:胃癌,TREATMENT
Drug:伊曲康唑,Genesymbol:MTOR,INHIBITION_TO
CancerCell:BRAF-p.G469V-肺梭形细胞癌,Drug:索拉非尼,SENSITIVITY_TO
Drug:阿帕替尼,Genesymbol:RET,INHIBITION_TO
Drug:antroquinonol,Genesymbol:MTOR,INHIBITION_TO
Genesymbol:NF2,GeneticDisease:家族聚集性脑膜瘤,CAUSE_TO
ClinicalTrial:CTR20221281,Cancer:非小细胞肺癌,INCLUDE_A
CancerCell:ERBB2-p.Y772_A775dup-非鳞状非小细胞肺癌,Drug:吡咯替尼,SENSITIVITY_TO
CancerCell:CSF1R-p.Y546_K551del-甲状腺癌,Cancer:甲状腺癌,ORIGINATED_FROM
CancerCell:EGFR-p.E709_T710delinsD-肺透明细胞癌,SnvFull:EGFR-p.E709_T710delinsD,HAS_VAR
CancerCell:.-FGFR1-胰腺神经内分泌瘤,Fusion:.-FGFR1,HAS_VAR
Genesymbol:FBXW7,Cancer:头颈部鳞状细胞癌,DRIVING_TO
CancerCell:BRAF-p.V600E-中枢神经系统/脑部肿瘤,SnvFull:BRAF-p.V600E,HAS_VAR
CancerCell:FLT3-p.F691L-AML (巨核细胞) 伴 t(1；22)(p13.3；q13.3)；RBM15-MKL1,SnvFull:FLT3-p.F691L,HAS_VAR
CancerCell:ALK-p.L1198F;.-ALK-皮肤癌,Cancer:皮肤癌,ORIGINATED_FROM
Drug:LY2090314,Genesymbol:GSK3B,INHIBITION_TO
CancerCell:ALK-p.L1196M;.-ALK-肺淋巴上皮瘤样癌,Fusion:.-ALK,HAS_VAR
CancerCell:ALK-p.V1180L;.-ALK-肺梭形细胞癌,Drug:布格替尼,SENSITIVITY_TO
Genesymbol:NF1,Cancer:头颈部鳞状细胞癌,DRIVING_TO
Genesymbol:PKD1,GeneticDisease:多囊肾病1型,CAUSE_TO
CancerCell:EZH2-p.A682G-成熟B细胞淋巴瘤,Cancer:成熟B细胞淋巴瘤,ORIGINATED_FROM
Drug:G244-LM,Genesymbol:TNKS,INHIBITION_TO
ClinicalTrial:NCT01596127,Cancer:脑膜瘤,INCLUDE_A
CancerCell:PIK3CA-p.W1051*-子宫腺鳞癌,SnvFull:PIK3CA-p.W1051*,HAS_VAR
CancerCell:FGFR2-SHTN1-软组织肿瘤,Cancer:软组织肿瘤,ORIGINATED_FROM
CancerCell:ALK-p.L1196M-肺癌,SnvFull:ALK-p.L1196M,HAS_VAR
Drug:amivantamab-vmjw,Genesymbol:EGFR,INHIBITION_TO
CancerCell:PDGFRA-p.D842V-十二指肠间质瘤,Drug:达沙替尼,SENSITIVITY_TO
SnvFull:CARD11-p.P2L,Genesymbol:CARD11,HAS_GENE
Drug:硼替佐米,CancerCell:套细胞淋巴瘤(MCL),TREATMENT
Drug:卡莫司汀,Cancer:霍奇金淋巴瘤,TREATMENT
CancerCell:KIT-p.D816V-鞍区肿瘤,SnvFull:KIT-p.D816V,HAS_VAR
CancerCell:CSF1R-p.W450_E456del-卵巢癌,Cancer:卵巢癌,ORIGINATED_FROM
CancerCell:ALK-p.G1269A;.-ALK-肺涎腺型肿瘤,SnvFull:ALK-p.G1269A,HAS_VAR
CancerCell:ALK-p.L1198F;.-ALK-宫颈癌,Cancer:宫颈癌,ORIGINATED_FROM
CancerCell:EGFR-p.V834L;EGFR-p.L858R-肺腺样囊性癌,SnvFull:EGFR-p.V834L,HAS_VAR
CancerCell:KRAS-act-结直肠腺癌,Drug:呋喹替尼,SENSITIVITY_TO
CancerCell:ALK-p.G1202R-肺腺鳞癌,Drug:洛拉替尼,SENSITIVITY_TO
CancerCell:JAK2-p.V617F-宫颈癌,SnvFull:JAK2-p.V617F,HAS_VAR
CancerCell:VHL-p.T133N-肉瘤样特征的肾透明细胞癌,Cancer:肉瘤样特征的肾透明细胞癌,ORIGINATED_FROM
CancerCell:BRAF-p.D594G-肠癌,Drug:曲美替尼,RESISTANCE_TO
ClinicalTrial:CTR20221470,Cancer:前列腺癌,INCLUDE_A
CancerCell:KIT-p.D816V-胰腺囊性肿瘤,SnvFull:KIT-p.D816V,HAS_VAR
Drug:danusertib,Genesymbol:ABL1,INHIBITION_TO
CancerCell:EGFR-p.I759M;EGFR-p.L858R-非小细胞肺癌,Drug:吉非替尼,SENSITIVITY_TO
CancerCell:PDGFRA-p.N659K-胰腺囊性肿瘤,SnvFull:PDGFRA-p.N659K,HAS_VAR
CancerCell:BRAF-p.V600E-骨髓瘤,SnvFull:BRAF-p.V600E,HAS_VAR
CancerCell:ALK-p.L1196M;.-ALK-食管癌,Cancer:食管癌,ORIGINATED_FROM
SnvFull:AIRE-p.V118F,Genesymbol:AIRE,HAS_GENE
CancerCell:PIK3CA-act-子宫肿瘤,Drug:apitolisib,SENSITIVITY_TO
Genesymbol:AJUBA,Cancer:头颈部鳞状细胞癌,DRIVING_TO
CancerCell:ALK-p.L1198F;.-ALK-乳腺癌,Cancer:乳腺癌,ORIGINATED_FROM
CancerCell:JAK2-p.V617F-子宫内膜癌,Cancer:子宫内膜癌,ORIGINATED_FROM
SnvFull:EGFR-p.Q1021K,Genesymbol:EGFR,HAS_GENE
CancerCell:MET-skipping_mut;MET-p.L1195V-子宫内膜癌,SnvFull:MET-p.L1195V,HAS_VAR
CancerCell:BRAF-p.N581S-肺癌,Drug:曲美替尼,RESISTANCE_TO
CancerCell:FGFR2-p.E566G-小细胞胆囊癌,CancerAlias:小细胞胆囊癌,ORIGINATED_FROM
CancerCell:ROS1-p.L2026M-肺横纹肌样表型大细胞癌,SnvFull:ROS1-p.L2026M,HAS_VAR
CancerCell:ALK-p.L1196M;.-ALK-肺腺鳞癌,Drug:洛拉替尼,SENSITIVITY_TO
CancerCell:ALK-p.G1269A;.-ALK-小细胞肺癌,SnvFull:ALK-p.G1269A,HAS_VAR
Drug:tepotinib,Drug:tepotinib,IS_A
CancerCell:PDGFRA-p.N659K-原发性骨髓纤维化,SnvFull:PDGFRA-p.N659K,HAS_VAR
CancerCell:FGFR2-SHTN1-腺泡状横纹肌肉瘤,Fusion:FGFR2-SHTN1,HAS_VAR
CancerCell:EGFR-p.T790M-肺涎腺型肿瘤,SnvFull:EGFR-p.T790M,HAS_VAR
CancerCell:RUFY2-RET;EGFR-p.L858R-肺淋巴上皮瘤样癌,Fusion:RUFY2-RET,HAS_VAR
ClinicalTrial:NCT02496208,Cancer:肾髓样癌,INCLUDE_A
CancerCell:ALK-p.L1198F;.-ALK-小细胞肺癌,Cancer:小细胞肺癌,ORIGINATED_FROM
CancerCell:MET-p.D1230N-胸膜癌,SnvFull:MET-p.D1230N,HAS_VAR
ClinicalTrial:NCT00031941,Cancer:小肠癌,INCLUDE_A
CancerCell:ALK-p.I1171T-大细胞肺癌,SnvFull:ALK-p.I1171T,HAS_VAR
CancerCell:FGFR2-p.E566G-原发性骨髓纤维化,SnvFull:FGFR2-p.E566G,HAS_VAR
GeneticDisease:家族性聚集多发性骨髓瘤,Cancer:前列腺癌,DEVELOP_TO
Drug:氢化可的松,Cancer:淋巴瘤,TREATMENT
Genesymbol:NF1,Cancer:肝癌,DRIVING_TO
Drug:apitolisib,Genesymbol:MTOR,INHIBITION_TO
Drug:glembatumumab vedotin,Genesymbol:GPNMB,INHIBITION_TO
CancerCell:BRAF-p.Y472C-肺涎腺型肿瘤,SnvFull:BRAF-p.Y472C,HAS_VAR
CancerCell:FGFR2-SKI-黑色素瘤,Cancer:黑色素瘤,ORIGINATED_FROM
CancerCell:FGFR3-TACC3-炎性肌纤维母细胞瘤,Fusion:FGFR3-TACC3,HAS_VAR
CancerCell:CSF1R-p.Y546_K551del-肾癌,SnvFull:CSF1R-p.Y546_K551del,HAS_VAR
Drug:abexinostat,Genesymbol:HDAC4,INHIBITION_TO
CancerCell:AKT1-act-子宫黏液癌,Drug:temsirolimus,SENSITIVITY_TO
SnvFull:NBEA-p.K2111N,Genesymbol:NBEA,HAS_GENE
CancerCell:CSF1R-p.W450_E456del-乳腺癌,SnvFull:CSF1R-p.W450_E456del,HAS_VAR
CancerCell:MET-skipping_mut;MET-p.D1228N-宫颈内腺癌,SnvFull:MET-p.D1228N,HAS_VAR
CancerCell:ALK-p.L1198F;.-ALK-卵巢癌,SnvFull:ALK-p.L1198F,HAS_VAR
Drug:洛拉替尼,Cancer:非小细胞肺癌,TREATMENT
CancerCell:ALK-p.G1202R;.-ALK-黑色素瘤,Fusion:.-ALK,HAS_VAR
CancerCell:NTRK3-p.G623R-头颈部肿瘤,Drug:恩曲替尼,RESISTANCE_TO
SnvFull:FGFR1-p.E29K,Genesymbol:FGFR1,HAS_GENE
CancerCell:ALK-p.G1269A;.-ALK-肺涎腺型肿瘤,Drug:阿来替尼,SENSITIVITY_TO
DrugAlias:lonsurf,Drug:曲氟尿苷替匹嘧啶,IS_A
CancerCell:JAK2-p.V617F-肾癌,Cancer:肾癌,ORIGINATED_FROM
CancerCell:FGFR2-SKI-皮肤癌,Cancer:皮肤癌,ORIGINATED_FROM
GeneticDisease:Li-Fraumeni综合征,Cancer:乳腺癌,DEVELOP_TO
CancerCell:PIK3CA-p.W1051*-子宫中肾管样癌,SnvFull:PIK3CA-p.W1051*,HAS_VAR
CancerCell:BRAF-p.G466V-非小细胞肺癌,Drug:曲美替尼,RESISTANCE_TO
Drug:博来霉素,Cancer:肿瘤、生殖细胞和胚胎,TREATMENT
CancerCell:BRAF-p.G606E-子宫平滑肌肉瘤,SnvFull:BRAF-p.G606E,HAS_VAR
CancerCell:ALK-p.L1198F;.-ALK-皮肤癌,Fusion:.-ALK,HAS_VAR
CancerCell:FGFR2-TACC3-血管瘤样纤维组织细胞瘤,Fusion:FGFR2-TACC3,HAS_VAR
CancerCell:PDGFRA-p.N659K-巨球蛋白血症(WM),SnvFull:PDGFRA-p.N659K,HAS_VAR
CancerCell:ALK-p.L1198F;.-ALK-宫颈内腺癌,Cancer:宫颈内腺癌,ORIGINATED_FROM
ClinicalTrial:NCT00075465,Cancer:原发灶不明癌,INCLUDE_A
Genesymbol:FBXW7,Genesymbol:NCOR1,SYNTHETIC_LETHALITY
CancerCell:ALK-p.L1196M;.-ALK-甲状腺癌,Cancer:甲状腺癌,ORIGINATED_FROM
ClinicalTrial:NCT01256385,Cancer:口腔癌,INCLUDE_A
CancerCell:MET-skipping_mut;MET-p.D1228N-食管癌,Cancer:食管癌,ORIGINATED_FROM
GeneticDisease:Bloom综合征,Cancer:血液肿瘤,DEVELOP_TO
CancerCell:FGFR2-SHTN1-皮肤癌,Cancer:皮肤癌,ORIGINATED_FROM
CancerCell:KIT-p.D816V-巨细胞肺癌,Cancer:巨细胞肺癌,ORIGINATED_FROM
Drug:苯达莫司汀,Cancer:慢性淋巴细胞白血病/小淋巴细胞淋巴瘤,TREATMENT
Drug:danusertib,Genesymbol:NTRK1,INHIBITION_TO
CancerCell:BRAF-p.G466V-肺腺样囊性癌,SnvFull:BRAF-p.G466V,HAS_VAR
CancerCell:EGFR-p.E709_T710delinsD-肺多形性癌,SnvFull:EGFR-p.E709_T710delinsD,HAS_VAR
CancerCell:BRAF-p.Y472C-肺涎腺型肿瘤,Drug:达沙替尼,SENSITIVITY_TO
Drug:帕米帕利,Cancer:卵巢癌,TREATMENT
Drug:depatuxizumab mafodotin,Genesymbol:EGFR,INHIBITION_TO
CancerCell:BRAF-p.V600M;BRAF-p.V600E-黏膜黑色素瘤,Drug:达拉非尼,SENSITIVITY_TO
CancerCell:FGFR2-SKI-盆腔肿瘤,Fusion:FGFR2-SKI,HAS_VAR
CancerCell:EGFR-p.V834L;EGFR-p.L858R-非小细胞肺癌,Cancer:非小细胞肺癌,ORIGINATED_FROM
CancerCell:CSF1R-p.W450_E456del-食管癌,SnvFull:CSF1R-p.W450_E456del,HAS_VAR
CancerCell:EZH2-p.A682G-滤泡性淋巴瘤(FL),Cancer:滤泡性淋巴瘤(FL),ORIGINATED_FROM
CancerCell:FGFR2-.-肝外胆管癌,Drug:佩米替尼,SENSITIVITY_TO
CancerCell:ALK-p.L1196M-大细胞肺癌,SnvFull:ALK-p.L1196M,HAS_VAR
CancerCell:FLT3-p.D835Y-小细胞肺癌,Cancer:小细胞肺癌,ORIGINATED_FROM
CancerCell:.-ALK-肺腺鳞癌,Drug:恩沙替尼,SENSITIVITY_TO
CancerCell:ERBB2-Amp;ERBB2-p.E401G-肺腺癌,SnvFull:ERBB2-p.E401G,HAS_VAR
CancerCell:FGFR2-.-肝门部胆管癌,Drug:佩米替尼,SENSITIVITY_TO
CancerCell:POLE-inact-巨细胞肺癌,Drug:阿替利珠单抗,SENSITIVITY_TO
CancerCell:.-FGFR1-皮肤癌,Cancer:皮肤癌,ORIGINATED_FROM
Drug:AMG160,Genesymbol:CD3E,INHIBITION_TO
Genesymbol:MYH8,GeneticDisease:牙关紧闭假屈曲指综合征,CAUSE_TO
ClinicalTrial:NCT02831257,Cancer:脑膜瘤,INCLUDE_A
CancerCell:BRAF-p.V600E-囊性胶质瘤,Drug:维莫非尼,SENSITIVITY_TO
CancerCell:ALK-p.G1269A;.-ALK-肺类癌,Drug:阿来替尼,SENSITIVITY_TO
CancerCell:MET-skipping_mut;MET-p.D1228N-卵巢癌,SnvFull:MET-p.D1228N,HAS_VAR
CancerCell:NRAS-act-皮肤癌,Drug:FCN-159,SENSITIVITY_TO
CancerCell:CSF1R-p.Y546_K551del-肾癌,Cancer:肾癌,ORIGINATED_FROM
CancerCell:MET-p.D1230N-盆腔肿瘤,Cancer:盆腔肿瘤,ORIGINATED_FROM
Drug:HS-10352,Genesymbol:PIK3CA,INHIBITION_TO
Genesymbol:NF1,Cancer:结直肠腺癌,DRIVING_TO
CancerCell:EGFR-p.V834L;EGFR-p.L858R-肺癌,Cancer:肺癌,ORIGINATED_FROM
Drug:依维莫司,Cancer:肾细胞癌,TREATMENT
CancerCell:MET-skipping_mut;MET-p.L1195V-甲状腺癌,Cancer:甲状腺癌,ORIGINATED_FROM
SnvFull:AIRE-p.A25D,Genesymbol:AIRE,HAS_GENE
CancerCell:ALK-p.L1198F;.-ALK-星形细胞瘤,SnvFull:ALK-p.L1198F,HAS_VAR
CancerCell:EGFR-p.E709_T710delinsD-肺多形性癌,Drug:达可替尼,SENSITIVITY_TO
GeneticDisease:Denys-Drash综合征,Cancer:肾癌,DEVELOP_TO
CancerCell:ALK-p.L1196M;.-ALK-子宫内膜癌,Cancer:子宫内膜癌,ORIGINATED_FROM
CancerCell:FGFR3-TACC3-软组织肿瘤,Cancer:软组织肿瘤,ORIGINATED_FROM
CancerCell:FLT3-p.D835Y-食管癌,SnvFull:FLT3-p.D835Y,HAS_VAR
CancerCell:EGFR-p.E709V;EGFR-p.L858R-肺基底细胞样大细胞癌,SnvFull:EGFR-p.L858R,HAS_VAR
CancerCell:ALK-p.L1198F;.-ALK-炎性肌纤维母细胞瘤,Fusion:.-ALK,HAS_VAR
CancerCell:ALK-p.G1269A;.-ALK-大细胞肺癌,SnvFull:ALK-p.G1269A,HAS_VAR
CancerCell:.-FGFR1-T淋巴细胞白血病/淋巴瘤,Cancer:T淋巴细胞白血病/淋巴瘤,ORIGINATED_FROM
CancerCell:BRAF-p.Y472C-鳞状非小细胞肺癌,Drug:达沙替尼,SENSITIVITY_TO
CancerCell:MET-skipping_mut;MET-p.L1195V-胰腺癌,Cancer:胰腺癌,ORIGINATED_FROM
Drug:放线菌素D,Cancer:横纹肌肉瘤,TREATMENT
ClinicalTrial:CTR20140041,Cancer:肺癌,INCLUDE_A
CancerCell:ALK-p.C1156Y;.-ALK-腺泡状横纹肌肉瘤,Cancer:腺泡状横纹肌肉瘤,ORIGINATED_FROM
Genesymbol:CEBPA,Genesymbol:CEBPA,IS_A
CancerCell:EGFR-p.E709V;EGFR-p.L858R-肺透明细胞癌,SnvFull:EGFR-p.L858R,HAS_VAR
Genesymbol:H3F3A,Cancer:毛细胞型星形细胞瘤,DRIVING_TO
Drug:EZN-4176,Genesymbol:AR,INHIBITION_TO
SnvFull:FGFR1-p.L33F,Genesymbol:FGFR1,HAS_GENE
CancerCell:ALK-p.L1198F;.-ALK-乳头肿瘤,SnvFull:ALK-p.L1198F,HAS_VAR
ClinicalTrial:NCT00079261,Cancer:小肠癌,INCLUDE_A
CancerCell:ALK-p.L1198F;.-ALK-肺淋巴上皮瘤样癌,Cancer:肺淋巴上皮瘤样癌,ORIGINATED_FROM
Drug:E7449,Genesymbol:TNKS,INHIBITION_TO
Drug:SIM-89,Genesymbol:NTRK1,INHIBITION_TO
CancerCell:AKT1-act-子宫黏液癌,Drug:apitolisib,SENSITIVITY_TO
CancerCell:ALK-p.L1196M-肺鳞状细胞癌,SnvFull:ALK-p.L1196M,HAS_VAR
Drug:pictilisib,Genesymbol:PIK3CA,INHIBITION_TO
SnvFull:CARD11-p.G830D,Genesymbol:CARD11,HAS_GENE
CancerCell:KIT-p.D816V-巨球蛋白血症(WM),SnvFull:KIT-p.D816V,HAS_VAR
CancerCell:.-FGFR1-软组织肿瘤,Fusion:.-FGFR1,HAS_VAR
ClinicalTrial:NCT00033657,Cancer:食管腺癌,INCLUDE_A
SnvFull:PLAG1-p.S161R,Genesymbol:PLAG1,HAS_GENE
CancerCell:PDGFRA-p.W559_R560del-软组织肿瘤,Drug:舒尼替尼,SENSITIVITY_TO
CancerCell:ALK-p.L1198F;.-ALK-黑色素瘤,Fusion:.-ALK,HAS_VAR
CancerCell:ALK-p.L1196M;.-ALK-腺泡状横纹肌肉瘤,Cancer:腺泡状横纹肌肉瘤,ORIGINATED_FROM
CancerCell:AKT1-act-子宫去分化癌,Drug:temsirolimus,SENSITIVITY_TO
Genesymbol:FBXW7,CancerAlias:胆管癌,DRIVING_TO
CancerCell:ALK-p.L1196M;.-ALK-宫颈内腺癌,Cancer:宫颈内腺癌,ORIGINATED_FROM
SnvFull:FGFR1-p.P580R,Genesymbol:FGFR1,HAS_GENE
CancerCell:MAP2K1-p.Q56_V60del-卵巢/输卵管癌,SnvFull:MAP2K1-p.Q56_V60del,HAS_VAR
CancerCell:PIK3CA-p.W1051*-子宫内膜样癌,Drug:依维莫司,SENSITIVITY_TO
CancerCell:FGFR2-TACC3-皮肤癌,Cancer:皮肤癌,ORIGINATED_FROM
Drug:CC-94676,Genesymbol:AR,INHIBITION_TO
SnvFull:ZFHX3-p.E2414K,Genesymbol:ZFHX3,HAS_GENE
Drug:帕博利珠单抗,CancerAlias:结直肠癌,TREATMENT
SnvFull:AKT1-p.S2R,Genesymbol:AKT1,HAS_GENE
SnvFull:AIRE-p.R445L,Genesymbol:AIRE,HAS_GENE
Genesymbol:EGFR,Cancer:胶质母细胞瘤,DRIVING_TO
Drug:PP-121,Genesymbol:ABL1,INHIBITION_TO
Drug:BI 882370,Genesymbol:BRAF,INHIBITION_TO
CancerCell:PIK3CA-p.W1051*-子宫浆液性癌/子宫乳头状浆液性癌,SnvFull:PIK3CA-p.W1051*,HAS_VAR
SnvFull:PTPRD-p.E21K,Genesymbol:PTPRD,HAS_GENE
Drug:博来霉素,Cancer:外阴/阴道癌,TREATMENT
CancerCell:ROS1-p.L2026M-肺横纹肌样表型大细胞癌,Cancer:肺横纹肌样表型大细胞癌,ORIGINATED_FROM
CancerCell:ALK-p.V1180L;.-ALK-肺腺癌,SnvFull:ALK-p.V1180L,HAS_VAR
CancerCell:FGFR2-CLIP1-软组织肿瘤,Fusion:FGFR2-CLIP1,HAS_VAR
CancerCell:PIK3CA-p.H1047R-十二指肠间质瘤,SnvFull:PIK3CA-p.H1047R,HAS_VAR
CancerCell:ALK-p.V1180L;.-ALK-肺透明细胞癌,Drug:布格替尼,SENSITIVITY_TO
DrugAlias:amg-510,Drug:sotorasib,IS_A
Drug:贝伐珠单抗,Cancer:非鳞状非小细胞肺癌,TREATMENT
ClinicalTrial:CTR20131488,Cancer:前列腺癌,INCLUDE_A
CancerCell:EGFR-p.L861R;EGFR-p.G719A-肝癌,Cancer:肝癌,ORIGINATED_FROM
ClinicalTrial:NCT01238185,Cancer:口腔癌,INCLUDE_A
Drug:AMG 199,Genesymbol:CD3E,INHIBITION_TO
CancerCell:PIK3CA-p.W1051*-子宫肿瘤,Drug:依维莫司,SENSITIVITY_TO
Drug:贝伐珠单抗,Cancer:肾细胞癌,TREATMENT
CancerCell:EGFR-p.E709G;EGFR-p.L858R-肺涎腺型肿瘤,SnvFull:EGFR-p.L858R,HAS_VAR
CancerCell:FLT3-p.F691L-过性骨髓增生异常,SnvFull:FLT3-p.F691L,HAS_VAR
Drug:AGI-5198,Genesymbol:IDH1,INHIBITION_TO
CancerCell:EGFR-p.L861R;EGFR-p.G719A-甲状腺癌,SnvFull:EGFR-p.L861R,HAS_VAR
Drug:selumetinib,Genesymbol:MAP2K2,INHIBITION_TO
Genesymbol:PBRM1,Cancer:肾透明细胞癌,DRIVING_TO
Genesymbol:ERBB2,Cancer:宫颈鳞状细胞癌,DRIVING_TO
CancerCell:FGFR2-.-肝内胆管癌,Drug:佩米替尼,SENSITIVITY_TO
CancerCell:ALK-p.V1180L;.-ALK-肺多形性癌,SnvFull:ALK-p.V1180L,HAS_VAR
Genesymbol:CHEK2,GeneticDisease:Li-Fraumeni综合征,CAUSE_TO
CancerCell:BRAF-p.G466V-分化差的非小细胞肺癌,SnvFull:BRAF-p.G466V,HAS_VAR
CancerCell:ALK-p.L1198F;.-ALK-盆腔肿瘤,Cancer:盆腔肿瘤,ORIGINATED_FROM
Genesymbol:PML,Genesymbol:SPI1,NEGATIVE_REGULATED
CancerCell:CCDC6-RET;EGFR-p.L858R-肺淋巴上皮瘤样癌,Cancer:肺淋巴上皮瘤样癌,ORIGINATED_FROM
Drug:DT2216,Genesymbol:BCL2L1,INHIBITION_TO
CancerCell:ALK-p.I1171T-非鳞状非小细胞肺癌,Drug:阿来替尼,RESISTANCE_TO
CancerCell:EGFR-p.L861R;EGFR-p.G719A-肺癌,Cancer:肺癌,ORIGINATED_FROM
Drug:ABSK121-NX,Genesymbol:FGFR3,INHIBITION_TO
Genesymbol:NF1,Cancer:乳腺癌,DRIVING_TO
CancerCell:ALK-p.C1156Y;.-ALK-黑色素瘤,Fusion:.-ALK,HAS_VAR
CancerCell:EGFR-p.L861R;EGFR-p.G719A-乳腺癌,SnvFull:EGFR-p.G719A,HAS_VAR
CancerCell:EZH2-p.A682G-非霍奇金淋巴瘤,SnvFull:EZH2-p.A682G,HAS_VAR
CancerCell:FLT3-p.D835Y-胰腺癌,Cancer:胰腺癌,ORIGINATED_FROM
CancerCell:.-FGFR1-黑色素瘤,Fusion:.-FGFR1,HAS_VAR
CancerCell:AKT1-p.E17K-子宫去分化癌,Drug:capivasertib,SENSITIVITY_TO
CancerCell:FGFR2-CLIP1-盆腔肿瘤,Fusion:FGFR2-CLIP1,HAS_VAR
CancerCell:BRAF-p.G469V-肺纤毛黏液结节性乳头状肿瘤,SnvFull:BRAF-p.G469V,HAS_VAR
CancerCell:KIT-p.V654A-软组织肿瘤,Drug:阿伐替尼,RESISTANCE_TO
CancerCell:FLT3-p.F691L-过性骨髓增生异常,Drug:舒尼替尼,SENSITIVITY_TO
Genesymbol:NIN,Cancer:胃腺癌,DRIVING_TO
CancerCell:PTEN-p.R173C;BRAF-p.V600E-结直肠黏液腺癌,Cancer:结直肠黏液腺癌,ORIGINATED_FROM
CancerCell:ALK-p.G1202R;.-ALK-炎性肌纤维母细胞瘤,Cancer:炎性肌纤维母细胞瘤,ORIGINATED_FROM
CancerCell:EGFR-p.E709A;EGFR-p.G719A-肺透明细胞癌,Drug:阿法替尼,SENSITIVITY_TO
Drug:三氧化二砷,Cancer:急性髓系白血病(AML),TREATMENT
CancerCell:ROS1-p.L2026M-肺黏液表皮样癌,SnvFull:ROS1-p.L2026M,HAS_VAR
CancerCell:ALK-p.L1198F;.-ALK-甲状腺癌,Cancer:甲状腺癌,ORIGINATED_FROM
ClinicalTrial:NCT00433550,Cancer:小肠癌,INCLUDE_A
CancerCell:PDGFRA-p.N659K-巨细胞肺癌,Cancer:巨细胞肺癌,ORIGINATED_FROM
Drug:依维莫司,Cancer:星形细胞瘤,TREATMENT
CancerCell:FGFR2-CLIP1-黑色素瘤,Fusion:FGFR2-CLIP1,HAS_VAR
CancerCell:JAK2-p.V617F-肺癌,Cancer:肺癌,ORIGINATED_FROM
CancerCell:ALK-p.G1202R;.-ALK-盆腔肿瘤,Fusion:.-ALK,HAS_VAR
Drug:托瑞米芬,Cancer:乳腺癌,TREATMENT
CancerCell:ALK-p.L1196M;.-ALK-宫颈内腺癌,SnvFull:ALK-p.L1196M,HAS_VAR
CancerCell:ALK-p.L1196M;.-ALK-宫颈癌,Cancer:宫颈癌,ORIGINATED_FROM
Drug:Deguelin,Genesymbol:PIK3CA,INHIBITION_TO
CancerCell:EGFR-p.L861R;EGFR-p.G719A-肺癌,SnvFull:EGFR-p.L861R,HAS_VAR
CancerCell:ALK-p.L1196M;.-ALK-肺腺癌,Cancer:肺腺癌,ORIGINATED_FROM
CancerCell:ALK-p.L1196M;.-ALK-肺癌,SnvFull:ALK-p.L1196M,HAS_VAR
CancerCell:MET-skipping_mut;MET-p.D1228N-胰腺癌,SnvFull:MET-p.D1228N,HAS_VAR
Drug:AMG 910,Genesymbol:CD3E,INHIBITION_TO
Genesymbol:FH,SnvFull:VHL-p.T133N,HAS_VAR
Drug:MK-2206,Genesymbol:AKT1,INHIBITION_TO
Drug:他莫昔芬,Cancer:乳腺癌,TREATMENT
SnvFull:PCDH17-p.L1019V,Genesymbol:PCDH17,HAS_GENE
GeneticDisease:遗传性纤维瘤病,CancerAlias:结直肠癌,DEVELOP_TO
CancerCell:CSF1R-p.Y546_K551del-乳头肿瘤,SnvFull:CSF1R-p.Y546_K551del,HAS_VAR
CancerCell:EGFR-p.L861R;EGFR-p.G719A-肺癌,SnvFull:EGFR-p.G719A,HAS_VAR
Drug:amivantamab-vmjw,Drug:amivantamab-vmjw,IS_A
SnvFull:AKT1-p.K111N,Genesymbol:AKT1,HAS_GENE
Drug:AMGMDS3,Genesymbol:TP53,INHIBITION_TO
CancerCell:FGFR3-TACC3-T淋巴细胞白血病/淋巴瘤,Fusion:FGFR3-TACC3,HAS_VAR
CancerCell:KIT-p.D816V-原发性骨髓纤维化,SnvFull:KIT-p.D816V,HAS_VAR
Genesymbol:SMARCD1,Cancer:乳腺癌,DRIVING_TO
CancerCell:BRAF-p.Y472C-肺透明细胞癌,SnvFull:BRAF-p.Y472C,HAS_VAR
Genesymbol:PRDM2,Cancer:乳头状肾细胞癌,DRIVING_TO
CancerCell:PIK3CA-p.H1047R-软组织肿瘤,SnvFull:PIK3CA-p.H1047R,HAS_VAR
CancerCell:ALK-p.G1269A;.-ALK-肺鳞状细胞癌,SnvFull:ALK-p.G1269A,HAS_VAR
CancerCell:ALK-p.L1198F;.-ALK-肺腺癌,SnvFull:ALK-p.L1198F,HAS_VAR
CancerCell:ALK-p.G1202R;.-ALK-胰腺癌,SnvFull:ALK-p.G1202R,HAS_VAR
CancerCell:EGFR-p.L833V;EGFR-p.L858R-肺癌,SnvFull:EGFR-p.L833V,HAS_VAR
CancerCell:ALK-p.L1196M;.-ALK-软组织肿瘤,Cancer:软组织肿瘤,ORIGINATED_FROM
CancerCell:PIK3CA-p.W1051*-子宫去分化癌,Drug:依维莫司,SENSITIVITY_TO
CancerCell:KIT-p.D816V-鞍区肿瘤,Cancer:鞍区肿瘤,ORIGINATED_FROM
CancerCell:JAK2-p.V617F-肝癌,SnvFull:JAK2-p.V617F,HAS_VAR
CancerCell:EGFR-p.E709_T710delinsD-肺淋巴上皮瘤样癌,SnvFull:EGFR-p.E709_T710delinsD,HAS_VAR
CancerCell:CSF1R-p.Y546_K551del-乳腺癌,Cancer:乳腺癌,ORIGINATED_FROM
CancerCell:FGFR2-SHTN1-黑色素瘤,Cancer:黑色素瘤,ORIGINATED_FROM
ClinicalTrial:CTR20221538,Cancer:非小细胞肺癌,INCLUDE_A
Genesymbol:MAPK12,Genesymbol:MAX,POSITIVE_REGULATED
CancerCell:BRAF-p.G466V-巨细胞肺癌,SnvFull:BRAF-p.G466V,HAS_VAR
CancerCell:MET-skipping_mut;MET-p.L1195V-星形细胞瘤,Cancer:星形细胞瘤,ORIGINATED_FROM
CancerCell:.-FGFR1-炎性肌纤维母细胞瘤,Cancer:炎性肌纤维母细胞瘤,ORIGINATED_FROM
CancerCell:ALK-p.G1269A;.-ALK-肺腺鳞癌,Drug:阿来替尼,SENSITIVITY_TO
CancerCell:.-ALK-肺腺鳞癌,Drug:克唑替尼,SENSITIVITY_TO
CancerCell:ROS1-p.L2026M-肺癌,Cancer:肺癌,ORIGINATED_FROM
Drug:G-631,Genesymbol:TNKS,INHIBITION_TO
Genesymbol:ARID1A,CancerAlias:胆管癌,DRIVING_TO
Drug:ARX788,Genesymbol:ERBB2,INHIBITION_TO
CancerCell:KIT-p.D816V-胸膜癌,SnvFull:KIT-p.D816V,HAS_VAR
CancerCell:FLT3-p.I836F-骨髓瘤,Drug:索拉非尼,RESISTANCE_TO
Drug:阿柔比星,Cancer:淋巴瘤,TREATMENT
CancerCell:BRAF-p.G596V-肺涎腺型肿瘤,SnvFull:BRAF-p.G596V,HAS_VAR
Drug:阿比特龙,Genesymbol:AR,INHIBITION_TO
CancerCell:FGFR3-p.S249C-膀胱/尿路癌,SnvFull:FGFR3-p.S249C,HAS_VAR
Drug:SY-5007,Genesymbol:RET,INHIBITION_TO
CancerCell:ALK-p.G1202R;.-ALK-腺样囊性癌,Cancer:腺样囊性癌,ORIGINATED_FROM
CancerCell:FGFR2-SHTN1-炎性肌纤维母细胞瘤,Cancer:炎性肌纤维母细胞瘤,ORIGINATED_FROM
CancerCell:FLT3-p.D835Y-小细胞肺癌,SnvFull:FLT3-p.D835Y,HAS_VAR
CancerCell:MAP2K1-p.L98_K104delinsQ-髓系肿瘤,SnvFull:MAP2K1-p.L98_K104delinsQ,HAS_VAR
SnvFull:PCDH17-p.D269N,Genesymbol:PCDH17,HAS_GENE
CancerCell:MAP2K1-p.C121S;BRAF-p.V600E-皮肤黑色素瘤,SnvFull:MAP2K1-p.C121S,HAS_VAR
SnvFull:PCDH17-p.E1141*,Genesymbol:PCDH17,HAS_GENE
Drug:ponatinib,Cancer:慢性髓系白血病,TREATMENT
CancerCell:EGFR-p.T790M-非粘液性肺腺癌,SnvFull:EGFR-p.T790M,HAS_VAR
CancerCell:.-FGFR1-炎性肌纤维母细胞瘤,Fusion:.-FGFR1,HAS_VAR
CancerCell:KIT-exon17act-软组织肿瘤,Drug:阿伐替尼,SENSITIVITY_TO
CancerCell:BRAF-p.T599K-乳腺腺样囊性癌,SnvFull:BRAF-p.T599K,HAS_VAR
CancerCell:EZH2-p.A682G-原位滤泡肿瘤,Cancer:原位滤泡肿瘤,ORIGINATED_FROM
ClinicalTrial:CTR20190332,Cancer:腹膜癌,INCLUDE_A
CancerCell:ALK-p.V1180L;.-ALK-肺腺癌,Drug:布格替尼,SENSITIVITY_TO
Genesymbol:PBRM1,Cancer:肺腺癌,DRIVING_TO
SnvFull:ZFHX3-p.E717Q,Genesymbol:ZFHX3,HAS_GENE
CancerCell:CSF1R-p.Y546_K551del-卵巢癌,Cancer:卵巢癌,ORIGINATED_FROM
CancerCell:BRAF-p.G469V-肺基底细胞样大细胞癌,SnvFull:BRAF-p.G469V,HAS_VAR
Genesymbol:MAPK12,Genesymbol:MDM2,SYNTHETIC_LETHALITY
Drug:ABI-009,Genesymbol:MTOR,INHIBITION_TO
Drug:氟唑帕利,Cancer:输卵管癌,TREATMENT
Fusion:SND1-BRAF,Genesymbol:BRAF,HAS_3GENE
CancerCell:CSF1R-p.W450_E456del-肾癌,Cancer:肾癌,ORIGINATED_FROM
CancerCell:VHL-inact-肾癌,Drug:依维莫司,SENSITIVITY_TO
CancerCell:EGFR-p.E709A;EGFR-p.G719A-肺腺癌,SnvFull:EGFR-p.G719A,HAS_VAR
Genesymbol:DAXX,Genesymbol:DAXX,IS_A
Drug:塞普替尼,Cancer:甲状腺癌,TREATMENT
CancerCell:FGFR2-TACC3-黑色素瘤,Cancer:黑色素瘤,ORIGINATED_FROM
CancerCell:EZH2-p.A682G-成熟B细胞淋巴瘤,SnvFull:EZH2-p.A682G,HAS_VAR
Genesymbol:ERBB2,Cancer:非小细胞肺癌,DRIVING_TO
CancerCell:MET-skipping_mut;MET-p.D1228N-小细胞肺癌,SnvFull:MET-p.D1228N,HAS_VAR
CancerCell:BRAF-p.V600E-弥漫性胶质瘤,Drug:selumetinib,SENSITIVITY_TO
Drug:多柔比星,Genesymbol:TERT,INHIBITION_TO
Drug:sapitinib,Drug:sapitinib,IS_A
GeneticDisease:WHIM综合征,Cancer:口腔癌,DEVELOP_TO
CancerCell:FGFR2-CLIP1-炎性肌纤维母细胞瘤,Fusion:FGFR2-CLIP1,HAS_VAR
CancerCell:PIK3CA-p.W1051*-子宫癌肉瘤/子宫恶性苗勒氏管混合瘤,Drug:依维莫司,SENSITIVITY_TO
CancerCell:BRAF-p.D594G-结直肠腺癌,Drug:曲美替尼,RESISTANCE_TO
CancerCell:BRAF-p.D594N-胸壁肿瘤,SnvFull:BRAF-p.D594N,HAS_VAR
CancerCell:FLT3-p.I836V-骨髓瘤,Drug:索拉非尼,RESISTANCE_TO
CancerCell:ALK-p.C1156Y-肺腺鳞癌,Drug:洛拉替尼,SENSITIVITY_TO
CancerCell:ALK-p.L1196M;.-ALK-肾癌,Cancer:肾癌,ORIGINATED_FROM
CancerCell:BRAF-p.G466V-肺横纹肌样表型大细胞癌,SnvFull:BRAF-p.G466V,HAS_VAR
Genesymbol:WT1,GeneticDisease:Frasier综合征,CAUSE_TO
CancerCell:MAP2K1-p.C121S;BRAF-p.V600E-原发灶不明黑色素瘤,Cancer:原发灶不明黑色素瘤,ORIGINATED_FROM
Genesymbol:ERBB2,Cancer:卵巢癌,DRIVING_TO
CancerCell:ROS1-p.L2026M-肺癌,SnvFull:ROS1-p.L2026M,HAS_VAR
CancerCell:EGFR-p.T790M-肺淋巴上皮瘤样癌,Drug:U3-1402,SENSITIVITY_TO
Genesymbol:BLM,GeneticDisease:Bloom综合征,CAUSE_TO
SnvFull:NBEA-p.S731L,Genesymbol:NBEA,HAS_GENE
GeneticDisease:Li-Fraumeni综合征,Cancer:中枢神经系统/脑部肿瘤,DEVELOP_TO
Genesymbol:DICER1,GeneticDisease:DICER1综合征,CAUSE_TO
GeneticDisease:雄激素不敏感综合征,Cancer:乳腺癌,DEVELOP_TO
CancerCell:KIT-exon13act-软组织肿瘤,Drug:瑞派替尼,SENSITIVITY_TO
Drug:信迪利单抗,Cancer:食管鳞状细胞癌,TREATMENT
SnvFull:CARD11-p.E432*,Genesymbol:CARD11,HAS_GENE
CancerCell:CLIP1-LTK-肺透明细胞癌,Drug:洛拉替尼,SENSITIVITY_TO
Genesymbol:NIN,Cancer:乳腺癌,DRIVING_TO
CancerCell:ALK-p.I1171T-肺横纹肌样表型大细胞癌,Drug:阿来替尼,RESISTANCE_TO
SnvFull:AIRE-p.R351L,Genesymbol:AIRE,HAS_GENE
Drug:apitolisib,Genesymbol:PIK3CA,INHIBITION_TO
CancerCell:VHL-p.T133N-肾小细胞癌,SnvFull:VHL-p.T133N,HAS_VAR
Genesymbol:MTAP,GeneticDisease:遗传性骨发育不良与恶变,CAUSE_TO
CancerCell:VHL-p.T133N-未分类的肾细胞癌,Drug:舒尼替尼,SENSITIVITY_TO
Drug:sitravatinib,Genesymbol:DDR2,INHIBITION_TO
Genesymbol:PPM1D,GeneticDisease:遗传性乳腺癌和卵巢癌综合征（非BRCA）,CAUSE_TO
CancerCell:ALK-p.L1198F;.-ALK-腺泡状横纹肌肉瘤,Cancer:腺泡状横纹肌肉瘤,ORIGINATED_FROM
CancerCell:EGFR-p.E709A;EGFR-p.G719A-肺淋巴上皮瘤样癌,SnvFull:EGFR-p.G719A,HAS_VAR
Genesymbol:ARID1A,Cancer:结直肠腺癌,DRIVING_TO
CancerCell:FGFR2-p.E566G-巨细胞肺癌,Cancer:巨细胞肺癌,ORIGINATED_FROM
CancerCell:FGFR2-SKI-血管瘤样纤维组织细胞瘤,Cancer:血管瘤样纤维组织细胞瘤,ORIGINATED_FROM
CancerCell:EGFR-p.E709_T710delinsD-鳞状非小细胞肺癌,SnvFull:EGFR-p.E709_T710delinsD,HAS_VAR
CancerCell:KIT-p.D816V-原发性骨髓纤维化,Cancer:原发性骨髓纤维化,ORIGINATED_FROM
CancerCell:BRAF-p.V600M;BRAF-p.V600E-促结缔组织增生性黑色素瘤,SnvFull:BRAF-p.V600M,HAS_VAR
Drug:agerafenib,Genesymbol:BRAF,INHIBITION_TO
Genesymbol:EGFR,Cancer:毛细胞型星形细胞瘤,DRIVING_TO
CancerCell:BRAF-p.T599K-乳腺癌,SnvFull:BRAF-p.T599K,HAS_VAR
CancerCell:ERBB2-Amp;ERBB2-p.E401G-卵巢癌,SnvFull:ERBB2-p.E401G,HAS_VAR
CancerCell:MET-skipping_mut;MET-p.L1195V-肾癌,SnvFull:MET-p.L1195V,HAS_VAR
CancerCell:FGFR2-TACC3-胆管癌,Drug:培唑帕尼,SENSITIVITY_TO
CancerCell:VHL-p.T133N-肾细胞癌,SnvFull:VHL-p.T133N,HAS_VAR
ClinicalTrial:CTR20191305,Cancer:腹膜癌,INCLUDE_A
CancerCell:EGFR-p.L861R;EGFR-p.R776G-肺癌,SnvFull:EGFR-p.L861R,HAS_VAR
CancerCell:EGFR-p.L861R;EGFR-p.G719A-肝癌,SnvFull:EGFR-p.G719A,HAS_VAR
CancerCell:FGFR2-SHTN1-皮肤癌,Fusion:FGFR2-SHTN1,HAS_VAR
CancerCell:FLT3-p.F691L-纯红系白血病,SnvFull:FLT3-p.F691L,HAS_VAR
Drug:elraglusib,Genesymbol:GSK3B,INHIBITION_TO
CancerCell:EGFR-p.T790M-肺纤毛黏液结节性乳头状肿瘤,Drug:U3-1402,SENSITIVITY_TO
CancerCell:EML4-ALK-肺基底细胞样大细胞癌,Drug:ganetespib,SENSITIVITY_TO
ClinicalTrial:NCT01178944,Cancer:食管腺癌,INCLUDE_A
Genesymbol:SMARCD1,Genesymbol:SMARCA4,POSITIVE_REGULATED
CancerCell:ALK-p.L1198F;.-ALK-肺淋巴上皮瘤样癌,Fusion:.-ALK,HAS_VAR
CancerCell:BRAF-p.G606E-小细胞胆囊癌,CancerAlias:小细胞胆囊癌,ORIGINATED_FROM
Drug:AT-101,Genesymbol:BCL2L1,INHIBITION_TO
CancerCell:EGFR-p.L861R;EGFR-p.G719A-子宫内膜癌,SnvFull:EGFR-p.G719A,HAS_VAR
CancerCell:PTEN-p.R173C;BRAF-p.V600E-结直肠印戒细胞癌,Cancer:结直肠印戒细胞癌,ORIGINATED_FROM
CancerCell:FGFR2-.-胆管癌,Drug:futibatinib,SENSITIVITY_TO
CancerCell:ALK-p.C1156Y;.-ALK-血管瘤样纤维组织细胞瘤,Fusion:.-ALK,HAS_VAR
CancerCell:ALK-p.L1196M;.-ALK-血管瘤样纤维组织细胞瘤,Cancer:血管瘤样纤维组织细胞瘤,ORIGINATED_FROM
Drug:FIIN-1,Genesymbol:FGFR1,INHIBITION_TO
CancerCell:KRAS-wildtype-结直肠腺癌,Drug:呋喹替尼,SENSITIVITY_TO
CancerCell:ALK-p.G1202R;.-ALK-皮肤癌,Cancer:皮肤癌,ORIGINATED_FROM
CancerCell:ALK-p.G1202R;.-ALK-血管瘤样纤维组织细胞瘤,Cancer:血管瘤样纤维组织细胞瘤,ORIGINATED_FROM
Drug:卡莫司汀,Cancer:星形细胞瘤,TREATMENT
ClinicalTrial:NCT00004922,Cancer:原发灶不明癌,INCLUDE_A
SnvFull:ZFHX3-p.P1190S,Genesymbol:ZFHX3,HAS_GENE
CancerCell:PIK3CA-p.W1051*-子宫内膜样癌,SnvFull:PIK3CA-p.W1051*,HAS_VAR
CancerCell:EGFR-p.V834L;EGFR-p.L858R-分化差的非小细胞肺癌,SnvFull:EGFR-p.V834L,HAS_VAR
CancerCell:MET-skipping_mut;MET-p.D1228N-乳腺癌,Cancer:乳腺癌,ORIGINATED_FROM
CancerCell:FGFR2-.-肝门部胆管癌,Drug:infigratinib,SENSITIVITY_TO
SnvFull:EGFR-p.G201C,Genesymbol:EGFR,HAS_GENE
CancerCell:PDGFRA-p.D842V-软组织肿瘤,Drug:达沙替尼,SENSITIVITY_TO
CancerCell:JAK2-p.V617F-肺腺癌,Cancer:肺腺癌,ORIGINATED_FROM
CancerCell:ALK-p.L1196M;.-ALK-小细胞肺癌,SnvFull:ALK-p.L1196M,HAS_VAR
Drug:pasotuxizumab,Genesymbol:CD3E,INHIBITION_TO
CancerCell:BRAF-p.G469V-肾癌,SnvFull:BRAF-p.G469V,HAS_VAR
Drug:vandetanib,Cancer:甲状腺癌,TREATMENT
Genesymbol:ARID1A,Cancer:毛细胞型星形细胞瘤,DRIVING_TO
CancerCell:MET-skipping_mut;MET-p.D1228N-小细胞肺癌,Cancer:小细胞肺癌,ORIGINATED_FROM
Drug:伊鲁阿克,Genesymbol:ALK,INHIBITION_TO
CancerCell:EML4-ALK-肺腺鳞癌,Drug:ganetespib,SENSITIVITY_TO
CancerCell:FGFR2-p.T370_A371delinsC-胆管癌,Drug:仑伐替尼,SENSITIVITY_TO
CancerCell:NRAS-p.Q61-肢端黑色素瘤,Drug:RO5126766,SENSITIVITY_TO
CancerCell:BRAF-p.T599K;ERBB2-High_exp-乳腺癌(HER2阳性),SnvFull:BRAF-p.T599K,HAS_VAR
CancerCell:ALK-p.L1198F;.-ALK-肺癌,Cancer:肺癌,ORIGINATED_FROM
Genesymbol:PALB2,GeneticDisease:遗传性前列腺癌,CAUSE_TO
Drug:司莫司汀,Cancer:淋巴瘤,TREATMENT
CancerCell:CSF1R-p.Y546_K551del-乳头肿瘤,Cancer:乳头肿瘤,ORIGINATED_FROM
Drug:sotorasib,Cancer:非小细胞肺癌,TREATMENT
ClinicalTrial:NCT03501979,Cancer:脑膜瘤,INCLUDE_A
ClinicalTrial:NCT02264210,Cancer:肺腺鳞癌,INCLUDE_A
CancerCell:BRAF-p.V600-鳞状非小细胞肺癌,Drug:ulixertinib,SENSITIVITY_TO
Drug:EBI-907,Genesymbol:RET,INHIBITION_TO
Drug:rucaparib,Cancer:输卵管癌,TREATMENT
Drug:达卡巴嗪,Cancer:黑色素瘤,TREATMENT
ClinicalTrial:NCT03427411,Cancer:阴茎癌,INCLUDE_A
CancerCell:FGFR2-SKI-皮肤癌,Fusion:FGFR2-SKI,HAS_VAR
CancerCell:EGFR-p.T790M-肺梭形细胞癌,Drug:U3-1402,SENSITIVITY_TO
CancerCell:MAP2K1-p.Q56_V60del-卵巢上皮肿瘤,Drug:selumetinib,SENSITIVITY_TO
Genesymbol:KRAS,Genesymbol:KRAS,IS_A
Genesymbol:ALK,Genesymbol:ALK,IS_A
GeneticDisease:遗传性弥漫性胃癌,Cancer:胃癌,DEVELOP_TO
Genesymbol:PBRM1,Cancer:食管癌,DRIVING_TO
DrugAlias:meccnu,Drug:司莫司汀,IS_A
Drug:TPX-0131,Genesymbol:ALK,INHIBITION_TO
CancerCell:CSF1R-p.Y546_K551del-宫颈癌,SnvFull:CSF1R-p.Y546_K551del,HAS_VAR
CancerCell:ALK-p.I1171T-肺腺样囊性癌,Drug:阿来替尼,RESISTANCE_TO
CancerCell:ALK-p.L1198F;.-ALK-胰腺癌,Cancer:胰腺癌,ORIGINATED_FROM
Drug:HGS1036,Genesymbol:FGFR3,INHIBITION_TO
Drug:比卡鲁胺,Genesymbol:AR,INHIBITION_TO
CancerCell:EZH2-p.A682G-十二指肠型滤泡性淋巴瘤(DFL),SnvFull:EZH2-p.A682G,HAS_VAR
CancerCell:ALK-p.L1196M-肺腺鳞癌,Drug:克唑替尼,RESISTANCE_TO
CancerCell:CSF1R-p.Y546_K551del-肺癌,Cancer:肺癌,ORIGINATED_FROM
CancerCell:MAP2K1-p.Q56_V60del-卵巢/输卵管癌,Drug:selumetinib,SENSITIVITY_TO
CancerCell:CSF1R-p.W450_E456del-宫颈内腺癌,SnvFull:CSF1R-p.W450_E456del,HAS_VAR
CancerCell:MET-skipping_mut;MET-p.L1195V-乳头肿瘤,Cancer:乳头肿瘤,ORIGINATED_FROM
CancerCell:CSF1R-p.Y546_K551del-食管癌,Cancer:食管癌,ORIGINATED_FROM
Drug:奥希替尼,Genesymbol:EGFR,INHIBITION_TO
CancerCell:FGFR2-CLIP1-黑色素瘤,Cancer:黑色素瘤,ORIGINATED_FROM
CancerCell:ALK-p.V1180L;.-ALK-非粘液性肺腺癌,SnvFull:ALK-p.V1180L,HAS_VAR
CancerCell:EGFR-p.E746_L747delinsIP;EGFR-p.S1190F-肺癌,Drug:阿法替尼,SENSITIVITY_TO
CancerCell:CSF1R-p.W450_E456del-乳腺癌,Cancer:乳腺癌,ORIGINATED_FROM
CancerCell:ALK-p.V1180L;.-ALK-肺基底细胞样大细胞癌,Drug:布格替尼,SENSITIVITY_TO
Drug:BM-1197,Genesymbol:BCL2L1,INHIBITION_TO
CancerCell:ALK-p.L1196M;.-ALK-腺泡状横纹肌肉瘤,Fusion:.-ALK,HAS_VAR
Drug:长春碱,Cancer:乳腺癌,TREATMENT
GeneticDisease:RAPADILINO综合征,Cancer:骨肉瘤,DEVELOP_TO
CancerCell:BRAF-p.V600E-甲状腺癌,Drug:维莫非尼,SENSITIVITY_TO
Drug:培美曲塞,Cancer:非鳞状非小细胞肺癌,TREATMENT
CancerCell:FGFR2-.-胆管癌,Drug:derazantinib,SENSITIVITY_TO
CancerCell:BRAF-p.T599K-乳腺实性乳头状癌,SnvFull:BRAF-p.T599K,HAS_VAR
CancerCell:ROS1-p.L2026M-非鳞状非小细胞肺癌,Cancer:非鳞状非小细胞肺癌,ORIGINATED_FROM
CancerCell:EGFR-p.I759M;EGFR-p.L858R-非小细胞肺癌,SnvFull:EGFR-p.L858R,HAS_VAR
CancerCell:ALK-p.L1196M;.-ALK-胰腺癌,SnvFull:ALK-p.L1196M,HAS_VAR
CancerCell:ALK-p.I1171T-肺腺鳞癌,SnvFull:ALK-p.I1171T,HAS_VAR
CancerCell:EZH2-p.A682G-非霍奇金淋巴瘤,Cancer:非霍奇金淋巴瘤,ORIGINATED_FROM
CancerCell:FGFR2-TACC3-皮肤癌,Fusion:FGFR2-TACC3,HAS_VAR
Drug:tepotinib,Genesymbol:MET,INHIBITION_TO
Genesymbol:PCDH17,CancerAlias:胆管癌,DRIVING_TO
CancerCell:EGFR-exon19del-非鳞状非小细胞肺癌,Drug:阿法替尼,SENSITIVITY_TO
Genesymbol:BRAF,Cancer:非小细胞肺癌,DRIVING_TO
ClinicalTrial:CTR20210952,Cancer:肺癌,INCLUDE_A
CancerCell:BRAF-p.G466V-非小细胞肺癌,SnvFull:BRAF-p.G466V,HAS_VAR
CancerCell:NRAS-wildtype;KRAS-wildtype;BRAF-wildtype-结直肠腺癌,Drug:呋喹替尼,SENSITIVITY_TO
Genesymbol:MYC,Genesymbol:MYC,IS_A
Drug:二甲双胍,Genesymbol:MTOR,INHIBITION_TO
CancerCell:EGFR-p.I759M;EGFR-p.L858R-肺癌,SnvFull:EGFR-p.I759M,HAS_VAR
CancerCell:VHL-inact-非透明细胞肾癌,Drug:阿昔替尼,SENSITIVITY_TO
CancerCell:BRAF-p.D594G-直肠癌,Drug:曲美替尼,RESISTANCE_TO
CancerCell:MET-skipping_mut;MET-p.L1195V-宫颈内腺癌,SnvFull:MET-p.L1195V,HAS_VAR
Drug:BMS-754807,Genesymbol:NTRK1,INHIBITION_TO
CancerCell:FGFR2-p.H167_N173del-胆管癌,Drug:debio 1347,SENSITIVITY_TO
CancerCell:MET-skipping_mut;MET-p.D1228N-宫颈内腺癌,Cancer:宫颈内腺癌,ORIGINATED_FROM
CancerCell:CSF1R-p.W450_E456del-胰腺癌,Cancer:胰腺癌,ORIGINATED_FROM
Drug:hemay022,Genesymbol:EGFR,INHIBITION_TO
CancerCell:CSF1R-p.W450_E456del-肺腺癌,SnvFull:CSF1R-p.W450_E456del,HAS_VAR
CancerCell:EGFR-p.E709G;EGFR-p.L858R-肺涎腺型肿瘤,Drug:厄洛替尼,SENSITIVITY_TO
CancerCell:ALK-p.I1171T-分化差的非小细胞肺癌,Drug:阿来替尼,RESISTANCE_TO
CancerCell:BRAF-p.G606E-巨球蛋白血症(WM),Cancer:巨球蛋白血症(WM),ORIGINATED_FROM
CancerCell:FGFR2-p.H167_N173del-胆道癌,SnvFull:FGFR2-p.H167_N173del,HAS_VAR
Drug:特瑞普利单抗,Cancer:食管鳞状细胞癌,TREATMENT
CancerCell:BRAF-p.N581S-非小细胞肺癌,SnvFull:BRAF-p.N581S,HAS_VAR
ClinicalTrial:NCT03982173,Cancer:食管腺癌,INCLUDE_A
SnvFull:EGFR-p.V60A,Genesymbol:EGFR,HAS_GENE
CancerCell:BRAF-p.V600-非小细胞肺癌,Drug:ulixertinib,SENSITIVITY_TO
CancerCell:ALK-p.G1202R;.-ALK-宫颈癌,Cancer:宫颈癌,ORIGINATED_FROM
CancerCell:CSF1R-p.Y546_K551del-肝癌,SnvFull:CSF1R-p.Y546_K551del,HAS_VAR
CancerCell:BRAF-p.Y472C-非粘液性肺腺癌,SnvFull:BRAF-p.Y472C,HAS_VAR
CancerCell:VHL-inact-非透明细胞肾癌,Drug:依维莫司,SENSITIVITY_TO
CancerCell:PDGFRA-p.N659K-胸膜癌,SnvFull:PDGFRA-p.N659K,HAS_VAR
CancerCell:PIK3CA-p.H1047R-卵巢癌,SnvFull:PIK3CA-p.H1047R,HAS_VAR
ClinicalTrial:CTR20191996,Cancer:前列腺癌,INCLUDE_A
ClinicalTrial:NCT02962063,Cancer:食管腺癌,INCLUDE_A
CancerCell:EGFR-p.V834L;EGFR-p.L858R-肺鳞状细胞癌,SnvFull:EGFR-p.V834L,HAS_VAR
Drug:塞普替尼,Genesymbol:RET,INHIBITION_TO
CancerCell:ALK-p.L1198F;.-ALK-胰腺神经内分泌瘤,Cancer:胰腺神经内分泌瘤,ORIGINATED_FROM
Drug:仑伐替尼,Cancer:甲状腺癌,TREATMENT
CancerCell:PDGFRA-exon12act-软组织肿瘤,Drug:瑞派替尼,SENSITIVITY_TO
Drug:维莫非尼,Genesymbol:BRAF,INHIBITION_TO
CancerCell:EGFR-p.E746_L747delinsIP;EGFR-p.S1190F-肺癌,SnvFull:EGFR-p.E746_L747delinsIP,HAS_VAR
CancerCell:NTRK3-p.G623R-唾液腺癌,Drug:恩曲替尼,RESISTANCE_TO
CancerCell:BRAF-p.D594N-胸膜癌,Cancer:胸膜癌,ORIGINATED_FROM
CancerCell:ERBB2-Amp;ERBB2-p.E401G-胰腺癌,Cancer:胰腺癌,ORIGINATED_FROM
CancerCell:ERBB2-Amp;ERBB2-p.E401G-子宫内膜癌,SnvFull:ERBB2-p.E401G,HAS_VAR
ClinicalTrial:CTR20132352,Cancer:肺癌,INCLUDE_A
ClinicalTrial:CTR20221327,Cancer:非小细胞肺癌,INCLUDE_A
CancerCell:CSF1R-p.W450_E456del-小细胞肺癌,SnvFull:CSF1R-p.W450_E456del,HAS_VAR
CancerCell:ERBB2-Amp;ERBB2-p.E401G-宫颈癌,Cancer:宫颈癌,ORIGINATED_FROM
CancerCell:ALK-p.L1196M;.-ALK-甲状腺癌,SnvFull:ALK-p.L1196M,HAS_VAR
Genesymbol:MET,Cancer:乳头状肾细胞癌,DRIVING_TO
Drug:克唑替尼,Genesymbol:ALK,INHIBITION_TO
CancerCell:PIK3CA-p.W1051*-子宫去分化癌,SnvFull:PIK3CA-p.W1051*,HAS_VAR
ClinicalTrial:NCT01332279,Cancer:口腔癌,INCLUDE_A
CancerCell:EGFR-exon19del-非鳞状非小细胞肺癌,Drug:达可替尼,SENSITIVITY_TO
SnvFull:CARD11-p.P513T,Genesymbol:CARD11,HAS_GENE
CancerCell:EZH2-p.A682G-淋巴癌,Cancer:淋巴癌,ORIGINATED_FROM
CancerCell:EGFR-p.S768I;EGFR-p.V774M-肺基底细胞样大细胞癌,SnvFull:EGFR-p.S768I,HAS_VAR
CancerCell:CSF1R-p.Y546_K551del-宫颈内腺癌,SnvFull:CSF1R-p.Y546_K551del,HAS_VAR
SnvFull:FGFR1-p.T698M,Genesymbol:FGFR1,HAS_GENE
Drug:TPX-0046,Genesymbol:RET,INHIBITION_TO
CancerCell:ALK-p.C1156Y;.-ALK-皮肤癌,Cancer:皮肤癌,ORIGINATED_FROM
Drug:氟唑帕利,Cancer:卵巢癌,TREATMENT
Drug:belvarafenib,Genesymbol:DDR2,INHIBITION_TO
CancerCell:ERBB2-p.D769Y-膀胱/尿路癌,SnvFull:ERBB2-p.D769Y,HAS_VAR
CancerCell:EGFR-p.L861R;EGFR-p.G719A-肺腺癌,SnvFull:EGFR-p.L861R,HAS_VAR
CancerCell:FGFR2-SKI-T淋巴细胞白血病/淋巴瘤,Cancer:T淋巴细胞白血病/淋巴瘤,ORIGINATED_FROM
GeneticDisease:肿瘤易感综合征,Cancer:肺腺癌,DEVELOP_TO
CancerCell:BRAF-p.D594N-巨球蛋白血症(WM),SnvFull:BRAF-p.D594N,HAS_VAR
Drug:安罗替尼,Cancer:甲状腺癌,TREATMENT
CancerCell:ALK-p.C1156Y;.-ALK-炎性肌纤维母细胞瘤,Fusion:.-ALK,HAS_VAR
CancerCell:BRAF-p.D594N-鞍区肿瘤,SnvFull:BRAF-p.D594N,HAS_VAR
CancerCell:FGFR3-TACC3-T淋巴细胞白血病/淋巴瘤,Cancer:T淋巴细胞白血病/淋巴瘤,ORIGINATED_FROM
CancerCell:.-FGFR1-软组织肿瘤,Cancer:软组织肿瘤,ORIGINATED_FROM
Drug:依维莫司,Cancer:肺神经内分泌瘤,TREATMENT
ClinicalTrial:NCT04386642,Cancer:脑膜瘤,INCLUDE_A
CancerCell:MET-p.D1230N-胰腺囊性肿瘤,SnvFull:MET-p.D1230N,HAS_VAR
ClinicalTrial:NCT00058448,Cancer:阴茎癌,INCLUDE_A
CancerCell:EGFR-p.L861R;EGFR-p.G719A-肾癌,Cancer:肾癌,ORIGINATED_FROM
CancerCell:KIT-p.D816V-子宫平滑肌肉瘤,SnvFull:KIT-p.D816V,HAS_VAR
CancerCell:EGFR-p.E709A;EGFR-p.G719A-肺纤毛黏液结节性乳头状肿瘤,Drug:阿法替尼,SENSITIVITY_TO
CancerCell:EGFR-p.E709V;EGFR-p.L858R-肺涎腺型肿瘤,Drug:吉非替尼,SENSITIVITY_TO
Genesymbol:FGFR1,Genesymbol:HRAS,POSITIVE_REGULATED
CancerCell:FGFR3-TACC3-胰腺神经内分泌瘤,Fusion:FGFR3-TACC3,HAS_VAR
Drug:SB590885,Genesymbol:BRAF,INHIBITION_TO
Genesymbol:TGFBR2,Genesymbol:DAXX,POSITIVE_REGULATED
Drug:索拉非尼,Cancer:肝细胞癌,TREATMENT
CancerCell:FLT3-p.D835Y-乳头肿瘤,SnvFull:FLT3-p.D835Y,HAS_VAR
CancerCell:ALK-p.G1202R;.-ALK-腺泡状横纹肌肉瘤,Fusion:.-ALK,HAS_VAR
ClinicalTrial:CTR20190450,Cancer:黑色素瘤,INCLUDE_A
CancerCell:FGFR2-p.F276C-肝外胆管癌,Drug:佩米替尼,SENSITIVITY_TO
Genesymbol:ENPEP,CancerAlias:肠癌,DRIVING_TO
SnvFull:FGFR1-p.R488S,Genesymbol:FGFR1,HAS_GENE
CancerCell:NRAS-p.Q61-皮肤癌,Drug:RO5126766,SENSITIVITY_TO
SnvFull:AIRE-c.*79C>G,Genesymbol:AIRE,HAS_GENE
Drug:硝卡芥,Cancer:淋巴瘤,TREATMENT
CancerCell:ALK-p.L1198F;.-ALK-子宫内膜癌,Cancer:子宫内膜癌,ORIGINATED_FROM
ClinicalTrial:CTR20170612,Cancer:腹膜癌,INCLUDE_A
CancerCell:EGFR-p.L861R;EGFR-p.G719A-星形细胞瘤,Cancer:星形细胞瘤,ORIGINATED_FROM
Drug:GSK864,Genesymbol:IDH1,INHIBITION_TO
CancerCell:ALK-p.L1196M-肺横纹肌样表型大细胞癌,Drug:克唑替尼,RESISTANCE_TO
CancerCell:EGFR-p.E709_T710delinsD-非粘液性肺腺癌,Drug:达可替尼,SENSITIVITY_TO
CancerCell:FGFR2-p.E566G-巨细胞肺癌,SnvFull:FGFR2-p.E566G,HAS_VAR
Drug:radotinib,Genesymbol:ABL1,INHIBITION_TO
DrugAlias:nadofaragene firadenovec-vncg,Cancer:膀胱尿路上皮癌,TREATMENT
Drug:依维莫司,Cancer:肾血管平滑肌脂肪瘤,TREATMENT
CancerCell:MET-skipping_mut;MET-p.L1195V-乳头肿瘤,SnvFull:MET-p.L1195V,HAS_VAR
CancerCell:MAP2K1-p.L98_K104delinsQ-骨髓瘤,Drug:曲美替尼,RESISTANCE_TO
Genesymbol:ARID1A,Cancer:宫颈鳞状细胞癌,DRIVING_TO
CancerCell:ALK-p.L1196M-肺腺鳞癌,SnvFull:ALK-p.L1196M,HAS_VAR
CancerCell:PIK3CA-p.H1047R-胃肠间质瘤,SnvFull:PIK3CA-p.H1047R,HAS_VAR
CancerCell:PDGFRA-p.N659K-胰腺囊性肿瘤,Cancer:胰腺囊性肿瘤,ORIGINATED_FROM
CancerCell:MET-skipping_mut;MET-p.L1195V-肝癌,Cancer:肝癌,ORIGINATED_FROM
Drug:曲美替尼,Genesymbol:MAP2K2,INHIBITION_TO
CancerCell:FGFR2-p.F276C-肝门部胆管癌,Drug:佩米替尼,SENSITIVITY_TO
CancerCell:EGFR-p.L861R;EGFR-p.G719A-子宫内膜癌,Cancer:子宫内膜癌,ORIGINATED_FROM
CancerCell:PIK3CA-p.W1051*-子宫黏液癌,Drug:依维莫司,SENSITIVITY_TO
CancerCell:JAK2-p.V617F-甲状腺癌,Cancer:甲状腺癌,ORIGINATED_FROM
SnvFull:FGFR1-p.S690G,Genesymbol:FGFR1,HAS_GENE
CancerCell:FLT3-p.F691L-AML伴NPM1突变,SnvFull:FLT3-p.F691L,HAS_VAR
Genesymbol:ERBB2,CancerAlias:胆管癌,DRIVING_TO
Genesymbol:BRAF,Cancer:甲状腺癌,DRIVING_TO
CancerCell:ALK-p.G1202R;.-ALK-黑色素瘤,Cancer:黑色素瘤,ORIGINATED_FROM
Drug:danazol,Genesymbol:AR,INHIBITION_TO
CancerCell:ALK-p.L1196M-大细胞肺癌,Drug:克唑替尼,RESISTANCE_TO
CancerCell:ERBB2-Amp;ERBB2-p.E401G-乳头肿瘤,Cancer:乳头肿瘤,ORIGINATED_FROM
SnvFull:AKT1-p.R76S,Genesymbol:AKT1,HAS_GENE
CancerCell:MET-skipping_mut;MET-p.L1195V-星形细胞瘤,SnvFull:MET-p.L1195V,HAS_VAR
Genesymbol:FBXW7,Cancer:乳腺癌,DRIVING_TO
Drug:卡莫司汀,Cancer:颅咽管瘤,TREATMENT
GeneticDisease:Bloom综合征,Cancer:皮肤癌,DEVELOP_TO
SnvFull:FGFR1-p.T15K,Genesymbol:FGFR1,HAS_GENE
Drug:博来霉素,Cancer:绒毛膜癌,TREATMENT
CancerCell:BRAF-p.D594N-胰腺囊性肿瘤,SnvFull:BRAF-p.D594N,HAS_VAR
CancerCell:BRAF-p.Y472C-肺多形性癌,Drug:达沙替尼,SENSITIVITY_TO
Drug:pafolacianine,Cancer:卵巢癌,TREATMENT
CancerCell:CSF1R-p.W450_E456del-宫颈癌,SnvFull:CSF1R-p.W450_E456del,HAS_VAR
Genesymbol:BRCA2,Genesymbol:PARP2,SYNTHETIC_LETHALITY
Drug:debio 0617b,Genesymbol:ABL1,INHIBITION_TO
CancerCell:ALK-p.L1198F;.-ALK-软组织肿瘤,Cancer:软组织肿瘤,ORIGINATED_FROM
CancerCell:FGFR2-SHTN1-黑色素瘤,Fusion:FGFR2-SHTN1,HAS_VAR
ClinicalTrial:CTR20200594,Cancer:胰腺癌,INCLUDE_A
Drug:埃克替尼,Drug:埃克替尼,IS_A
Cancer:肝癌,Cancer:肝癌,IS_A
ClinicalTrial:NCT04425681,Cancer:脑膜瘤,INCLUDE_A
Genesymbol:EGFR,Cancer:结直肠腺癌,DRIVING_TO
CancerCell:MET-skipping_mut;MET-p.D1228N-肝癌,SnvFull:MET-p.D1228N,HAS_VAR
CancerCell:ALK-p.L1196M-肺鳞状细胞癌,Drug:克唑替尼,RESISTANCE_TO
CancerCell:FGFR2-SHTN1-胰腺神经内分泌瘤,Fusion:FGFR2-SHTN1,HAS_VAR
CancerCell:JAK2-p.V617F-卵巢癌,Cancer:卵巢癌,ORIGINATED_FROM
Drug:替加氟,Cancer:肾细胞癌,TREATMENT
Drug:阿柔比星,Cancer:淋巴癌,TREATMENT
CancerCell:KIT-p.D816V-巨球蛋白血症(WM),Cancer:巨球蛋白血症(WM),ORIGINATED_FROM
CancerCell:FGFR2-TACC3-血管瘤样纤维组织细胞瘤,Cancer:血管瘤样纤维组织细胞瘤,ORIGINATED_FROM
Drug:panitumumab,Drug:panitumumab,IS_A
CancerCell:ALK-p.G1269A;.-ALK-大细胞肺癌,Drug:阿来替尼,SENSITIVITY_TO
Drug:信迪利单抗,Cancer:胃癌,TREATMENT
SnvFull:EGFR-p.D807V,Genesymbol:EGFR,HAS_GENE
CancerCell:VHL-p.T133N-透明细胞乳头状肾细胞癌,Cancer:透明细胞乳头状肾细胞癌,ORIGINATED_FROM
CancerCell:ERBB2-Low_exp;PIK3CA-p.H1047R;ESR1-High_exp-乳腺癌(HR阳性，HER2阴性),SnvFull:PIK3CA-p.H1047R,HAS_VAR
CancerCell:ALK-p.I1171T-肺横纹肌样表型大细胞癌,SnvFull:ALK-p.I1171T,HAS_VAR
CancerCell:FGFR3-p.S249C-膀胱/尿路癌,Drug:培唑帕尼,SENSITIVITY_TO
CancerCell:FGFR3-TACC3-血管瘤样纤维组织细胞瘤,Cancer:血管瘤样纤维组织细胞瘤,ORIGINATED_FROM
CancerCell:.-ALK-肺腺鳞癌,Drug:洛拉替尼,SENSITIVITY_TO
CancerCell:MET-skipping_mut;MET-p.L1195V-卵巢癌,Cancer:卵巢癌,ORIGINATED_FROM
ClinicalTrial:CTR20212728,Cancer:食管腺癌,INCLUDE_A
Genesymbol:ERCC2,GeneticDisease:着色性干皮病,CAUSE_TO
CancerCell:CSF1R-p.Y546_K551del-宫颈内腺癌,Cancer:宫颈内腺癌,ORIGINATED_FROM
ClinicalTrial:CTR20221466,Cancer:非小细胞肺癌,INCLUDE_A
Genesymbol:NCOR1,Genesymbol:NCOR1,IS_A
CancerCell:FLT3-p.I836H-骨髓瘤,Drug:索拉非尼,RESISTANCE_TO
CancerCell:EZH2-p.A682G-淋巴瘤,SnvFull:EZH2-p.A682G,HAS_VAR
ClinicalTrial:CTR20190450,Drug:FCN-159,INCLUDE_A
Drug:BAY1436032,Genesymbol:IDH1,INHIBITION_TO
CancerCell:EGFR-p.V834L;EGFR-p.L858R-巨细胞肺癌,Cancer:巨细胞肺癌,ORIGINATED_FROM
Drug:贝伐珠单抗,Cancer:胶质瘤,TREATMENT
CancerCell:ALK-p.L1198F;.-ALK-T淋巴细胞白血病/淋巴瘤,Fusion:.-ALK,HAS_VAR
Drug:XZP-3621,Genesymbol:ALK,INHIBITION_TO
CancerCell:EGFR-p.S768I;EGFR-p.V774M-肺透明细胞癌,SnvFull:EGFR-p.V774M,HAS_VAR
Genesymbol:PALB2,GeneticDisease:家族聚集性胰腺癌,CAUSE_TO
CancerCell:JAK2-p.V617F-星形细胞瘤,Cancer:星形细胞瘤,ORIGINATED_FROM
CancerCell:ALK-p.C1156Y;.-ALK-炎性肌纤维母细胞瘤,Cancer:炎性肌纤维母细胞瘤,ORIGINATED_FROM
Genesymbol:FBXW7,Cancer:胃腺癌,DRIVING_TO
CancerCell:NCOA4-RET;EGFR-p.L858R-肺淋巴上皮瘤样癌,Fusion:NCOA4-RET,HAS_VAR
CancerCell:EGFR-p.E709A;EGFR-p.G719A-肺基底细胞样大细胞癌,SnvFull:EGFR-p.G719A,HAS_VAR
Drug:多柔比星,Cancer:甲状腺癌,TREATMENT
CancerCell:BRAF-p.V600-非鳞状非小细胞肺癌,Drug:ulixertinib,SENSITIVITY_TO
Drug:GS87,Genesymbol:GSK3B,INHIBITION_TO
CancerCell:BRAF-p.G469V-肺纤毛黏液结节性乳头状肿瘤,Drug:索拉非尼,SENSITIVITY_TO
CancerCell:MAP2K1-p.L98_K104delinsQ-髓系肿瘤,Drug:曲美替尼,RESISTANCE_TO
CancerCell:BRAF-p.G606E-原发性骨髓纤维化,SnvFull:BRAF-p.G606E,HAS_VAR
CancerCell:ALK-p.V1180L;.-ALK-肺纤毛黏液结节性乳头状肿瘤,SnvFull:ALK-p.V1180L,HAS_VAR
Drug:(-)BI97D6,Genesymbol:BCL2L1,INHIBITION_TO
CancerCell:FGFR2-Amp-肺涎腺型肿瘤,Drug:rogaratinib,SENSITIVITY_TO
CancerCell:JAK2-p.V617F-腺样囊性癌,SnvFull:JAK2-p.V617F,HAS_VAR
CancerCell:FGFR2-MGEA5-胆管癌,Drug:ponatinib,SENSITIVITY_TO
CancerCell:NRAS-act;CDKN2A-Loss-皮肤癌,Drug:阿贝西利,SENSITIVITY_TO
Drug:阿替利珠单抗,Cancer:小细胞肺癌,TREATMENT
Drug:lucitanib,Genesymbol:DDR2,INHIBITION_TO
Drug:克唑替尼,Genesymbol:ROS1,INHIBITION_TO
CancerCell:NRAS-act-皮肤癌,Drug:belvarafenib,SENSITIVITY_TO
Genesymbol:BRAF,Cancer:肺鳞状细胞癌,DRIVING_TO
ClinicalTrial:CTR20180569,Cancer:腹膜癌,INCLUDE_A
GeneticDisease:幼年性息肉病综合征,CancerAlias:结直肠癌,DEVELOP_TO
CancerCell:KIT-p.D816V-胸壁肿瘤,Cancer:胸壁肿瘤,ORIGINATED_FROM
CancerCell:PTEN-p.R173C;BRAF-p.V600E-结直肠癌,SnvFull:PTEN-p.R173C,HAS_VAR
CancerCell:ALK-p.C1156Y;.-ALK-软组织肿瘤,Fusion:.-ALK,HAS_VAR
CancerCell:FGFR3-p.S249C-上尿路上皮癌,SnvFull:FGFR3-p.S249C,HAS_VAR
CancerCell:KIT-exon11act-软组织肿瘤,Drug:瑞派替尼,SENSITIVITY_TO
CancerCell:FGFR2-p.P253R-头颈部鳞状细胞癌,Drug:培唑帕尼,SENSITIVITY_TO
CancerCell:EGFR-p.E709G;EGFR-p.L858R-肺透明细胞癌,SnvFull:EGFR-p.E709G,HAS_VAR
CancerCell:BRAF-p.G466V-肺黏液表皮样癌,Drug:维莫非尼,RESISTANCE_TO
CancerCell:VHL-p.T133N-透明细胞乳头状肾细胞癌,SnvFull:VHL-p.T133N,HAS_VAR
Drug:PHA-533533,Genesymbol:GSK3B,INHIBITION_TO
ClinicalTrial:CTR20171139,Cancer:胰腺癌,INCLUDE_A
Genesymbol:LIG4,GeneticDisease:家族性聚集多发性骨髓瘤,CAUSE_TO
CancerCell:EGFR-p.E709A;EGFR-p.G719A-肺涎腺型肿瘤,Drug:阿法替尼,SENSITIVITY_TO
CancerCell:EGFR-exon19del-非鳞状非小细胞肺癌,Drug:吉非替尼,SENSITIVITY_TO
CancerCell:FGFR2-SKI-腺泡状横纹肌肉瘤,Cancer:腺泡状横纹肌肉瘤,ORIGINATED_FROM
CancerCell:FGFR2-p.E566G-胸壁肿瘤,Cancer:胸壁肿瘤,ORIGINATED_FROM
CancerCell:BRAF-p.T599K-乳腺交界性叶状肿瘤,Cancer:乳腺交界性叶状肿瘤,ORIGINATED_FROM
CancerCell:BRAF-p.G606E-小细胞胆囊癌,SnvFull:BRAF-p.G606E,HAS_VAR
CancerCell:PDGFRA-p.D842V-软组织肿瘤,Drug:阿伐替尼,SENSITIVITY_TO
CancerCell:BRAF-p.D594G-结直肠黏液腺癌,Drug:曲美替尼,RESISTANCE_TO
CancerCell:FGFR2-p.E566G-盆腔肿瘤,Cancer:盆腔肿瘤,ORIGINATED_FROM
GeneticDisease:家族性副神经节瘤,CancerAlias:嗜铬细胞瘤,DEVELOP_TO
CancerCell:MET-skipping_mut;MET-p.L1195V-肾癌,Cancer:肾癌,ORIGINATED_FROM
CancerCell:BRAF-p.D594G-肠癌,SnvFull:BRAF-p.D594G,HAS_VAR
CancerCell:EGFR-p.E709A;EGFR-p.G719A-非粘液性肺腺癌,SnvFull:EGFR-p.G719A,HAS_VAR
ClinicalTrial:CTR20170196,Cancer:肝癌,INCLUDE_A
CancerCell:KIT-p.T670I-软组织肿瘤,Drug:阿伐替尼,RESISTANCE_TO
CancerCell:ERBB2-Amp;ERBB2-p.E401G-乳腺癌,SnvFull:ERBB2-p.E401G,HAS_VAR
CancerCell:MET-skipping_mut;MET-p.D1228N-肺腺癌,Cancer:肺腺癌,ORIGINATED_FROM
GeneticDisease:家族性副神经节瘤,Cancer:副神经节瘤,DEVELOP_TO
CancerCell:FGFR2-p.E566G-子宫平滑肌肉瘤,Cancer:子宫平滑肌肉瘤,ORIGINATED_FROM
CancerCell:MET-skipping_mut;MET-p.L1195V-肺腺癌,Cancer:肺腺癌,ORIGINATED_FROM
CancerAlias:uterus,Cancer:子宫肿瘤,IS_A
CancerCell:ERBB2-p.Y772_A775dup-鳞状非小细胞肺癌,Drug:吡咯替尼,SENSITIVITY_TO
CancerCell:CSF1R-p.Y546_K551del-乳腺癌,SnvFull:CSF1R-p.Y546_K551del,HAS_VAR
Drug:阿地白介素,Cancer:黑色素瘤,TREATMENT
CancerCell:FGFR2-p.E566G-原发性骨髓纤维化,Cancer:原发性骨髓纤维化,ORIGINATED_FROM
DrugAlias:bleomicin,Drug:博来霉素,IS_A
CancerCell:.-FGFR1-血管瘤样纤维组织细胞瘤,Cancer:血管瘤样纤维组织细胞瘤,ORIGINATED_FROM
SnvFull:CARD11-p.P295S,Genesymbol:CARD11,HAS_GENE
Drug:贝伐珠单抗[贝达药业],Cancer:非鳞状非小细胞肺癌,TREATMENT
CancerCell:MET-p.D1230N-子宫平滑肌肉瘤,Cancer:子宫平滑肌肉瘤,ORIGINATED_FROM
CancerCell:FGFR2-SKI-盆腔肿瘤,Cancer:盆腔肿瘤,ORIGINATED_FROM
Drug:达可替尼,Genesymbol:ERBB2,INHIBITION_TO
CancerCell:KIT-p.D816V-小细胞胆囊癌,SnvFull:KIT-p.D816V,HAS_VAR
SnvFull:EGFR-p.V1011G,Genesymbol:EGFR,HAS_GENE
CancerCell:EGFR-p.E709_T710delinsD-肺纤毛黏液结节性乳头状肿瘤,SnvFull:EGFR-p.E709_T710delinsD,HAS_VAR
CancerCell:PIK3CA-p.H1047R-软组织肿瘤,Cancer:软组织肿瘤,ORIGINATED_FROM
Genesymbol:PML,Genesymbol:PML,IS_A
CancerCell:KRAS-act-结直肠腺癌,Drug:贝伐珠单抗,SENSITIVITY_TO
CancerCell:BRAF-p.D594N-盆腔肿瘤,Cancer:盆腔肿瘤,ORIGINATED_FROM
Drug:帕博利珠单抗,Cancer:胃癌,TREATMENT
Genesymbol:ABI1,Cancer:食管癌,DRIVING_TO
CancerCell:EGFR-p.V834L;EGFR-p.L858R-分化差的非小细胞肺癌,Cancer:分化差的非小细胞肺癌,ORIGINATED_FROM
CancerCell:ALK-p.G1202R;.-ALK-T淋巴细胞白血病/淋巴瘤,Cancer:T淋巴细胞白血病/淋巴瘤,ORIGINATED_FROM
CancerCell:BRAF-p.V600E-组织细胞和树突状细胞肿瘤,SnvFull:BRAF-p.V600E,HAS_VAR
CancerCell:EGFR-p.T790M-鳞状非小细胞肺癌,SnvFull:EGFR-p.T790M,HAS_VAR
Drug:APG-1252,Genesymbol:BCL2L1,INHIBITION_TO
CancerCell:EGFR-p.L861R;EGFR-p.R776G-肺癌,Drug:阿法替尼,SENSITIVITY_TO
Genesymbol:ERBB2,Genesymbol:ERBB2,IS_A
CancerCell:VHL-p.T133N-非透明细胞肾癌,Drug:舒尼替尼,SENSITIVITY_TO
Drug:瑞戈非尼,Genesymbol:BRAF,INHIBITION_TO
CancerCell:ALK-p.G1202R;.-ALK-乳头肿瘤,Cancer:乳头肿瘤,ORIGINATED_FROM
Drug:卡培他滨,Cancer:结肠癌,TREATMENT
ClinicalTrial:CTR20132320,Cancer:胰腺癌,INCLUDE_A
ClinicalTrial:NCT03431948,Cancer:原发灶不明癌,INCLUDE_A
CancerCell:BRAF-p.V600M;BRAF-p.V600E-皮肤黑色素瘤,SnvFull:BRAF-p.V600M,HAS_VAR
Drug:曲妥珠单抗,Drug:曲妥珠单抗,IS_A
CancerCell:BRAF-p.G469R-肺癌,SnvFull:BRAF-p.G469R,HAS_VAR
CancerCell:FLT3-p.F691L-AML伴NPM1突变,Drug:舒尼替尼,SENSITIVITY_TO
SnvFull:EGFR-p.T382S,Genesymbol:EGFR,HAS_GENE
Drug:motesanib,Genesymbol:RET,INHIBITION_TO
CancerCell:KIT-exon11act-软组织肿瘤,Drug:达沙替尼,SENSITIVITY_TO
CancerCell:FGFR2-TACC3-炎性肌纤维母细胞瘤,Fusion:FGFR2-TACC3,HAS_VAR
CancerCell:PIK3CA-p.H1047R-胃肠间质瘤,Cancer:胃肠间质瘤,ORIGINATED_FROM
SnvFull:PLAG1-p.V18A,Genesymbol:PLAG1,HAS_GENE
CancerCell:ALK-p.L1196M;.-ALK-食管癌,SnvFull:ALK-p.L1196M,HAS_VAR
Drug:放线菌素D,Cancer:肿瘤、生殖细胞和胚胎,TREATMENT
CancerCell:ROS1-p.L2086F;CD74-ROS1-肺淋巴上皮瘤样癌,Fusion:CD74-ROS1,HAS_VAR
CancerCell:FGFR2-TACC3-T淋巴细胞白血病/淋巴瘤,Cancer:T淋巴细胞白血病/淋巴瘤,ORIGINATED_FROM
Drug:尼达尼布,Genesymbol:FGFR3,INHIBITION_TO
Drug:trastuzumab-dkst,Cancer:胃癌,TREATMENT
Drug:伊匹木单抗,Cancer:食管鳞状细胞癌,TREATMENT
CancerCell:JAK2-p.V617F-胰腺癌,SnvFull:JAK2-p.V617F,HAS_VAR
CancerCell:BRAF-p.G466V-肺癌,Drug:维莫非尼,RESISTANCE_TO
CancerCell:FGFR2-act-肝内胆管癌,Drug:infigratinib,SENSITIVITY_TO
CancerCell:PTEN-p.R173C;BRAF-p.V600E-直肠腺癌,SnvFull:PTEN-p.R173C,HAS_VAR
CancerCell:.-FGFR1-黑色素瘤,Cancer:黑色素瘤,ORIGINATED_FROM
CancerCell:POMK-NRG1-原位结肠腺癌,Drug:阿法替尼,SENSITIVITY_TO
Drug:WZ4002,Genesymbol:EGFR,INHIBITION_TO
Drug:卡莫司汀,Cancer:胶质瘤,TREATMENT
Genesymbol:FGFR4,Cancer:胶质母细胞瘤,DRIVING_TO
Genesymbol:PDGFRA,GeneticDisease:家族性胃肠道间质瘤,CAUSE_TO
CancerCell:MET-skipping_mut;MET-p.D1228N-腺样囊性癌,Cancer:腺样囊性癌,ORIGINATED_FROM
Genesymbol:POLD1,Cancer:乳腺癌,DRIVING_TO
SnvFull:AIRE-p.F100S,Genesymbol:AIRE,HAS_GENE
CancerCell:PIK3CA-p.W1051*-子宫中肾管样癌,Drug:依维莫司,SENSITIVITY_TO
CancerCell:FLT3-p.F691L-AML伴t(8；21)(q22；q22.1)；RUNX1-RUNX1T1,SnvFull:FLT3-p.F691L,HAS_VAR
Genesymbol:ARID1A,Cancer:食管癌,DRIVING_TO
CancerCell:ERBB2-Amp;ERBB2-p.E401G-甲状腺癌,Cancer:甲状腺癌,ORIGINATED_FROM
CancerCell:FGFR3-p.S249C-膀胱/尿路癌,Drug:dovitinib,SENSITIVITY_TO
CancerCell:ALK-p.G1269A;.-ALK-肺NUT中线癌,SnvFull:ALK-p.G1269A,HAS_VAR
CancerCell:ALK-p.I1171T-肺腺鳞癌,Drug:恩沙替尼,SENSITIVITY_TO
Drug:VS-5584,Genesymbol:PIK3CA,INHIBITION_TO
Genesymbol:EGFR,Cancer:低级别神经胶质瘤,DRIVING_TO
CancerCell:VHL-inact-非透明细胞肾癌,Drug:舒尼替尼,SENSITIVITY_TO
CancerCell:PTEN-Loss-子宫未分化癌,Drug:奥拉帕利,SENSITIVITY_TO
Genesymbol:ERBB2,Cancer:乳头状肾细胞癌,DRIVING_TO
Drug:达可替尼,Drug:达可替尼,IS_A
ClinicalTrial:NCT04171141,Cancer:食管腺癌,INCLUDE_A
Drug:GTx-186,Genesymbol:NTRK1,INHIBITION_TO
CancerCell:.-FGFR1-盆腔肿瘤,Fusion:.-FGFR1,HAS_VAR
Genesymbol:ARID1A,Cancer:胃腺癌,DRIVING_TO
CancerCell:BRAF-p.V600E-骨髓瘤,Drug:维莫非尼,SENSITIVITY_TO
Genesymbol:NIN,Cancer:结直肠腺癌,DRIVING_TO
CancerCell:PGR-High_exp;ERBB2-Low_exp;PIK3CA-p.H1047R-乳腺癌(HR阳性，HER2阴性),SnvFull:PIK3CA-p.H1047R,HAS_VAR
Drug:RF-A089,Genesymbol:ALK,INHIBITION_TO
CancerCell:BRAF-p.V600M;BRAF-p.V600E-Spitz样黑色素瘤,SnvFull:BRAF-p.V600M,HAS_VAR
CancerCell:FGFR2-p.E566G-鞍区肿瘤,Cancer:鞍区肿瘤,ORIGINATED_FROM
CancerCell:EGFR-exon19del-非鳞状非小细胞肺癌,Drug:埃克替尼,SENSITIVITY_TO
CancerCell:ALK-p.L1196M;.-ALK-乳头肿瘤,SnvFull:ALK-p.L1196M,HAS_VAR
CancerCell:BRAF-p.G606E-胸壁肿瘤,Cancer:胸壁肿瘤,ORIGINATED_FROM
Fusion:KMT2A-MLLT1,Genesymbol:MLLT1,HAS_3GENE
CancerCell:ALK-p.C1156Y;.-ALK-软组织肿瘤,Cancer:软组织肿瘤,ORIGINATED_FROM
CancerCell:CSF1R-p.Y546_K551del-宫颈癌,Cancer:宫颈癌,ORIGINATED_FROM
CancerCell:BRAF-p.V600E-甲状腺癌,Drug:selumetinib,SENSITIVITY_TO
Drug:detorsertib,Genesymbol:MTOR,INHIBITION_TO
CancerCell:NTRK3-p.G623R-唾液腺癌,SnvFull:NTRK3-p.G623R,HAS_VAR
CancerCell:EGFR-p.L861R;EGFR-p.G719A-肺腺癌,SnvFull:EGFR-p.G719A,HAS_VAR
CancerCell:ERBB2-Amp;ERBB2-p.E401G-小细胞肺癌,SnvFull:ERBB2-p.E401G,HAS_VAR
GeneticDisease:小儿巨脑畸形综合征,Cancer:血液肿瘤,DEVELOP_TO
CancerCell:BRAF-p.D594N-胰腺囊性肿瘤,Cancer:胰腺囊性肿瘤,ORIGINATED_FROM
CancerCell:EZH2-p.A682G-滤泡性淋巴瘤(FL),SnvFull:EZH2-p.A682G,HAS_VAR
Genesymbol:CHEK2,GeneticDisease:遗传性乳腺癌和卵巢癌综合征（非BRCA）,CAUSE_TO
CancerCell:FGFR2-.-肝内胆管癌,Drug:erdafitinib,SENSITIVITY_TO
CancerCell:VHL-p.T133N-肾集合管癌,Cancer:肾集合管癌,ORIGINATED_FROM
CancerCell:EZH2-p.A682G-十二指肠型滤泡性淋巴瘤(DFL),Cancer:十二指肠型滤泡性淋巴瘤(DFL),ORIGINATED_FROM
ClinicalTrial:NCT00040794,Cancer:肺腺鳞癌,INCLUDE_A
CancerCell:EGFR-p.E709V;EGFR-p.L858R-肺基底细胞样大细胞癌,Drug:吉非替尼,SENSITIVITY_TO
CancerCell:CSF1R-p.W450_E456del-肝癌,SnvFull:CSF1R-p.W450_E456del,HAS_VAR
Drug:贝伐珠单抗,Cancer:肝细胞癌,TREATMENT
CancerCell:ALK-p.V1180L;.-ALK-非粘液性肺腺癌,Drug:布格替尼,SENSITIVITY_TO
ClinicalTrial:NCT04595786,Cancer:脑膜瘤,INCLUDE_A
ClinicalTrial:NCT00103259,Cancer:口腔癌,INCLUDE_A
CancerCell:EGFR-exon19del;RUFY2-RET-肺淋巴上皮瘤样癌,Cancer:肺淋巴上皮瘤样癌,ORIGINATED_FROM
CancerCell:BRAF-p.G466V-肺癌,Drug:曲美替尼,RESISTANCE_TO
CancerCell:BRAF-p.V600E-弥漫性胶质瘤,SnvFull:BRAF-p.V600E,HAS_VAR
CancerCell:ERBB2-Amp;ERBB2-p.E401G-肝癌,Cancer:肝癌,ORIGINATED_FROM
Drug:苯丙酸诺龙,Cancer:乳腺癌,TREATMENT
Drug:奥拉帕利,Cancer:卵巢癌,TREATMENT
CancerCell:EGFR-p.E709G;EGFR-p.L858R-肺涎腺型肿瘤,SnvFull:EGFR-p.E709G,HAS_VAR
Genesymbol:PHB,GeneticDisease:遗传性乳腺癌和卵巢癌综合征（非BRCA）,CAUSE_TO
CancerCell:EGFR-p.E709_T710delinsD-肺梭形细胞癌,Drug:达可替尼,SENSITIVITY_TO
Drug:环丙孕酮,Genesymbol:AR,INHIBITION_TO
CancerCell:BRAF-p.D594N-巨球蛋白血症(WM),Cancer:巨球蛋白血症(WM),ORIGINATED_FROM
CancerCell:ALK-p.L1196M;.-ALK-卵巢癌,Cancer:卵巢癌,ORIGINATED_FROM
Genesymbol:NF2,GeneticDisease:2型神经纤维瘤病,CAUSE_TO
CancerCell:EGFR-p.S768I;EGFR-p.V774M-肺涎腺型肿瘤,Drug:奥希替尼,SENSITIVITY_TO
CancerCell:MET-skipping_mut;MET-p.D1228N-甲状腺癌,SnvFull:MET-p.D1228N,HAS_VAR
CancerCell:PDGFRA-p.D842V-软组织肿瘤,Drug:olaratumab,SENSITIVITY_TO
CancerCell:EGFR-p.E709A;EGFR-p.G719A-肺梭形细胞癌,SnvFull:EGFR-p.G719A,HAS_VAR
CancerCell:ALK-p.G1202R;.-ALK-食管癌,SnvFull:ALK-p.G1202R,HAS_VAR
CancerCell:ALK-p.L1198F;.-ALK-子宫内膜癌,SnvFull:ALK-p.L1198F,HAS_VAR
CancerCell:FGFR3-TACC3-皮肤癌,Fusion:FGFR3-TACC3,HAS_VAR
CancerCell:ALK-p.G1202R;.-ALK-食管癌,Cancer:食管癌,ORIGINATED_FROM
CancerCell:PDGFRA-p.D842V-软组织肿瘤,SnvFull:PDGFRA-p.D842V,HAS_VAR
CancerCell:BRAF-p.V600E-中枢神经系统/脑部肿瘤,Drug:selumetinib,SENSITIVITY_TO
CancerCell:PTEN-p.R173C;BRAF-p.V600E-原位结肠腺癌,Cancer:原位结肠腺癌,ORIGINATED_FROM
CancerCell:KIT-exon17act-软组织肿瘤,Drug:瑞派替尼,SENSITIVITY_TO
Drug:JW55,Genesymbol:TNKS,INHIBITION_TO
GeneticDisease:Cowden综合征1型,Cancer:子宫肿瘤,DEVELOP_TO
Genesymbol:EGFR,Cancer:骨髓瘤,DRIVING_TO
CancerCell:ALK-p.C1156Y-巨细胞肺癌,Drug:洛拉替尼,SENSITIVITY_TO
CancerCell:PIK3CA-p.E542K-卵巢浆-黏液性癌,Drug:apitolisib,SENSITIVITY_TO
Genesymbol:PRKAR1A,Cancer:毛细胞型星形细胞瘤,DRIVING_TO
Drug:avelumab,Cancer:尿路上皮癌,TREATMENT
CancerCell:BRAF-p.V600E-中枢神经系统/脑部肿瘤,Drug:维莫非尼,SENSITIVITY_TO
CancerCell:MET-p.D1230N-巨球蛋白血症(WM),SnvFull:MET-p.D1230N,HAS_VAR
SnvFull:PCDH17-p.S240I,Genesymbol:PCDH17,HAS_GENE
CancerCell:ALK-p.F1174V-巨细胞肺癌,Drug:阿来替尼,SENSITIVITY_TO
Genesymbol:CHEK2,GeneticDisease:遗传性前列腺癌,CAUSE_TO
CancerCell:MET-p.D1230N-原发性骨髓纤维化,SnvFull:MET-p.D1230N,HAS_VAR
Drug:LXH254,Genesymbol:BRAF,INHIBITION_TO
GeneticDisease:家族性副神经节瘤,Cancer:肾癌,DEVELOP_TO
DrugAlias:dtie,Drug:达卡巴嗪,IS_A
CancerCell:NRAS-wildtype;KRAS-wildtype;BRAF-wildtype-结直肠腺癌,Drug:panitumumab,SENSITIVITY_TO
CancerCell:FGFR2-TACC3-胰腺神经内分泌瘤,Fusion:FGFR2-TACC3,HAS_VAR
ClinicalTrial:CTR20221554,Cancer:非小细胞肺癌,INCLUDE_A
CancerCell:KIT-p.T670I-软组织肿瘤,Drug:舒尼替尼,SENSITIVITY_TO
CancerCell:BRAF-p.N581S-肺癌,SnvFull:BRAF-p.N581S,HAS_VAR
CancerCell:EGFR-p.L858R;CTNNB1-act;EGFR-p.E709-非小细胞肺癌,SnvFull:EGFR-p.L858R,HAS_VAR
CancerCell:PDGFRA-p.N659K-胸壁肿瘤,Cancer:胸壁肿瘤,ORIGINATED_FROM
CancerCell:EGFR-p.E709_T710delinsD-肺基底细胞样大细胞癌,Drug:达可替尼,SENSITIVITY_TO
CancerCell:ALK-p.L1196M-非鳞状非小细胞肺癌,Drug:克唑替尼,RESISTANCE_TO
Drug:卡培他滨,Cancer:乳腺癌,TREATMENT
Drug:XAV-939,Genesymbol:TNKS,INHIBITION_TO
CancerCell:KIT-p.D816V-盆腔肿瘤,SnvFull:KIT-p.D816V,HAS_VAR
CancerCell:MET-skipping_mut;MET-p.L1195V-子宫内膜癌,Cancer:子宫内膜癌,ORIGINATED_FROM
CancerCell:PIK3CA-p.W1051*-子宫黏液癌,SnvFull:PIK3CA-p.W1051*,HAS_VAR
CancerCell:KIT-exon9act-软组织肿瘤,Drug:阿伐替尼,SENSITIVITY_TO
ClinicalTrial:CTR20150343,Cancer:肝癌,INCLUDE_A
CancerCell:EGFR-p.L861R;EGFR-p.G719A-星形细胞瘤,SnvFull:EGFR-p.G719A,HAS_VAR
CancerCell:BRAF-p.G469V-肺多形性癌,SnvFull:BRAF-p.G469V,HAS_VAR
CancerCell:MET-skipping_mut;MET-p.L1195V-肺癌,Cancer:肺癌,ORIGINATED_FROM
CancerCell:ALK-p.L1196M-巨细胞肺癌,SnvFull:ALK-p.L1196M,HAS_VAR
CancerCell:EGFR-p.L861R;EGFR-p.G719A-肾癌,SnvFull:EGFR-p.G719A,HAS_VAR
Genesymbol:ERBB2,Cancer:食管癌,DRIVING_TO
CancerCell:FLT3-p.D835Y-卵巢癌,SnvFull:FLT3-p.D835Y,HAS_VAR
ClinicalTrial:CTR20131423,Cancer:前列腺癌,INCLUDE_A
CancerCell:PDGFRA-p.N659K-胸膜癌,Cancer:胸膜癌,ORIGINATED_FROM
CancerCell:PDGFRA-exon12act-软组织肿瘤,Drug:伊马替尼,SENSITIVITY_TO
CancerCell:PTEN-p.R173C;BRAF-p.V600E-结直肠印戒细胞癌,SnvFull:PTEN-p.R173C,HAS_VAR
Drug:塞替派,Cancer:乳腺癌,TREATMENT
CancerCell:ERBB2-p.Y772_A775dup-分化差的非小细胞肺癌,Drug:恩美曲妥珠单抗,SENSITIVITY_TO
CancerCell:EGFR-p.T790M-肺多形性癌,SnvFull:EGFR-p.T790M,HAS_VAR
ClinicalTrial:NCT00289445,Cancer:原发灶不明癌,INCLUDE_A
SnvFull:PCDH17-p.R732H,Genesymbol:PCDH17,HAS_GENE
Genesymbol:SMAD2,Cancer:乳腺癌,DRIVING_TO
CancerCell:BRAF-p.V600E-高分化甲状腺癌,SnvFull:BRAF-p.V600E,HAS_VAR
SnvFull:AKT1-p.S129L,Genesymbol:AKT1,HAS_GENE
CancerCell:BRAF-p.G606E-胸壁肿瘤,SnvFull:BRAF-p.G606E,HAS_VAR
Drug:阿帕他胺,Genesymbol:AR,INHIBITION_TO
CancerCell:MET-skipping_mut;MET-p.L1195V-甲状腺癌,SnvFull:MET-p.L1195V,HAS_VAR
CancerCell:.-FGFR1-盆腔肿瘤,Cancer:盆腔肿瘤,ORIGINATED_FROM
Drug:卡莫司汀,Cancer:骨髓瘤,TREATMENT
CancerCell:ALK-p.L1198F;.-ALK-软组织肿瘤,Fusion:.-ALK,HAS_VAR
CancerCell:EGFR-exon19del-非鳞状非小细胞肺癌,Drug:AZD3759,SENSITIVITY_TO
ClinicalTrial:NCT03257124,Cancer:脑膜瘤,INCLUDE_A
CancerCell:BRAF-p.G606E-子宫平滑肌肉瘤,Cancer:子宫平滑肌肉瘤,ORIGINATED_FROM
CancerCell:ERBB2-Amp;ERBB2-p.E401G-宫颈癌,SnvFull:ERBB2-p.E401G,HAS_VAR
CancerCell:BRAF-p.V600M;BRAF-p.V600E-皮肤黑色素瘤,Drug:达拉非尼,SENSITIVITY_TO
SnvFull:NBEA-p.D1698N,Genesymbol:NBEA,HAS_GENE
CancerCell:BRAF-p.G466V-肺鳞状细胞癌,SnvFull:BRAF-p.G466V,HAS_VAR
GeneticDisease:Bloom综合征,Cancer:肝癌,DEVELOP_TO
Drug:奥希替尼,Drug:奥希替尼,IS_A
CancerCell:PDGFRA-p.N659K-巨球蛋白血症(WM),Cancer:巨球蛋白血症(WM),ORIGINATED_FROM
CancerCell:PDGFRA-p.N659K-巨细胞肺癌,SnvFull:PDGFRA-p.N659K,HAS_VAR
ClinicalTrial:CTR20221003,Cancer:前列腺癌,INCLUDE_A
CancerCell:KIT-p.D816V-小细胞胆囊癌,CancerAlias:小细胞胆囊癌,ORIGINATED_FROM
Genesymbol:NF1,Cancer:胶质母细胞瘤,DRIVING_TO
Drug:洛拉替尼,Genesymbol:ALK,INHIBITION_TO
CancerCell:ALK-p.C1156Y;.-ALK-皮肤癌,Fusion:.-ALK,HAS_VAR
Drug:恩曲替尼,Genesymbol:NTRK1,INHIBITION_TO
Drug:ADC2122,Genesymbol:EGFR,INHIBITION_TO
CancerCell:MET-skipping_mut;MET-p.L1195V-肺癌,SnvFull:MET-p.L1195V,HAS_VAR
CancerCell:BRAF-p.V600E-髓系肿瘤,SnvFull:BRAF-p.V600E,HAS_VAR
CancerCell:EGFR-p.E709V;EGFR-p.L858R-肺涎腺型肿瘤,SnvFull:EGFR-p.L858R,HAS_VAR
CancerCell:MAP2K1-p.C121S;BRAF-p.V600E-原发灶不明黑色素瘤,SnvFull:MAP2K1-p.C121S,HAS_VAR
CancerCell:PTEN-p.R173C;BRAF-p.V600E-结直肠癌,CancerAlias:结直肠癌,ORIGINATED_FROM
CancerCell:MET-skipping_mut;MET-p.L1195V-食管癌,Cancer:食管癌,ORIGINATED_FROM
ClinicalTrial:CTR20192083,Cancer:前列腺癌,INCLUDE_A
CancerCell:FGFR2-p.E566G-胸壁肿瘤,SnvFull:FGFR2-p.E566G,HAS_VAR
CancerCell:ALK-p.L1198F;.-ALK-食管癌,SnvFull:ALK-p.L1198F,HAS_VAR
Drug:talazoparib,Genesymbol:PARP2,INHIBITION_TO
CancerCell:ALK-p.G1202R;.-ALK-肺淋巴上皮瘤样癌,Cancer:肺淋巴上皮瘤样癌,ORIGINATED_FROM
CancerCell:MET-skipping_mut;MET-p.D1228N-肾癌,SnvFull:MET-p.D1228N,HAS_VAR
CancerCell:ALK-p.L1196M;.-ALK-腺样囊性癌,Cancer:腺样囊性癌,ORIGINATED_FROM
Drug:达沙替尼,Genesymbol:DDR2,INHIBITION_TO
Genesymbol:PALB2,GeneticDisease:遗传性乳腺癌和卵巢癌综合征（非BRCA）,CAUSE_TO
ClinicalTrial:NCT00064103,Cancer:口腔癌,INCLUDE_A
ClinicalTrial:NCT04460937,Cancer:食管腺癌,INCLUDE_A
CancerCell:ROS1-p.L2026M-肺部炎性肌纤维母细胞瘤,Cancer:肺部炎性肌纤维母细胞瘤,ORIGINATED_FROM
Genesymbol:PRDM2,CancerAlias:肛门癌,DRIVING_TO
CancerCell:MAP2K1-p.C121S;BRAF-p.V600E-促结缔组织增生性黑色素瘤,Cancer:促结缔组织增生性黑色素瘤,ORIGINATED_FROM
Genesymbol:PBRM1,CancerAlias:胆管癌,DRIVING_TO
CancerCell:BRAF-p.V600E-髓系肿瘤,Drug:维莫非尼,SENSITIVITY_TO
Drug:rucaparib,Cancer:卵巢癌,TREATMENT
CancerCell:ALK-p.I1171T-巨细胞肺癌,SnvFull:ALK-p.I1171T,HAS_VAR
Drug:达卡巴嗪,Cancer:霍奇金淋巴瘤,TREATMENT
Drug:lithium chloride,Genesymbol:GSK3B,INHIBITION_TO
SnvFull:CARD11-p.K696R,Genesymbol:CARD11,HAS_GENE
Drug:伏罗尼布,Cancer:肾细胞癌,TREATMENT
CancerCell:PTEN-Low_exp-子宫未分化癌,Drug:奥拉帕利,SENSITIVITY_TO
CancerCell:BRAF-p.T599K-青少年乳腺分泌性癌,Cancer:青少年乳腺分泌性癌,ORIGINATED_FROM
CancerCell:FGFR2-CLIP1-腺泡状横纹肌肉瘤,Fusion:FGFR2-CLIP1,HAS_VAR
Drug:维迪西妥单抗,Cancer:胃癌,TREATMENT
CancerCell:EGFR-p.E709A;EGFR-p.G719A-肺纤毛黏液结节性乳头状肿瘤,SnvFull:EGFR-p.G719A,HAS_VAR
CancerCell:ALK-p.C1156Y;.-ALK-T淋巴细胞白血病/淋巴瘤,Cancer:T淋巴细胞白血病/淋巴瘤,ORIGINATED_FROM
CancerCell:BRAF-p.D594G-结直肠黏液腺癌,SnvFull:BRAF-p.D594G,HAS_VAR
CancerCell:PIK3CA-p.H1047R-卵巢上皮肿瘤,Cancer:卵巢上皮肿瘤,ORIGINATED_FROM
Drug:ABTL0812,Genesymbol:MTOR,INHIBITION_TO
Genesymbol:CYLD,GeneticDisease:多发性家族性毛发上皮瘤,CAUSE_TO
CancerCell:.-ALK-肺腺鳞癌,Drug:PLB1003,SENSITIVITY_TO
CancerCell:ALK-p.L1198F;.-ALK-T淋巴细胞白血病/淋巴瘤,Cancer:T淋巴细胞白血病/淋巴瘤,ORIGINATED_FROM
CancerCell:EGFR-p.I759M;EGFR-p.L858R-肺癌,Drug:吉非替尼,SENSITIVITY_TO
CancerCell:PTEN-p.R173C;BRAF-p.V600E-结直肠腺癌,Cancer:结直肠腺癌,ORIGINATED_FROM
CancerCell:CSF1R-p.W450_E456del-胰腺癌,SnvFull:CSF1R-p.W450_E456del,HAS_VAR
CancerCell:FGFR2-p.H167_N173del-胆管癌,SnvFull:FGFR2-p.H167_N173del,HAS_VAR
GeneticDisease:Li-Fraumeni综合征,CancerAlias:肾上腺癌,DEVELOP_TO
CancerCell:EGFR-p.T790M-肺基底细胞样大细胞癌,Drug:U3-1402,SENSITIVITY_TO
CancerCell:MAP2K1-p.Q56_V60del-卵巢浆液性癌,SnvFull:MAP2K1-p.Q56_V60del,HAS_VAR
CancerCell:ERBB2-Amp;ERBB2-p.E401G-卵巢癌,Cancer:卵巢癌,ORIGINATED_FROM
Genesymbol:BRAF,Cancer:乳腺癌,DRIVING_TO
CancerCell:ALK-p.G1202R;.-ALK-炎性肌纤维母细胞瘤,Fusion:.-ALK,HAS_VAR
Drug:塞替派,Cancer:卵巢癌,TREATMENT
Drug:IWR-1,Genesymbol:TNKS,INHIBITION_TO
CancerCell:CSF1R-p.Y546_K551del-甲状腺癌,SnvFull:CSF1R-p.Y546_K551del,HAS_VAR
CancerCell:EGFR-p.L861R;EGFR-p.G719A-星形细胞瘤,SnvFull:EGFR-p.L861R,HAS_VAR
CancerCell:JAK2-p.V617F-胰腺癌,Cancer:胰腺癌,ORIGINATED_FROM
CancerCell:EGFR-p.E709G;EGFR-p.L858R-肺透明细胞癌,Drug:厄洛替尼,SENSITIVITY_TO
SnvFull:PCDH17-p.A1035T,Genesymbol:PCDH17,HAS_GENE
CancerCell:CSF1R-p.Y546_K551del-肺癌,SnvFull:CSF1R-p.Y546_K551del,HAS_VAR
CancerCell:PDGFRA-p.W559_R560del-十二指肠间质瘤,Drug:舒尼替尼,SENSITIVITY_TO
CancerCell:FGFR2-SKI-胰腺神经内分泌瘤,Fusion:FGFR2-SKI,HAS_VAR
Drug:索拉非尼,Cancer:甲状腺癌,TREATMENT
Drug:替加氟,Cancer:乳腺癌,TREATMENT
CancerCell:PTEN-p.R173C;BRAF-p.V600E-肠癌,SnvFull:PTEN-p.R173C,HAS_VAR
CancerCell:ALK-p.L1196M-非鳞状非小细胞肺癌,SnvFull:ALK-p.L1196M,HAS_VAR
Drug:博来霉素,Cancer:宫颈癌,TREATMENT
Drug:伊立替康,CancerAlias:结直肠癌,TREATMENT
Drug:A166,Genesymbol:ERBB2,INHIBITION_TO
ClinicalTrial:NCT00118183,Cancer:肺腺鳞癌,INCLUDE_A
ClinicalTrial:NCT00099021,Cancer:口腔癌,INCLUDE_A
CancerCell:ALK-p.L1198F;.-ALK-腺泡状横纹肌肉瘤,Fusion:.-ALK,HAS_VAR
GeneticDisease:汗孔角化症,Cancer:皮肤癌,DEVELOP_TO
Drug:panitumumab,Genesymbol:EGFR,INHIBITION_TO
Genesymbol:FGFR3,Genesymbol:SRC,POSITIVE_REGULATED
Drug:PP-121,Genesymbol:MTOR,INHIBITION_TO
ClinicalTrial:NCT01125046,Cancer:室管膜瘤,INCLUDE_A
GeneticDisease:Li-Fraumeni综合征,CancerAlias:结直肠癌,DEVELOP_TO
CancerCell:FGFR2-.-肝门部胆管癌,Drug:erdafitinib,SENSITIVITY_TO
CancerCell:.-ALK-肺腺鳞癌,Drug:塞瑞替尼,SENSITIVITY_TO
CancerCell:KIT-exon9act-软组织肿瘤,Drug:瑞派替尼,SENSITIVITY_TO
Drug:安罗替尼,Genesymbol:KDR,INHIBITION_TO
CancerCell:CSF1R-p.Y546_K551del-肺腺癌,SnvFull:CSF1R-p.Y546_K551del,HAS_VAR
CancerCell:KIT-p.K642E-软组织肿瘤,Drug:舒尼替尼,SENSITIVITY_TO
Drug:PLB1004,Genesymbol:EGFR,INHIBITION_TO
CancerCell:FLT3-p.I836L-骨髓瘤,Drug:索拉非尼,RESISTANCE_TO
ClinicalTrial:CTR20200549,Cancer:肝癌,INCLUDE_A
Drug:HER2 CAR-T cells,Genesymbol:ERBB2,INHIBITION_TO
SnvFull:PLAG1-p.G7D,Genesymbol:PLAG1,HAS_GENE
Drug:佩米替尼,Cancer:淋巴瘤,TREATMENT
CancerCell:PDGFRA-p.N659K-盆腔肿瘤,SnvFull:PDGFRA-p.N659K,HAS_VAR
Drug:TAS3681,Genesymbol:AR,INHIBITION_TO
CancerCell:PDGFRA-p.N659K-小细胞胆囊癌,SnvFull:PDGFRA-p.N659K,HAS_VAR
Genesymbol:NF2,GeneticDisease:神经鞘瘤病,CAUSE_TO
CancerCell:ERBB2-Amp;ERBB2-p.E401G-肺癌,SnvFull:ERBB2-p.E401G,HAS_VAR
CancerCell:FGFR3-TACC3-黑色素瘤,Cancer:黑色素瘤,ORIGINATED_FROM
CancerCell:JAK2-p.V617F-小细胞肺癌,Cancer:小细胞肺癌,ORIGINATED_FROM
Drug:泊马度胺,Cancer:Kaposis肉瘤,TREATMENT
CancerCell:JAK2-p.V617F-乳头肿瘤,Cancer:乳头肿瘤,ORIGINATED_FROM
Genesymbol:KIT,Genesymbol:KIT,IS_A
Drug:可待因,Genesymbol:OPRK1,ACTIVATION_TO
CancerCell:FLT3-p.D835Y-宫颈癌,SnvFull:FLT3-p.D835Y,HAS_VAR
CancerCell:NTRK1-p.G667C-结肠腺癌,Drug:恩曲替尼,RESISTANCE_TO
Drug:吉西他滨,Cancer:卵巢癌,TREATMENT
CancerCell:EGFR-p.V834L;EGFR-p.L858R-大细胞肺癌,SnvFull:EGFR-p.V834L,HAS_VAR
CancerCell:TP53-inact-Brenner肿瘤，交界性,Drug:APR-246,SENSITIVITY_TO
SnvFull:ZFHX3-p.E1494K,Genesymbol:ZFHX3,HAS_GENE
CancerCell:ERBB2-Amp;ERBB2-p.E401G-乳头肿瘤,SnvFull:ERBB2-p.E401G,HAS_VAR
ClinicalTrial:CTR20132935,Cancer:肝癌,INCLUDE_A
Genesymbol:EGFR,Genesymbol:EGFR,IS_A
Genesymbol:ARID1A,Cancer:乳腺癌,DRIVING_TO
Drug:卡非佐米,Genesymbol:PSMC5,INHIBITION_TO
CancerCell:ERBB2-Amp;ERBB2-p.E401G-食管癌,Cancer:食管癌,ORIGINATED_FROM
CancerCell:FLT3-p.D835Y-宫颈癌,Cancer:宫颈癌,ORIGINATED_FROM
CancerCell:ERBB2-p.Y772_A775dup-非鳞状非小细胞肺癌,Drug:poziotinib,SENSITIVITY_TO
Drug:阿法替尼,Genesymbol:EGFR,INHIBITION_TO
CancerCell:ALK-p.L1198F;.-ALK-卵巢癌,Cancer:卵巢癌,ORIGINATED_FROM
SnvFull:NBEA-p.C2737S,Genesymbol:NBEA,HAS_GENE
CancerCell:CSF1R-p.W450_E456del-宫颈癌,Cancer:宫颈癌,ORIGINATED_FROM
Drug:贝伐珠单抗,Cancer:输卵管癌,TREATMENT
Genesymbol:GSK3B,Genesymbol:MYC,NEGATIVE_REGULATED
DrugAlias:nivatrotamab,Genesymbol:CD3E,INHIBITION_TO
CancerCell:ALK-p.I1171T-非鳞状非小细胞肺癌,SnvFull:ALK-p.I1171T,HAS_VAR
Drug:依维莫司,Cancer:乳腺癌(HR阳性，HER2阴性),TREATMENT
CancerCell:FGFR3-TACC3-软组织肿瘤,Fusion:FGFR3-TACC3,HAS_VAR
CancerCell:ALK-p.G1202R;.-ALK-卵巢癌,SnvFull:ALK-p.G1202R,HAS_VAR
Genesymbol:BRAF,Genesymbol:BRAF,IS_A
CancerCell:KIF5B-RET;EGFR-p.L858R-肺淋巴上皮瘤样癌,Fusion:KIF5B-RET,HAS_VAR
CancerCell:BRAF-p.V600E-高分化甲状腺癌,Drug:维莫非尼,SENSITIVITY_TO
SnvFull:PTPRD-p.S646Y,Genesymbol:PTPRD,HAS_GENE
GeneticDisease:幼年性息肉病综合征,Cancer:胰腺癌,DEVELOP_TO
CancerCell:MET-skipping_mut;MET-p.D1228N-肾癌,Cancer:肾癌,ORIGINATED_FROM
CancerCell:ALK-p.L1198F;.-ALK-腺样囊性癌,SnvFull:ALK-p.L1198F,HAS_VAR
CancerCell:EGFR-p.E709_T710delinsD-肺梭形细胞癌,SnvFull:EGFR-p.E709_T710delinsD,HAS_VAR
CancerCell:EGFR-p.V834L;EGFR-p.L858R-肺癌,SnvFull:EGFR-p.V834L,HAS_VAR
CancerCell:EGFR-p.S768I;EGFR-p.V774M-肺基底细胞样大细胞癌,Drug:奥希替尼,SENSITIVITY_TO
CancerCell:VHL-p.T133N-肉瘤样特征的肾透明细胞癌,SnvFull:VHL-p.T133N,HAS_VAR
Drug:belizatinib,Genesymbol:ALK,INHIBITION_TO
CancerCell:ALK-p.L1196M;.-ALK-胰腺神经内分泌瘤,Cancer:胰腺神经内分泌瘤,ORIGINATED_FROM
Genesymbol:SMAD2,Cancer:结直肠腺癌,DRIVING_TO
CancerCell:PTEN-p.R173C;BRAF-p.V600E-直肠癌,Cancer:直肠癌,ORIGINATED_FROM
ClinicalTrial:NCT02359565,Cancer:室管膜瘤,INCLUDE_A
CancerCell:CSF1R-p.W450_E456del-甲状腺癌,SnvFull:CSF1R-p.W450_E456del,HAS_VAR
Drug:trastuzumab-dttb,Cancer:胃癌,TREATMENT
CancerCell:CSF1R-p.W450_E456del-甲状腺癌,Cancer:甲状腺癌,ORIGINATED_FROM
Drug:地舒单抗,Cancer:乳腺癌,TREATMENT
Drug:帕米帕利,Cancer:输卵管癌,TREATMENT
Drug:尼莫司汀,Cancer:淋巴瘤,TREATMENT
CancerCell:JAK2-p.V617F-乳头肿瘤,SnvFull:JAK2-p.V617F,HAS_VAR
Genesymbol:WAS,GeneticDisease:Wiskott-Aldrich综合征,CAUSE_TO
CancerCell:BRAF-p.G466V-肺黏液表皮样癌,SnvFull:BRAF-p.G466V,HAS_VAR
CancerCell:ERBB2-Amp;ERBB2-p.E401G-肺腺癌,Cancer:肺腺癌,ORIGINATED_FROM
CancerCell:EGFR-p.V834L;EGFR-p.L858R-肺黏液表皮样癌,Cancer:肺黏液表皮样癌,ORIGINATED_FROM
CancerCell:ALK-p.L1198F;.-ALK-甲状腺癌,SnvFull:ALK-p.L1198F,HAS_VAR
Drug:CEP-28122,Genesymbol:ALK,INHIBITION_TO
CancerCell:BRAF-p.G466V-大细胞肺癌,Drug:维莫非尼,RESISTANCE_TO
CancerCell:EGFR-p.T790M-肺腺癌,Drug:U3-1402,SENSITIVITY_TO
CancerCell:CSF1R-p.W450_E456del-肝癌,Cancer:肝癌,ORIGINATED_FROM
Drug:卡莫司汀,Cancer:非霍奇金淋巴瘤,TREATMENT
Drug:CC-223,Genesymbol:MTOR,INHIBITION_TO
CancerCell:ALK-p.L1198F;.-ALK-肝癌,Cancer:肝癌,ORIGINATED_FROM
ClinicalTrial:NCT00445497,Cancer:小肠癌,INCLUDE_A
CancerCell:ROS1-p.L2026M-肺腺样囊性癌,Cancer:肺腺样囊性癌,ORIGINATED_FROM
CancerCell:NTRK3-p.G623R-头颈部肿瘤,SnvFull:NTRK3-p.G623R,HAS_VAR
CancerCell:BRAF-p.G466V-分化差的非小细胞肺癌,Drug:维莫非尼,RESISTANCE_TO
CancerCell:FGFR2-p.P253R-头颈部鳞状细胞癌,SnvFull:FGFR2-p.P253R,HAS_VAR
CancerCell:EGFR-p.L861R;EGFR-p.G719A-甲状腺癌,SnvFull:EGFR-p.G719A,HAS_VAR
Drug:帕博利珠单抗,Cancer:肝细胞癌,TREATMENT
Drug:SRX3207,Genesymbol:PIK3CA,INHIBITION_TO
ClinicalTrial:NCT00334815,Cancer:肺腺鳞癌,INCLUDE_A
CancerCell:ROS1-p.L2026M-分化差的非小细胞肺癌,Cancer:分化差的非小细胞肺癌,ORIGINATED_FROM
CancerCell:PIK3CA-p.W1051*-子宫浆液性癌/子宫乳头状浆液性癌,Drug:依维莫司,SENSITIVITY_TO
SnvFull:PTPRD-p.T799I,Genesymbol:PTPRD,HAS_GENE
ClinicalTrial:CTR20131898,Cancer:胰腺癌,INCLUDE_A
Drug:vandetanib,Genesymbol:RET,INHIBITION_TO
Drug:avelumab,Cancer:Merkel细胞癌,TREATMENT
CancerCell:ERBB2-p.Y772_A775dup-分化差的非小细胞肺癌,Drug:poziotinib,SENSITIVITY_TO
Drug:帕博利珠单抗,Cancer:头颈部鳞状细胞癌,TREATMENT
Genesymbol:MET,Cancer:低级别神经胶质瘤,DRIVING_TO
SnvFull:PTPRD-p.S239Y,Genesymbol:PTPRD,HAS_GENE
CancerCell:PTEN-p.R173C;BRAF-p.V600E-结肠腺癌,Cancer:结肠腺癌,ORIGINATED_FROM
CancerCell:VHL-p.T133N-肾集合管癌,SnvFull:VHL-p.T133N,HAS_VAR
CancerCell:PTEN-p.R173C;BRAF-p.V600E-结直肠腺癌,SnvFull:PTEN-p.R173C,HAS_VAR
Genesymbol:DHH,GeneticDisease:Swyer综合征,CAUSE_TO
CancerCell:EGFR-p.E709V;EGFR-p.L858R-肺透明细胞癌,SnvFull:EGFR-p.E709V,HAS_VAR
SnvFull:EGFR-p.A24S,Genesymbol:EGFR,HAS_GENE
CancerCell:BRAF-p.V600M;BRAF-p.V600E-黏膜黑色素瘤,SnvFull:BRAF-p.V600E,HAS_VAR
CancerCell:EGFR-p.S768I;EGFR-p.V774M-肺涎腺型肿瘤,SnvFull:EGFR-p.S768I,HAS_VAR
CancerCell:KRAS-p.G12C-结直肠腺癌,Drug:D-1553,SENSITIVITY_TO
SnvFull:NBEA-p.I1000M,Genesymbol:NBEA,HAS_GENE
Drug:rigosertib,Genesymbol:PIK3CA,INHIBITION_TO
CancerCell:BRAF-p.G606E-巨球蛋白血症(WM),SnvFull:BRAF-p.G606E,HAS_VAR
CancerCell:FGFR3-p.S249C-上尿路上皮癌,Drug:培唑帕尼,SENSITIVITY_TO
Drug:panobinostat,Genesymbol:HDAC4,INHIBITION_TO
CancerCell:RET-p.M918T-甲状腺癌,SnvFull:RET-p.M918T,HAS_VAR
CancerCell:ERBB2-Amp;ERBB2-p.E401G-星形细胞瘤,SnvFull:ERBB2-p.E401G,HAS_VAR
CancerCell:BRAF-p.Y472C-鳞状非小细胞肺癌,SnvFull:BRAF-p.Y472C,HAS_VAR
CancerCell:ERBB2-p.D769Y-食管胃腺癌,Drug:奈拉替尼,RESISTANCE_TO
CancerCell:BRAF-p.G466V-肺腺样囊性癌,Drug:维莫非尼,RESISTANCE_TO
ClinicalTrial:NCT01563614,Cancer:脑膜瘤,INCLUDE_A
CancerCell:BRAF-p.G606E-盆腔肿瘤,Cancer:盆腔肿瘤,ORIGINATED_FROM
GeneticDisease:Wilson病,Cancer:肝癌,DEVELOP_TO
CancerCell:FGFR2-p.E566G-胸膜癌,Cancer:胸膜癌,ORIGINATED_FROM
CancerCell:ERBB2-Amp;ERBB2-p.E401G-星形细胞瘤,Cancer:星形细胞瘤,ORIGINATED_FROM
CancerCell:FGFR2-.-肝外胆管癌,Drug:erdafitinib,SENSITIVITY_TO
CancerCell:ALK-p.V1180L;.-ALK-肺透明细胞癌,SnvFull:ALK-p.V1180L,HAS_VAR
CancerCell:ALK-p.F1174V-肺腺鳞癌,Drug:阿来替尼,SENSITIVITY_TO
Genesymbol:ARID1A,Cancer:髓母细胞瘤,DRIVING_TO
CancerCell:PTEN-p.R173C;BRAF-p.V600E-肠癌,CancerAlias:肠癌,ORIGINATED_FROM
Drug:lestaurtinib,Drug:lestaurtinib,IS_A
CancerCell:MET-p.D1230N-小细胞胆囊癌,SnvFull:MET-p.D1230N,HAS_VAR
CancerCell:RB1-p.H483Y-乳腺癌,SnvFull:RB1-p.H483Y,HAS_VAR
CancerCell:NRAS-act-皮肤癌,Drug:ulixertinib,SENSITIVITY_TO
CancerCell:FGFR2-TACC3-盆腔肿瘤,Cancer:盆腔肿瘤,ORIGINATED_FROM
Drug:AMG 511,Genesymbol:PIK3CA,INHIBITION_TO
Genesymbol:PBRM1,Cancer:皮肤黑色素瘤,DRIVING_TO
CancerCell:VHL-p.T133N-肾癌,SnvFull:VHL-p.T133N,HAS_VAR
CancerCell:ERBB2-Amp;ERBB2-p.E401G-子宫内膜癌,Cancer:子宫内膜癌,ORIGINATED_FROM
CancerCell:FGFR2-CLIP1-皮肤癌,Cancer:皮肤癌,ORIGINATED_FROM
CancerAlias:肛门癌,CancerAlias:肛门癌,IS_A
CancerCell:CSF1R-p.W450_E456del-子宫内膜癌,SnvFull:CSF1R-p.W450_E456del,HAS_VAR
CancerCell:FGFR2-CLIP1-胰腺神经内分泌瘤,Fusion:FGFR2-CLIP1,HAS_VAR
CancerCell:ALK-p.L1198F;.-ALK-小细胞肺癌,SnvFull:ALK-p.L1198F,HAS_VAR
ClinicalTrial:NCT00031681,Cancer:口腔癌,INCLUDE_A
Drug:瑞戈非尼,Cancer:结肠癌,INDUCE_TO
Drug:merestinib,Genesymbol:MET,INHIBITION_TO
ClinicalTrial:CTR20150149,Cancer:肝癌,INCLUDE_A
Drug:阿昔替尼,Cancer:肾细胞癌,TREATMENT
CancerCell:FGFR2-SKI-腺泡状横纹肌肉瘤,Fusion:FGFR2-SKI,HAS_VAR
CancerCell:FLT3-p.I836M-骨髓瘤,Drug:索拉非尼,RESISTANCE_TO
CancerCell:PTEN-inact-子宫未分化癌,Drug:apitolisib,SENSITIVITY_TO
CancerCell:EGFR-p.E709_T710delinsD-非粘液性肺腺癌,SnvFull:EGFR-p.E709_T710delinsD,HAS_VAR
CancerCell:ALK-p.G1202R;.-ALK-T淋巴细胞白血病/淋巴瘤,Fusion:.-ALK,HAS_VAR
Drug:capmatinib,Drug:capmatinib,IS_A
ClinicalTrial:NCT02234050,Cancer:脑膜瘤,INCLUDE_A
Drug:艾伏尼布,Genesymbol:IDH1,INHIBITION_TO
CancerCell:EGFR-p.V834L;EGFR-p.L858R-肺黏液表皮样癌,SnvFull:EGFR-p.V834L,HAS_VAR
Genesymbol:EGFR,Cancer:肺腺癌,DRIVING_TO
CancerCell:JAK2-p.V617F-乳腺癌,SnvFull:JAK2-p.V617F,HAS_VAR
CancerCell:EGFR-p.S768I;EGFR-p.V774M-肺梭形细胞癌,Drug:奥希替尼,SENSITIVITY_TO
CancerCell:FGFR2-p.E566G-巨球蛋白血症(WM),SnvFull:FGFR2-p.E566G,HAS_VAR
CancerCell:.-ALK-肺腺鳞癌,Drug:伊鲁阿克,SENSITIVITY_TO
Drug:维迪西妥单抗,Genesymbol:ERBB2,INHIBITION_TO
GeneticDisease:肿瘤易感综合征,Cancer:脑膜瘤,DEVELOP_TO
CancerCell:PDGFRA-p.N659K-胸壁肿瘤,SnvFull:PDGFRA-p.N659K,HAS_VAR
CancerCell:EGFR-p.S768I;EGFR-p.V774M-肺透明细胞癌,Drug:奥希替尼,SENSITIVITY_TO
Drug:奥拉帕利,Genesymbol:PARP1,INHIBITION_TO
CancerCell:CSF1R-p.Y546_K551del-胰腺癌,SnvFull:CSF1R-p.Y546_K551del,HAS_VAR
CancerCell:BRAF-p.T599K-乳腺导管/小叶混合型癌,SnvFull:BRAF-p.T599K,HAS_VAR
CancerCell:ALK-p.G1269A;.-ALK-非粘液性肺腺癌,SnvFull:ALK-p.G1269A,HAS_VAR
CancerCell:VHL-p.T133N-肾嫌色细胞癌,Cancer:肾嫌色细胞癌,ORIGINATED_FROM
CancerCell:NRAS-wildtype;KRAS-wildtype;BRAF-wildtype-结直肠腺癌,Drug:瑞戈非尼,SENSITIVITY_TO
CancerCell:ROS1-p.L2026M-巨细胞肺癌,Cancer:巨细胞肺癌,ORIGINATED_FROM
CancerCell:BRAF-p.V600E-囊性胶质瘤,SnvFull:BRAF-p.V600E,HAS_VAR
CancerCell:ALK-p.G1269A;.-ALK-胸膜肺母细胞瘤,Drug:阿来替尼,SENSITIVITY_TO
Drug:HMPL-306,Genesymbol:IDH1,INHIBITION_TO
CancerCell:BRAF-p.T599K-青少年乳腺分泌性癌,SnvFull:BRAF-p.T599K,HAS_VAR
ClinicalTrial:CTR20140023,Cancer:肝癌,INCLUDE_A
CancerCell:PTEN-p.R173C;BRAF-p.V600E-直肠癌,SnvFull:PTEN-p.R173C,HAS_VAR
ClinicalTrial:CTR20221003,Cancer:腹膜癌,INCLUDE_A
Genesymbol:AR,GeneticDisease:雄激素不敏感综合征,CAUSE_TO
ClinicalTrial:CTR20160052,Cancer:胰腺癌,INCLUDE_A
SnvFull:AKT1-p.F469L,Genesymbol:AKT1,HAS_GENE
CancerCell:BRAF-p.V600M;BRAF-p.V600E-Spitz样黑色素瘤,Drug:达拉非尼,SENSITIVITY_TO
CancerCell:ALK-p.G1202R;.-ALK-肺腺鳞癌,Drug:洛拉替尼,SENSITIVITY_TO
CancerCell:FGFR2-TACC3-胰腺神经内分泌瘤,Cancer:胰腺神经内分泌瘤,ORIGINATED_FROM
SnvFull:ZFHX3-p.E975K,Genesymbol:ZFHX3,HAS_GENE
CancerCell:ERBB2-Amp;ERBB2-p.E401G-胰腺癌,SnvFull:ERBB2-p.E401G,HAS_VAR
ClinicalTrial:NCT02426034,Cancer:原发灶不明癌,INCLUDE_A
CancerCell:FGFR2-Amp-肝门部胆管癌,Drug:infigratinib,SENSITIVITY_TO
CancerCell:MET-skipping_mut;MET-p.D1228N-卵巢癌,Cancer:卵巢癌,ORIGINATED_FROM
CancerCell:EML4-ALK-巨细胞肺癌,Drug:ganetespib,SENSITIVITY_TO
ClinicalTrial:CTR20221465,Cancer:肺癌,INCLUDE_A
SnvFull:PCDH17-p.R599H,Genesymbol:PCDH17,HAS_GENE
Drug:己烯雌酚,Cancer:前列腺癌,TREATMENT
CancerCell:PIK3CA-p.H1047R-卵巢/输卵管癌,Cancer:卵巢/输卵管癌,ORIGINATED_FROM
CancerCell:BRAF-p.G606E-原发性骨髓纤维化,Cancer:原发性骨髓纤维化,ORIGINATED_FROM
CancerCell:CSF1R-p.W450_E456del-肺腺癌,Cancer:肺腺癌,ORIGINATED_FROM
CancerCell:FGFR2-SHTN1-T淋巴细胞白血病/淋巴瘤,Fusion:FGFR2-SHTN1,HAS_VAR
CancerCell:EGFR-p.L861R;EGFR-p.R776G-非小细胞肺癌,SnvFull:EGFR-p.R776G,HAS_VAR
Drug:帕博利珠单抗,Cancer:膀胱癌,TREATMENT
CancerCell:FLT3-p.D835Y-卵巢癌,Cancer:卵巢癌,ORIGINATED_FROM
CancerCell:EGFR-p.E746_L747delinsIP;EGFR-p.S1190F-非小细胞肺癌,Drug:阿法替尼,SENSITIVITY_TO
CancerCell:EGFR-p.L833V;EGFR-p.L858R-非小细胞肺癌,Drug:厄洛替尼,SENSITIVITY_TO
CancerCell:KIT-p.D816V-胸膜癌,Cancer:胸膜癌,ORIGINATED_FROM
CancerCell:VHL-p.T133N-延胡索酸水合酶(FH)缺陷型肾细胞癌,Cancer:延胡索酸水合酶(FH)缺陷型肾细胞癌,ORIGINATED_FROM
Drug:g207,Genesymbol:MGMT,INHIBITION_TO
Drug:RAF709,Genesymbol:BRAF,INHIBITION_TO
CancerCell:EML4-ALK-卵巢小细胞癌,Drug:阿来替尼,SENSITIVITY_TO
CancerCell:ALK-p.L1196M-肺黏液表皮样癌,SnvFull:ALK-p.L1196M,HAS_VAR
Drug:帕博利珠单抗,Cancer:乳腺癌(三阴性),TREATMENT
CancerCell:FGFR2-SHTN1-血管瘤样纤维组织细胞瘤,Fusion:FGFR2-SHTN1,HAS_VAR
CancerCell:JAK2-p.V617F-星形细胞瘤,SnvFull:JAK2-p.V617F,HAS_VAR
CancerCell:PTEN-Loss-子宫未分化癌,Drug:apitolisib,SENSITIVITY_TO
CancerCell:EGFR-p.S768I;EGFR-p.V774M-肺梭形细胞癌,SnvFull:EGFR-p.S768I,HAS_VAR
CancerCell:MET-skipping_mut;MET-p.D1228N-子宫内膜癌,Cancer:子宫内膜癌,ORIGINATED_FROM
CancerCell:ERBB2-p.Y772_A775dup-非鳞状非小细胞肺癌,Drug:恩美曲妥珠单抗,SENSITIVITY_TO
CancerCell:NRAS-wildtype;KRAS-wildtype;BRAF-wildtype-结直肠腺癌,Drug:贝伐珠单抗,SENSITIVITY_TO
CancerCell:ALK-p.G1202R;.-ALK-小细胞肺癌,Cancer:小细胞肺癌,ORIGINATED_FROM
Drug:伊马替尼,Genesymbol:PDGFRA,INHIBITION_TO
CancerCell:BRAF-p.V600M;BRAF-p.V600E-促结缔组织增生性黑色素瘤,Drug:达拉非尼,SENSITIVITY_TO
CancerCell:EGFR-p.V834L;EGFR-p.L858R-肺腺样囊性癌,Cancer:肺腺样囊性癌,ORIGINATED_FROM
SnvFull:PCDH17-p.K919N,Genesymbol:PCDH17,HAS_GENE
CancerCell:ALK-p.V1180L;.-ALK-肺基底细胞样大细胞癌,SnvFull:ALK-p.V1180L,HAS_VAR
Genesymbol:ERBB2,Cancer:乳腺癌,DRIVING_TO
CancerCell:EGFR-p.E709_T710delinsD-肺淋巴上皮瘤样癌,Drug:达可替尼,SENSITIVITY_TO
CancerCell:MAP2K1-p.C121S;BRAF-p.V600E-促结缔组织增生性黑色素瘤,SnvFull:MAP2K1-p.C121S,HAS_VAR
CancerCell:EGFR-p.L861R;EGFR-p.G719A-肺腺癌,Cancer:肺腺癌,ORIGINATED_FROM
ClinicalTrial:CTR20140315,Cancer:肝癌,INCLUDE_A
Drug:贝伐珠单抗,CancerAlias:结直肠癌,TREATMENT
CancerCell:EGFR-p.E746_L747delinsIP;EGFR-p.S1190F-肺癌,SnvFull:EGFR-p.S1190F,HAS_VAR
CancerCell:FGFR2-CLIP1-软组织肿瘤,Cancer:软组织肿瘤,ORIGINATED_FROM
Drug:贝伐珠单抗,Cancer:宫颈癌,TREATMENT
CancerCell:ERBB2-Amp;ERBB2-p.E401G-肾癌,SnvFull:ERBB2-p.E401G,HAS_VAR
Genesymbol:NF1,CancerAlias:肾上腺皮质癌,DRIVING_TO
CancerCell:AKT1-act-子宫去分化癌,Drug:apitolisib,SENSITIVITY_TO
CancerCell:VHL-p.T133N-肾细胞癌,Cancer:肾细胞癌,ORIGINATED_FROM
CancerCell:BRAF-p.D594N-子宫平滑肌肉瘤,SnvFull:BRAF-p.D594N,HAS_VAR
CancerCell:EGFR-p.E709G;EGFR-p.L858R-肺透明细胞癌,SnvFull:EGFR-p.L858R,HAS_VAR
CancerCell:EGFR-p.L861R;EGFR-p.G719A-肝癌,SnvFull:EGFR-p.L861R,HAS_VAR
Drug:达沙替尼,Genesymbol:ABL1,INHIBITION_TO
CancerCell:.-FGFR1-胰腺神经内分泌瘤,Cancer:胰腺神经内分泌瘤,ORIGINATED_FROM
CancerCell:FGFR2-p.F276C-胆道癌,Drug:培唑帕尼,SENSITIVITY_TO
Genesymbol:PBRM1,Cancer:宫颈鳞状细胞癌,DRIVING_TO
Genesymbol:HIP1,Cancer:子宫癌肉瘤/子宫恶性苗勒氏管混合瘤,DRIVING_TO
CancerCell:ERBB2-p.Y772_A775dup-鳞状非小细胞肺癌,Drug:恩美曲妥珠单抗,SENSITIVITY_TO
CancerCell:EGFR-p.L861R;EGFR-p.G719A-乳腺癌,Cancer:乳腺癌,ORIGINATED_FROM
CancerCell:KIT-p.D816V-胸壁肿瘤,SnvFull:KIT-p.D816V,HAS_VAR
Genesymbol:PRDM2,Cancer:肝癌,DRIVING_TO
Drug:AMG 757,Genesymbol:CD3E,INHIBITION_TO
CancerCell:CSF1R-p.W450_E456del-乳头肿瘤,Cancer:乳头肿瘤,ORIGINATED_FROM
CancerCell:CSF1R-p.W450_E456del-腺样囊性癌,SnvFull:CSF1R-p.W450_E456del,HAS_VAR
Drug:agerafenib,Genesymbol:ABL1,INHIBITION_TO
CancerCell:ROS1-p.L2026M-肺神经内分泌瘤,Cancer:肺神经内分泌瘤,ORIGINATED_FROM
SnvFull:PCDH17-p.R186H,Genesymbol:PCDH17,HAS_GENE
CancerCell:MET-skipping_mut;MET-p.L1195V-宫颈癌,SnvFull:MET-p.L1195V,HAS_VAR
SnvFull:AKT1-p.A476S,Genesymbol:AKT1,HAS_GENE
SnvFull:ZFHX3-p.S1646F,Genesymbol:ZFHX3,HAS_GENE
Drug:bafetinib,Genesymbol:DDR2,INHIBITION_TO
CancerCell:JAK2-p.V617F-小细胞肺癌,SnvFull:JAK2-p.V617F,HAS_VAR
CancerCell:BRAF-p.G466V-肺癌,SnvFull:BRAF-p.G466V,HAS_VAR
Genesymbol:SPI1,Genesymbol:SPI1,IS_A
CancerCell:ALK-p.L1198F;.-ALK-腺样囊性癌,Cancer:腺样囊性癌,ORIGINATED_FROM
CancerCell:MAP2K1-p.C121S;BRAF-p.V600E-先天性痣,SnvFull:MAP2K1-p.C121S,HAS_VAR
CancerCell:ALK-p.L1196M-肺黏液表皮样癌,Drug:克唑替尼,RESISTANCE_TO
CancerCell:ERBB2-Low_exp-食管/胃癌,Drug:KN026,SENSITIVITY_TO
CancerCell:ALK-p.L1198F;.-ALK-盆腔肿瘤,Fusion:.-ALK,HAS_VAR
CancerCell:RUFY2-RET;EGFR-p.L858R-肺淋巴上皮瘤样癌,Cancer:肺淋巴上皮瘤样癌,ORIGINATED_FROM
CancerCell:MET-p.D1230N-子宫平滑肌肉瘤,SnvFull:MET-p.D1230N,HAS_VAR
CancerCell:VHL-p.T133N-延胡索酸水合酶(FH)缺陷型肾细胞癌,SnvFull:VHL-p.T133N,HAS_VAR
Genesymbol:PDGFRA,GeneticDisease:多发性复发性胃肠道纤维瘤息肉,CAUSE_TO
CancerCell:ROS1-p.L2026M-肺淋巴上皮瘤样癌,Cancer:肺淋巴上皮瘤样癌,ORIGINATED_FROM
CancerCell:ALK-p.G1269A-肺腺鳞癌,Drug:阿来替尼,SENSITIVITY_TO
CancerCell:VHL-p.T133N-肉瘤样肾细胞癌,Cancer:肉瘤样肾细胞癌,ORIGINATED_FROM
Genesymbol:CYLD,GeneticDisease:Brooke-Spiegler综合征,CAUSE_TO
CancerCell:BRAF-p.V600E-食管/胃癌,SnvFull:BRAF-p.V600E,HAS_VAR
CancerCell:EGFR-p.E709G;EGFR-p.L858R-肺基底细胞样大细胞癌,SnvFull:EGFR-p.E709G,HAS_VAR
CancerCell:MAP2K1-p.C121S;BRAF-p.V600E-黏膜黑色素瘤,Cancer:黏膜黑色素瘤,ORIGINATED_FROM
CancerCell:FGFR3-TACC3-盆腔肿瘤,Fusion:FGFR3-TACC3,HAS_VAR
CancerCell:FGFR2-SHTN1-炎性肌纤维母细胞瘤,Fusion:FGFR2-SHTN1,HAS_VAR
CancerCell:ALK-p.L1196M-肺腺样囊性癌,SnvFull:ALK-p.L1196M,HAS_VAR
CancerCell:ALK-p.G1202R;.-ALK-卵巢癌,Cancer:卵巢癌,ORIGINATED_FROM
Drug:阿替利珠单抗,Cancer:肺泡状软组织肉瘤,TREATMENT
CancerCell:JAK2-p.V617F-肾癌,SnvFull:JAK2-p.V617F,HAS_VAR
CancerCell:BRAF-p.G469V-肺涎腺型肿瘤,Drug:索拉非尼,SENSITIVITY_TO
CancerCell:KIT-p.T670I-软组织肿瘤,Drug:瑞戈非尼,SENSITIVITY_TO
CancerCell:FGFR2-Amp-肝外胆管癌,Drug:infigratinib,SENSITIVITY_TO
CancerCell:CSF1R-p.Y546_K551del-肝癌,Cancer:肝癌,ORIGINATED_FROM
Drug:A-1155463,Genesymbol:BCL2L1,INHIBITION_TO
CancerCell:PDGFRA-p.N659K-小细胞胆囊癌,CancerAlias:小细胞胆囊癌,ORIGINATED_FROM
Drug:曲氟尿苷替匹嘧啶,Cancer:食管胃结合部腺癌,TREATMENT
GeneticDisease:肿瘤易感综合征,Cancer:肾癌,DEVELOP_TO
CancerCell:JAK2-p.V617F-卵巢癌,SnvFull:JAK2-p.V617F,HAS_VAR
CancerCell:BRAF-p.G469V-鳞状非小细胞肺癌,Drug:索拉非尼,SENSITIVITY_TO
CancerCell:MET-skipping_mut;MET-p.D1228N-肝癌,Cancer:肝癌,ORIGINATED_FROM
CancerCell:ALK-p.G1202R;.-ALK-腺泡状横纹肌肉瘤,Cancer:腺泡状横纹肌肉瘤,ORIGINATED_FROM
Drug:abarelix,Cancer:前列腺癌,TREATMENT
SnvFull:PLAG1-p.Y54F,Genesymbol:PLAG1,HAS_GENE
CancerCell:FGFR2-TACC3-黑色素瘤,Fusion:FGFR2-TACC3,HAS_VAR
Genesymbol:FGFR1,Genesymbol:FGFR1,IS_A
CancerCell:FLT3-p.F691L-未成熟AML,SnvFull:FLT3-p.F691L,HAS_VAR
CancerCell:BRAF-p.V600M;BRAF-p.V600E-黏膜黑色素瘤,SnvFull:BRAF-p.V600M,HAS_VAR
CancerCell:VHL-p.T133N-肾嗜酸细胞瘤,Cancer:肾嗜酸细胞瘤,ORIGINATED_FROM
CancerCell:VHL-inact-非透明细胞肾癌,Drug:索拉非尼,SENSITIVITY_TO
Genesymbol:BCL9,Cancer:胃腺癌,DRIVING_TO
CancerCell:ALK-p.L1196M;.-ALK-小细胞肺癌,Cancer:小细胞肺癌,ORIGINATED_FROM
SnvFull:CARD11-p.N452S,Genesymbol:CARD11,HAS_GENE
SnvFull:EGFR-p.R681K,Genesymbol:EGFR,HAS_GENE
Drug:克唑替尼,Genesymbol:MET,INHIBITION_TO
CancerCell:ERBB2-p.D769Y-食管/胃癌,Drug:奈拉替尼,RESISTANCE_TO
CancerCell:ALK-p.V1180L-肺腺鳞癌,Drug:塞瑞替尼,SENSITIVITY_TO
CancerCell:ERBB2-Amp;ERBB2-p.E401G-肺癌,Cancer:肺癌,ORIGINATED_FROM
CancerCell:ROS1-p.L2086F;CD74-ROS1-肺淋巴上皮瘤样癌,Cancer:肺淋巴上皮瘤样癌,ORIGINATED_FROM
ClinicalTrial:NCT02216149,Cancer:小肠癌,INCLUDE_A
Drug:博来霉素,Cancer:皮肤癌,TREATMENT
CancerCell:BRAF-p.G469R-非小细胞肺癌,SnvFull:BRAF-p.G469R,HAS_VAR
CancerCell:MET-skipping_mut;MET-p.D1228N-乳头肿瘤,SnvFull:MET-p.D1228N,HAS_VAR
CancerCell:BRAF-p.G466V-大细胞肺癌,SnvFull:BRAF-p.G466V,HAS_VAR
CancerCell:EGFR-p.E709_T710delinsD-肺基底细胞样大细胞癌,SnvFull:EGFR-p.E709_T710delinsD,HAS_VAR
CancerCell:CSF1R-p.W450_E456del-星形细胞瘤,Cancer:星形细胞瘤,ORIGINATED_FROM
Drug:obatoclax,Genesymbol:BCL2L1,INHIBITION_TO
CancerCell:FGFR2-CLIP1-盆腔肿瘤,Cancer:盆腔肿瘤,ORIGINATED_FROM
CancerCell:EGFR-p.T790M-非粘液性肺腺癌,Drug:U3-1402,SENSITIVITY_TO
Drug:ABT-737,Genesymbol:BCL2L1,INHIBITION_TO
CancerCell:EGFR-p.L861R;EGFR-p.G719A-宫颈内腺癌,SnvFull:EGFR-p.G719A,HAS_VAR
Drug:belizatinib,Genesymbol:NTRK1,INHIBITION_TO
ClinicalTrial:NCT01122199,Cancer:原发灶不明癌,INCLUDE_A
CancerCell:MET-skipping_mut;MET-p.D1228N-食管癌,SnvFull:MET-p.D1228N,HAS_VAR
CancerCell:ALK-p.L1198F;.-ALK-肾癌,SnvFull:ALK-p.L1198F,HAS_VAR
CancerCell:PTEN-p.R173C;BRAF-p.V600E-结直肠黏液腺癌,SnvFull:PTEN-p.R173C,HAS_VAR
ClinicalTrial:NCT00397384,Cancer:口腔癌,INCLUDE_A
CancerCell:EGFR-p.E709_T710delinsD-肺纤毛黏液结节性乳头状肿瘤,Drug:达可替尼,SENSITIVITY_TO
CancerCell:FGFR2-p.E566G-鞍区肿瘤,SnvFull:FGFR2-p.E566G,HAS_VAR
CancerCell:ALK-p.I1171T-肺黏液表皮样癌,SnvFull:ALK-p.I1171T,HAS_VAR
CancerCell:BRAF-p.D594N-鞍区肿瘤,Cancer:鞍区肿瘤,ORIGINATED_FROM
CancerCell:ERBB2-Amp;ERBB2-p.E401G-肾癌,Cancer:肾癌,ORIGINATED_FROM
CancerCell:MET-skipping_mut;MET-p.D1228N-乳腺癌,SnvFull:MET-p.D1228N,HAS_VAR
SnvFull:NBEA-p.Q1949L,Genesymbol:NBEA,HAS_GENE
Drug:mirvetuximab soravtansine,Cancer:输卵管癌,TREATMENT
Drug:贝伐珠单抗,Cancer:卵巢上皮肿瘤,TREATMENT
Drug:CHIR99021,Genesymbol:GSK3B,INHIBITION_TO
CancerCell:FGFR2-TACC3-腺泡状横纹肌肉瘤,Fusion:FGFR2-TACC3,HAS_VAR
CancerCell:ALK-p.L1196M;.-ALK-软组织肿瘤,Fusion:.-ALK,HAS_VAR
Genesymbol:PRKAR1A,Cancer:髓母细胞瘤,DRIVING_TO
CancerCell:FGFR2-TACC3-T淋巴细胞白血病/淋巴瘤,Fusion:FGFR2-TACC3,HAS_VAR
CancerCell:BRAF-p.D594N-巨细胞肺癌,SnvFull:BRAF-p.D594N,HAS_VAR
CancerCell:EGFR-p.V834L;EGFR-p.L858R-巨细胞肺癌,SnvFull:EGFR-p.V834L,HAS_VAR
Genesymbol:NF1,Cancer:毛细胞型星形细胞瘤,DRIVING_TO
Genesymbol:TBXT,GeneticDisease:家族聚集性脊索瘤,CAUSE_TO
Drug:EGFR-targeted and doxorubicin-loaded EDV,Genesymbol:EGFR,INHIBITION_TO
CancerCell:BRAF-p.T599K;ERBB2-High_exp-乳腺癌(HER2阳性),Cancer:乳腺癌(HER2阳性),ORIGINATED_FROM
CancerCell:PIK3CA-p.H1047R-卵巢透明细胞肿瘤,Cancer:卵巢透明细胞肿瘤,ORIGINATED_FROM
CancerCell:MET-p.D1230N-鞍区肿瘤,Cancer:鞍区肿瘤,ORIGINATED_FROM
CancerCell:FLT3-p.F691L-急性巨核细胞白血病,Drug:舒尼替尼,SENSITIVITY_TO
CancerCell:PTEN-p.R173C;BRAF-p.V600E-原位结肠腺癌,SnvFull:PTEN-p.R173C,HAS_VAR
ClinicalTrial:CTR20131232,Cancer:胰腺癌,INCLUDE_A
CancerCell:ALK-p.L1198F;.-ALK-血管瘤样纤维组织细胞瘤,Fusion:.-ALK,HAS_VAR
Genesymbol:ERBB2,Cancer:胃腺癌,DRIVING_TO
CancerCell:MET-skipping_mut;MET-p.L1195V-宫颈癌,Cancer:宫颈癌,ORIGINATED_FROM
CancerCell:ERBB2-Amp;ERBB2-p.E401G-小细胞肺癌,Cancer:小细胞肺癌,ORIGINATED_FROM
SnvFull:FGFR1-p.M128T,Genesymbol:FGFR1,HAS_GENE
CancerCell:ALK-p.G1269A;.-ALK-非粘液性肺腺癌,Drug:阿来替尼,SENSITIVITY_TO
Drug:TAE684,Genesymbol:ALK,INHIBITION_TO
CancerCell:FLT3-p.F691L-纯红系白血病,Drug:舒尼替尼,SENSITIVITY_TO
ClinicalTrial:CTR20221708,Cancer:非小细胞肺癌,INCLUDE_A
CancerCell:ALK-p.C1156Y;.-ALK-腺泡状横纹肌肉瘤,Fusion:.-ALK,HAS_VAR
SnvFull:PLAG1-p.R138G,Genesymbol:PLAG1,HAS_GENE
CancerCell:EGFR-p.T790M-肺涎腺型肿瘤,Drug:U3-1402,SENSITIVITY_TO
CancerCell:MET-skipping_mut;MET-p.L1195V-宫颈内腺癌,Cancer:宫颈内腺癌,ORIGINATED_FROM
CancerCell:ALK-p.C1156Y;.-ALK-盆腔肿瘤,Cancer:盆腔肿瘤,ORIGINATED_FROM
CancerCell:ALK-p.L1196M-巨细胞肺癌,Drug:克唑替尼,RESISTANCE_TO
CancerCell:ALK-p.G1202R;.-ALK-胰腺神经内分泌瘤,Fusion:.-ALK,HAS_VAR
Drug:曲妥珠单抗,Genesymbol:ERBB2,INHIBITION_TO
Genesymbol:MET,Cancer:肾透明细胞癌,DRIVING_TO
CancerCell:JAK2-p.V617F-腺样囊性癌,Cancer:腺样囊性癌,ORIGINATED_FROM
CancerCell:ALK-p.I1171S-肺腺鳞癌,Drug:恩沙替尼,SENSITIVITY_TO
GeneticDisease:Bloom综合征,Cancer:乳腺癌,DEVELOP_TO
CancerCell:BRAF-p.D594N-原发性骨髓纤维化,SnvFull:BRAF-p.D594N,HAS_VAR
CancerCell:CSF1R-p.Y546_K551del-小细胞肺癌,SnvFull:CSF1R-p.Y546_K551del,HAS_VAR
CancerCell:KRAS-p.G12C-结直肠腺癌,Drug:IBI351,SENSITIVITY_TO
CancerCell:ALK-p.L1196M;.-ALK-胰腺神经内分泌瘤,Fusion:.-ALK,HAS_VAR
CancerCell:CSF1R-p.W450_E456del-子宫内膜癌,Cancer:子宫内膜癌,ORIGINATED_FROM
CancerCell:EGFR-exon19del-非鳞状非小细胞肺癌,Drug:厄洛替尼,SENSITIVITY_TO
Genesymbol:CYLD,GeneticDisease:家族性圆柱瘤,CAUSE_TO
CancerCell:CSF1R-p.W450_E456del-肺癌,Cancer:肺癌,ORIGINATED_FROM
Genesymbol:TP53,CancerAlias:肛门癌,DRIVING_TO
Drug:达沙替尼,Drug:达沙替尼,IS_A
CancerCell:FGFR3-TACC3-血管瘤样纤维组织细胞瘤,Fusion:FGFR3-TACC3,HAS_VAR
CancerCell:EGFR-p.E709V;EGFR-p.L858R-肺透明细胞癌,Drug:吉非替尼,SENSITIVITY_TO
Genesymbol:BRAF,Cancer:结直肠腺癌,DRIVING_TO
Drug:bexarotene,Cancer:T淋巴细胞白血病/淋巴瘤,TREATMENT
CancerCell:.-ALK-肺腺鳞癌,Drug:CT-707,SENSITIVITY_TO
Drug:贝福替尼,Genesymbol:EGFR,INHIBITION_TO
CancerCell:FGFR2-.-肝内胆管癌,Drug:infigratinib,SENSITIVITY_TO
CancerCell:ALK-p.G1269A;.-ALK-肺类癌,SnvFull:ALK-p.G1269A,HAS_VAR
CancerCell:ALK-p.C1156Y;.-ALK-肺腺鳞癌,Drug:洛拉替尼,SENSITIVITY_TO
Drug:abivertinib,Genesymbol:EGFR,INHIBITION_TO
Genesymbol:FBXW7,Cancer:结直肠腺癌,DRIVING_TO
Drug:卡培他滨,CancerAlias:结直肠癌,TREATMENT
CancerCell:ALK-p.L1196M;.-ALK-星形细胞瘤,Cancer:星形细胞瘤,ORIGINATED_FROM
Drug:belinostat,Genesymbol:HDAC4,INHIBITION_TO
CancerCell:FGFR2-TACC3-软组织肿瘤,Cancer:软组织肿瘤,ORIGINATED_FROM
CancerCell:FLT3-p.D835E-骨髓瘤,Drug:索拉非尼,RESISTANCE_TO
Drug:avelumab,Cancer:肾细胞癌,TREATMENT
CancerCell:FGFR2-SKI-黑色素瘤,Fusion:FGFR2-SKI,HAS_VAR
CancerCell:BRAF-p.Y472C-肺梭形细胞癌,SnvFull:BRAF-p.Y472C,HAS_VAR
CancerCell:FGFR2-SHTN1-血管瘤样纤维组织细胞瘤,Cancer:血管瘤样纤维组织细胞瘤,ORIGINATED_FROM
CancerCell:FLT3-p.D835Y-腺样囊性癌,SnvFull:FLT3-p.D835Y,HAS_VAR
Drug:卡莫司汀,Cancer:室管膜肿瘤,TREATMENT
CancerCell:BRAF-p.G466V-肺横纹肌样表型大细胞癌,Drug:维莫非尼,RESISTANCE_TO
CancerCell:EGFR-p.E709A;EGFR-p.G719A-肺透明细胞癌,SnvFull:EGFR-p.G719A,HAS_VAR
CancerCell:CSF1R-p.Y546_K551del-腺样囊性癌,SnvFull:CSF1R-p.Y546_K551del,HAS_VAR
Drug:可待因,Genesymbol:OPRM1,ACTIVATION_TO
Drug:merestinib,Genesymbol:DDR2,INHIBITION_TO
CancerCell:ALK-p.L1196M;.-ALK-宫颈癌,SnvFull:ALK-p.L1196M,HAS_VAR
Drug:X-376,Genesymbol:ALK,INHIBITION_TO
Genesymbol:ARID1A,Cancer:胶质母细胞瘤,DRIVING_TO
GeneticDisease:RAPADILINO综合征,Cancer:血液肿瘤,DEVELOP_TO
Drug:卡莫司汀,Cancer:脑部恶性肿瘤,TREATMENT
CancerCell:BRAF-p.Y472C-肺纤毛黏液结节性乳头状肿瘤,Drug:达沙替尼,SENSITIVITY_TO
CancerCell:BRAF-p.T599K-乳腺交界性叶状肿瘤,SnvFull:BRAF-p.T599K,HAS_VAR
CancerCell:ALK-p.G1202R;.-ALK-胰腺癌,Cancer:胰腺癌,ORIGINATED_FROM
Genesymbol:FGFR1,Cancer:髓母细胞瘤,DRIVING_TO
Genesymbol:HIP1,Cancer:髓母细胞瘤,DRIVING_TO
GeneticDisease:Bloom综合征,Cancer:喉癌,DEVELOP_TO
Drug:rociletinib,Drug:rociletinib,IS_A
CancerCell:VHL-inact-未分类的肾细胞癌,Drug:舒尼替尼,SENSITIVITY_TO
CancerCell:ALK-p.C1156Y;.-ALK-胰腺神经内分泌瘤,Fusion:.-ALK,HAS_VAR
CancerCell:VHL-p.T133N-肾嗜酸细胞瘤,SnvFull:VHL-p.T133N,HAS_VAR
CancerCell:EGFR-p.E709_T710delinsD-肺腺癌,Drug:达可替尼,SENSITIVITY_TO
CancerCell:BRAF-p.G469V-鳞状非小细胞肺癌,SnvFull:BRAF-p.G469V,HAS_VAR
CancerCell:ALK-p.L1198F;.-ALK-乳头肿瘤,Cancer:乳头肿瘤,ORIGINATED_FROM
CancerCell:ALK-p.F1174V-肺基底细胞样大细胞癌,Drug:阿来替尼,SENSITIVITY_TO
CancerCell:VHL-inact-未分类的肾细胞癌,Drug:索拉非尼,SENSITIVITY_TO
ClinicalTrial:NCT04257461,Cancer:小肠癌,INCLUDE_A
CancerCell:CSF1R-p.Y546_K551del-星形细胞瘤,SnvFull:CSF1R-p.Y546_K551del,HAS_VAR
SnvFull:CARD11-p.K550N,Genesymbol:CARD11,HAS_GENE
CancerCell:EGFR-p.S768I;EGFR-p.V774M-肺纤毛黏液结节性乳头状肿瘤,SnvFull:EGFR-p.V774M,HAS_VAR
CancerCell:KRAS-act-结直肠腺癌,Drug:瑞戈非尼,SENSITIVITY_TO
CancerCell:EGFR-p.E709G;EGFR-p.L858R-肺基底细胞样大细胞癌,Drug:厄洛替尼,SENSITIVITY_TO
GeneticDisease:WHIM综合征,Cancer:宫颈癌,DEVELOP_TO
GeneticDisease:WHIM综合征,Cancer:外阴/阴道癌,DEVELOP_TO
GeneticDisease:Li-Fraumeni综合征,Cancer:脂肪肿瘤,DEVELOP_TO
Drug:阿帕替尼,Cancer:胃癌,TREATMENT
Genesymbol:XIAP,GeneticDisease:X-连锁淋巴细胞异常增生症,CAUSE_TO
CancerCell:BRAF-p.D594N-小细胞胆囊癌,SnvFull:BRAF-p.D594N,HAS_VAR
Drug:212Pb-TCMC-Trastuzumab,Genesymbol:ERBB2,INHIBITION_TO
Drug:硼替佐米,Cancer:骨髓瘤,TREATMENT
CancerCell:BRAF-p.V600E-甲状腺癌,SnvFull:BRAF-p.V600E,HAS_VAR
CancerCell:NRAS-p.Q61-黏膜黑色素瘤,Drug:RO5126766,SENSITIVITY_TO
CancerCell:JAK2-p.V617F-乳腺癌,Cancer:乳腺癌,ORIGINATED_FROM
CancerCell:NRAS-p.Q61-恶性雀斑样痣黑色素瘤,Drug:RO5126766,SENSITIVITY_TO
Drug:帕博利珠单抗,Cancer:食管胃结合部腺癌,TREATMENT
SnvFull:AIRE-p.*546Sext*?,Genesymbol:AIRE,HAS_GENE
CancerCell:KRAS-wildtype-结肠癌,Drug:呋喹替尼,SENSITIVITY_TO
Drug:尼拉帕利,Cancer:卵巢癌,TREATMENT
CancerCell:ERBB2-Amp;ERBB2-p.E401G-腺样囊性癌,Cancer:腺样囊性癌,ORIGINATED_FROM
CancerCell:FGFR2-p.H167_N173del-胆道癌,Drug:debio 1347,SENSITIVITY_TO
CancerCell:ALK-p.I1171T-肺癌,Drug:阿来替尼,RESISTANCE_TO
CancerCell:ALK-p.L1196M;.-ALK-子宫内膜癌,SnvFull:ALK-p.L1196M,HAS_VAR
Genesymbol:IKZF3,Cancer:慢性淋巴细胞白血病/小淋巴细胞淋巴瘤,DRIVING_TO
Drug:伊马替尼,Genesymbol:KIT,INHIBITION_TO
CancerCell:CSF1R-p.W450_E456del-卵巢癌,SnvFull:CSF1R-p.W450_E456del,HAS_VAR
CancerCell:MET-skipping_mut;MET-p.L1195V-乳腺癌,SnvFull:MET-p.L1195V,HAS_VAR
CancerCell:MET-skipping_mut;MET-p.D1228N-宫颈癌,Cancer:宫颈癌,ORIGINATED_FROM
CancerCell:ROS1-p.L2026M-肺部炎性肌纤维母细胞瘤,SnvFull:ROS1-p.L2026M,HAS_VAR
CancerCell:FGFR2-TACC3-软组织肿瘤,Fusion:FGFR2-TACC3,HAS_VAR
CancerCell:KRAS-wildtype;BRAF-p.V600E-胰腺癌,SnvFull:BRAF-p.V600E,HAS_VAR
Drug:AG-881,Genesymbol:IDH1,INHIBITION_TO
CancerCell:EGFR-p.I759M;EGFR-p.L858R-非小细胞肺癌,SnvFull:EGFR-p.I759M,HAS_VAR
Drug:vorasidenib,Genesymbol:IDH1,INHIBITION_TO
CancerCell:FGFR2-CLIP1-皮肤癌,Fusion:FGFR2-CLIP1,HAS_VAR
Drug:lestaurtinib,Genesymbol:FLT3,INHIBITION_TO
Drug:曲氟尿苷替匹嘧啶,CancerAlias:结直肠癌,TREATMENT
CancerCell:MAP2K1-p.Q56_V60del-卵巢癌,Drug:selumetinib,SENSITIVITY_TO
Genesymbol:GTF2I,Cancer:胸腺癌,DRIVING_TO
Drug:德曲妥珠单抗,Cancer:胃癌,TREATMENT
Drug:vandetanib,Drug:vandetanib,IS_A
CancerCell:MET-skipping_mut;MET-p.L1195V-肺腺癌,SnvFull:MET-p.L1195V,HAS_VAR
CancerCell:KIT-p.D816V-子宫平滑肌肉瘤,Cancer:子宫平滑肌肉瘤,ORIGINATED_FROM
CancerCell:MET-p.D1230N-小细胞胆囊癌,CancerAlias:小细胞胆囊癌,ORIGINATED_FROM
Drug:甲泼尼龙,Cancer:淋巴瘤,TREATMENT
GeneticDisease:家族性副神经节瘤,Cancer:中枢神经系统/脑部肿瘤,DEVELOP_TO
Drug:苯达莫司汀,Cancer:非霍奇金淋巴瘤,TREATMENT
Drug:NVP-TNKS656,Genesymbol:TNKS,INHIBITION_TO
Genesymbol:BRAF,Cancer:高级别胶质瘤，非特定,DRIVING_TO
Drug:尼洛替尼,Genesymbol:DDR2,INHIBITION_TO
CancerCell:.-ALK-肺腺鳞癌,Drug:布格替尼,SENSITIVITY_TO
SnvFull:AKT1-p.A304T,Genesymbol:AKT1,HAS_GENE
ClinicalTrial:NCT00004895,Cancer:小肠癌,INCLUDE_A
Drug:可待因,Genesymbol:OPRD1,ACTIVATION_TO
ClinicalTrial:CTR20221475,Cancer:前列腺癌,INCLUDE_A
Drug:贝伐珠单抗,Cancer:腹膜癌,TREATMENT
Drug:阿比特龙,Cancer:前列腺癌,TREATMENT
CancerCell:EGFR-p.V834L;EGFR-p.L858R-大细胞肺癌,Cancer:大细胞肺癌,ORIGINATED_FROM
Drug:己烯雌酚,Cancer:乳腺癌,TREATMENT
CancerCell:ALK-p.G1269A;.-ALK-胸膜肺母细胞瘤,SnvFull:ALK-p.G1269A,HAS_VAR
CancerCell:BRAF-p.G469V-肺梭形细胞癌,SnvFull:BRAF-p.G469V,HAS_VAR
CancerCell:ALK-p.L1196M-肺横纹肌样表型大细胞癌,SnvFull:ALK-p.L1196M,HAS_VAR
ClinicalTrial:NCT01125046,Cancer:脑膜瘤,INCLUDE_A
CancerCell:EGFR-exon19del;RUFY2-RET-肺淋巴上皮瘤样癌,Fusion:RUFY2-RET,HAS_VAR
Drug:吡柔比星,Cancer:卵巢癌,TREATMENT
Drug:特瑞普利单抗,Cancer:非鳞状非小细胞肺癌,TREATMENT
Drug:AZD0466,Genesymbol:BCL2L1,INHIBITION_TO
CancerCell:EGFR-exon19del;KIF5B-RET-肺淋巴上皮瘤样癌,Cancer:肺淋巴上皮瘤样癌,ORIGINATED_FROM
Drug:ponatinib,Genesymbol:SRC,INHIBITION_TO
CancerCell:EGFR-p.S768I;EGFR-p.V774M-肺基底细胞样大细胞癌,SnvFull:EGFR-p.V774M,HAS_VAR
GeneticDisease:家族性副神经节瘤,Cancer:甲状腺癌,DEVELOP_TO
Drug:M701,Genesymbol:CD3E,INHIBITION_TO
CancerCell:ALK-p.C1156Y-肺基底细胞样大细胞癌,Drug:洛拉替尼,SENSITIVITY_TO
ClinicalTrial:CTR20221666,Cancer:前列腺癌,INCLUDE_A
CancerCell:PDGFRA-p.N659K-子宫平滑肌肉瘤,SnvFull:PDGFRA-p.N659K,HAS_VAR
CancerCell:MAP2K1-p.C121S;BRAF-p.V600E-黑色素瘤,SnvFull:MAP2K1-p.C121S,HAS_VAR
CancerCell:EGFR-p.V834L;EGFR-p.L858R-非小细胞肺癌,SnvFull:EGFR-p.V834L,HAS_VAR
CancerCell:EGFR-p.L861R;EGFR-p.R776G-非小细胞肺癌,SnvFull:EGFR-p.L861R,HAS_VAR
CancerCell:NRAS-p.G12-肢端黑色素瘤,Drug:仑伐替尼,SENSITIVITY_TO
CancerCell:ERBB2-Amp;ERBB2-p.E401G-宫颈内腺癌,SnvFull:ERBB2-p.E401G,HAS_VAR
CancerCell:ALK-p.V1180L;.-ALK-鳞状非小细胞肺癌,Drug:布格替尼,SENSITIVITY_TO
CancerCell:ALK-p.L1196M;.-ALK-肾癌,SnvFull:ALK-p.L1196M,HAS_VAR
Drug:德曲妥珠单抗,Cancer:乳腺癌,TREATMENT
CancerCell:FGFR2-CLIP1-血管瘤样纤维组织细胞瘤,Cancer:血管瘤样纤维组织细胞瘤,ORIGINATED_FROM
Drug:disulfiram,Genesymbol:MGMT,INHIBITION_TO
Drug:阿糖胞苷,Cancer:淋巴瘤,TREATMENT
Drug:舒沃替尼,Genesymbol:ERBB2,INHIBITION_TO
ClinicalTrial:CTR20130169,Cancer:前列腺癌,INCLUDE_A
ClinicalTrial:CTR20211998,Cancer:肺癌,INCLUDE_A
CancerCell:FLT3-p.D835Y-腺样囊性癌,Cancer:腺样囊性癌,ORIGINATED_FROM
Genesymbol:ZNRF3,CancerAlias:肾上腺皮质癌,DRIVING_TO
CancerCell:FLT3-p.D835Y-食管癌,Cancer:食管癌,ORIGINATED_FROM
CancerCell:EGFR-p.E709_T710delinsD-鳞状非小细胞肺癌,Drug:达可替尼,SENSITIVITY_TO
CancerCell:VHL-inact-未分类的肾细胞癌,Drug:依维莫司,SENSITIVITY_TO
CancerCell:EGFR-p.E709A;EGFR-p.G719A-肺淋巴上皮瘤样癌,Drug:阿法替尼,SENSITIVITY_TO
CancerCell:MAP2K1-p.L98_K104delinsQ-骨髓瘤,SnvFull:MAP2K1-p.L98_K104delinsQ,HAS_VAR
CancerCell:FGFR2-SHTN1-软组织肿瘤,Fusion:FGFR2-SHTN1,HAS_VAR
Drug:AZ1366,Genesymbol:TNKS,INHIBITION_TO
CancerCell:ALK-p.L1196M;.-ALK-T淋巴细胞白血病/淋巴瘤,Fusion:.-ALK,HAS_VAR
CancerCell:BRAF-p.G596V-肺涎腺型肿瘤,Drug:维莫非尼,SENSITIVITY_TO
Genesymbol:TCF7L2,Cancer:结直肠腺癌,DRIVING_TO
CancerCell:FLT3-p.F691L-未成熟AML,Drug:舒尼替尼,SENSITIVITY_TO
CancerCell:ALK-p.V1180L;.-ALK-肺梭形细胞癌,SnvFull:ALK-p.V1180L,HAS_VAR
Genesymbol:FBXW7,Cancer:食管癌,DRIVING_TO
CancerCell:VHL-p.T133N-肾癌,Drug:舒尼替尼,SENSITIVITY_TO
Drug:AD80,Genesymbol:RET,INHIBITION_TO
Drug:达拉非尼,Genesymbol:BRAF,INHIBITION_TO
Genesymbol:NIN,Cancer:间皮瘤,DRIVING_TO
CancerCell:ROS1-p.L2026M-肺腺样囊性癌,SnvFull:ROS1-p.L2026M,HAS_VAR
CancerCell:ALK-p.L1196M-分化差的非小细胞肺癌,Drug:克唑替尼,RESISTANCE_TO
GeneticDisease:Bloom综合征,Cancer:胃癌,DEVELOP_TO
CancerCell:PTEN-p.R173C;BRAF-p.V600E-盲肠癌,SnvFull:PTEN-p.R173C,HAS_VAR
SnvFull:PTPRD-p.K1102M,Genesymbol:PTPRD,HAS_GENE
CancerCell:POMK-NRG1-结肠腺癌,Drug:阿法替尼,SENSITIVITY_TO
CancerCell:ALK-p.L1198F;.-ALK-胰腺癌,SnvFull:ALK-p.L1198F,HAS_VAR
Drug:WX-037,Genesymbol:PIK3CA,INHIBITION_TO
CancerCell:PTEN-inact-子宫未分化癌,Drug:奥拉帕利,SENSITIVITY_TO
CancerCell:EGFR-p.E709A;EGFR-p.G719A-非粘液性肺腺癌,Drug:阿法替尼,SENSITIVITY_TO
CancerCell:EGFR-p.T790M-肺腺癌,SnvFull:EGFR-p.T790M,HAS_VAR
CancerCell:ALK-p.L1198F;.-ALK-星形细胞瘤,Cancer:星形细胞瘤,ORIGINATED_FROM
Drug:托泊替康,Cancer:卵巢癌,TREATMENT
Drug:VMD-928,Genesymbol:NTRK1,INHIBITION_TO
CancerCell:ROS1-p.L2026M-肺淋巴上皮瘤样癌,SnvFull:ROS1-p.L2026M,HAS_VAR
CancerCell:NRAS-wildtype;KRAS-wildtype;BRAF-wildtype-结直肠腺癌,Drug:西妥昔单抗,SENSITIVITY_TO
SnvFull:AIRE-p.D41E,Genesymbol:AIRE,HAS_GENE
ClinicalTrial:CTR20190329,Cancer:腹膜癌,INCLUDE_A
Drug:曲妥珠单抗（HLX02）,Cancer:胃癌,TREATMENT
CancerCell:PIK3CA-p.H1047R-卵巢透明细胞肿瘤,SnvFull:PIK3CA-p.H1047R,HAS_VAR
CancerCell:EGFR-p.E709A;EGFR-p.G719A-肺基底细胞样大细胞癌,Drug:阿法替尼,SENSITIVITY_TO
Genesymbol:HRAS,Genesymbol:MAP2K2,POSITIVE_REGULATED
GeneticDisease:Baller-Gerold综合征,Cancer:淋巴癌,DEVELOP_TO
CancerCell:FGFR2-TACC3-胆管癌,Drug:ponatinib,SENSITIVITY_TO
Cancer:胃癌,Cancer:胃癌,IS_A
CancerCell:ALK-p.L1196M-分化差的非小细胞肺癌,SnvFull:ALK-p.L1196M,HAS_VAR
CancerCell:ALK-p.L1198F;.-ALK-乳腺癌,SnvFull:ALK-p.L1198F,HAS_VAR
ClinicalTrial:NCT04231981,Cancer:阴茎癌,INCLUDE_A
CancerCell:TP53-inact-Brenner肿瘤,Drug:APR-246,SENSITIVITY_TO
CancerCell:ALK-p.G1202R;.-ALK-小细胞肺癌,SnvFull:ALK-p.G1202R,HAS_VAR
GeneticDisease:Alagille综合征,Cancer:肝癌,DEVELOP_TO
CancerCell:NTRK1-p.G667C-原位结肠腺癌,Drug:恩曲替尼,RESISTANCE_TO
Drug:PLB1003,Genesymbol:ALK,INHIBITION_TO
SnvFull:NBEA-p.A2614T,Genesymbol:NBEA,HAS_GENE
CancerCell:KIT-exon9act-软组织肿瘤,Drug:舒尼替尼,SENSITIVITY_TO
Drug:博来霉素,Cancer:阴茎癌,TREATMENT
CancerCell:BRAF-p.D594N-子宫平滑肌肉瘤,Cancer:子宫平滑肌肉瘤,ORIGINATED_FROM
CancerCell:EGFR-p.E709A;EGFR-p.G719A-鳞状非小细胞肺癌,Drug:阿法替尼,SENSITIVITY_TO
CancerCell:BRAF-p.D594G-直肠癌,SnvFull:BRAF-p.D594G,HAS_VAR
CancerCell:ALK-p.L1196M;.-ALK-黑色素瘤,Fusion:.-ALK,HAS_VAR
CancerCell:ALK-p.F1245C-巨细胞肺癌,Drug:塞瑞替尼,SENSITIVITY_TO
Drug:ODM-203,Genesymbol:FGFR3,INHIBITION_TO
CancerCell:FLT3-p.I836D-骨髓瘤,Drug:索拉非尼,RESISTANCE_TO
Drug:恩沙替尼,Genesymbol:ALK,INHIBITION_TO
Drug:阿替利珠单抗,Cancer:非小细胞肺癌,TREATMENT
CancerCell:ALK-p.L1198F;.-ALK-宫颈内腺癌,SnvFull:ALK-p.L1198F,HAS_VAR
CancerCell:BRAF-p.G469V-肺透明细胞癌,SnvFull:BRAF-p.G469V,HAS_VAR
CancerCell:EGFR-p.L861R;EGFR-p.G719A-甲状腺癌,Cancer:甲状腺癌,ORIGINATED_FROM
CancerCell:FGFR2-CLIP1-炎性肌纤维母细胞瘤,Cancer:炎性肌纤维母细胞瘤,ORIGINATED_FROM
CancerCell:BRAF-p.G466V-巨细胞肺癌,Drug:维莫非尼,RESISTANCE_TO
Drug:奥拉帕利,Cancer:输卵管癌,TREATMENT
CancerCell:CSF1R-p.Y546_K551del-卵巢癌,SnvFull:CSF1R-p.Y546_K551del,HAS_VAR
Drug:rociletinib,Genesymbol:EGFR,INHIBITION_TO
CancerCell:ALK-p.C1156Y;.-ALK-血管瘤样纤维组织细胞瘤,Cancer:血管瘤样纤维组织细胞瘤,ORIGINATED_FROM
CancerCell:MET-skipping_mut;MET-p.D1228N-宫颈癌,SnvFull:MET-p.D1228N,HAS_VAR
Genesymbol:GTF2I,CancerAlias:肛门癌,DRIVING_TO
CancerCell:ALK-p.L1196M;.-ALK-肺癌,Cancer:肺癌,ORIGINATED_FROM
CancerCell:ALK-p.I1171T-肺癌,SnvFull:ALK-p.I1171T,HAS_VAR
CancerCell:FLT3-p.F691L-急性巨核细胞白血病,SnvFull:FLT3-p.F691L,HAS_VAR
SnvFull:PTPRD-p.T1086K,Genesymbol:PTPRD,HAS_GENE
CancerCell:CSF1R-p.Y546_K551del-食管癌,SnvFull:CSF1R-p.Y546_K551del,HAS_VAR
CancerCell:BRAF-p.V600E-高分化甲状腺癌,Drug:selumetinib,SENSITIVITY_TO
ClinicalTrial:CTR20221452,Cancer:非小细胞肺癌,INCLUDE_A
CancerCell:KIF5B-RET;EGFR-p.L858R-肺淋巴上皮瘤样癌,Cancer:肺淋巴上皮瘤样癌,ORIGINATED_FROM
CancerCell:EGFR-p.E709_T710delinsD-肺腺癌,SnvFull:EGFR-p.E709_T710delinsD,HAS_VAR
Drug:帕博利珠单抗,Cancer:食管癌,TREATMENT
CancerCell:EGFR-p.E709A;EGFR-p.G719A-肺涎腺型肿瘤,SnvFull:EGFR-p.G719A,HAS_VAR
Drug:plx7904,Genesymbol:BRAF,INHIBITION_TO
CancerCell:EGFR-p.L861R;EGFR-p.R776G-肺癌,SnvFull:EGFR-p.R776G,HAS_VAR
CancerCell:MAP2K1-p.C121S;BRAF-p.V600E-Spitz样黑色素瘤,SnvFull:MAP2K1-p.C121S,HAS_VAR
Genesymbol:RUNX1T1,Genesymbol:CEBPA,NEGATIVE_REGULATED
Genesymbol:FBXW7,Cancer:毛细胞型星形细胞瘤,DRIVING_TO
CancerCell:FGFR2-p.E566G-胰腺囊性肿瘤,SnvFull:FGFR2-p.E566G,HAS_VAR
CancerCell:CSF1R-p.W450_E456del-乳头肿瘤,SnvFull:CSF1R-p.W450_E456del,HAS_VAR
CancerCell:PIK3CA-act-子宫肿瘤,Drug:alpelisib,SENSITIVITY_TO
Genesymbol:FGFR1,Genesymbol:ABL1,SYNTHETIC_LETHALITY
CancerCell:EGFR-p.L858R;CTNNB1-act;EGFR-p.E709-非小细胞肺癌,Drug:阿法替尼,SENSITIVITY_TO
CancerCell:ERBB2-Amp;ERBB2-p.E401G-乳腺癌,Cancer:乳腺癌,ORIGINATED_FROM
CancerCell:CSF1R-p.Y546_K551del-肺腺癌,Cancer:肺腺癌,ORIGINATED_FROM
CancerCell:RET-p.M918T-甲状腺癌,Drug:依维莫司,SENSITIVITY_TO
CancerCell:FGFR2-Amp-肝内胆管癌,Drug:infigratinib,SENSITIVITY_TO
ClinicalTrial:NCT02186847,Cancer:原发灶不明癌,INCLUDE_A
Genesymbol:NF1,Cancer:低级别神经胶质瘤,DRIVING_TO
Drug:培唑帕尼,Genesymbol:FGFR1,INHIBITION_TO
CancerCell:ALK-p.G1202R;.-ALK-血管瘤样纤维组织细胞瘤,Fusion:.-ALK,HAS_VAR
CancerCell:ALK-p.L1196M;.-ALK-胰腺癌,Cancer:胰腺癌,ORIGINATED_FROM
CancerCell:MET-skipping_mut;MET-p.L1195V-卵巢癌,SnvFull:MET-p.L1195V,HAS_VAR
Drug:放线菌素D,Cancer:尤文氏肉瘤,TREATMENT
CancerCell:MAP2K1-p.Q56_V60del-卵巢浆液性癌,Drug:selumetinib,SENSITIVITY_TO
CancerCell:JAK2-p.V617F-食管癌,SnvFull:JAK2-p.V617F,HAS_VAR
Genesymbol:ROS1,Genesymbol:ROS1,IS_A
CancerCell:FGFR2-CLIP1-T淋巴细胞白血病/淋巴瘤,Cancer:T淋巴细胞白血病/淋巴瘤,ORIGINATED_FROM
CancerCell:BRAF-p.V600E-食管/胃癌,Drug:维莫非尼,SENSITIVITY_TO
SnvFull:EGFR-p.A750E,Genesymbol:EGFR,HAS_GENE
SnvFull:NBEA-p.E2486K,Genesymbol:NBEA,HAS_GENE
CancerCell:RET-p.M918T-甲状腺癌,Drug:索拉非尼,SENSITIVITY_TO
ClinicalTrial:NCT00955929,Cancer:阴茎癌,INCLUDE_A
CancerCell:MET-p.D1230N-巨细胞肺癌,Cancer:巨细胞肺癌,ORIGINATED_FROM
CancerCell:BRAF-p.V600M;BRAF-p.V600E-恶性雀斑样痣黑色素瘤,SnvFull:BRAF-p.V600M,HAS_VAR
SnvFull:PLAG1-p.T28S,Genesymbol:PLAG1,HAS_GENE
CancerCell:BRAF-p.G466V-肺鳞状细胞癌,Drug:维莫非尼,RESISTANCE_TO
CancerCell:PTEN-p.R173C;BRAF-p.V600E-结肠腺癌,SnvFull:PTEN-p.R173C,HAS_VAR
Genesymbol:BRAF,Cancer:胶质母细胞瘤,DRIVING_TO
SnvFull:PTPRD-p.W1729C,Genesymbol:PTPRD,HAS_GENE
CancerCell:ALK-p.G1202R;.-ALK-软组织肿瘤,Cancer:软组织肿瘤,ORIGINATED_FROM
CancerCell:BRAF-p.G469R-肺癌,Drug:索拉非尼,SENSITIVITY_TO
CancerCell:MAP2K1-p.C121S;BRAF-p.V600E-恶性雀斑样痣黑色素瘤,Cancer:恶性雀斑样痣黑色素瘤,ORIGINATED_FROM
Genesymbol:FBXW7,Cancer:鼻咽癌,DRIVING_TO
CancerCell:EGFR-p.S768I;EGFR-p.V774M-肺涎腺型肿瘤,SnvFull:EGFR-p.V774M,HAS_VAR
CancerCell:VHL-p.T133N-肾嫌色细胞癌,SnvFull:VHL-p.T133N,HAS_VAR
CancerCell:EGFR-p.V834L;EGFR-p.L858R-非鳞状非小细胞肺癌,SnvFull:EGFR-p.V834L,HAS_VAR
CancerCell:ALK-p.V1180L;.-ALK-肺多形性癌,Drug:布格替尼,SENSITIVITY_TO
CancerCell:RB1-p.H483Y-乳腺癌,Drug:哌柏西利,RESISTANCE_TO
CancerCell:ALK-p.L1198F;.-ALK-肝癌,SnvFull:ALK-p.L1198F,HAS_VAR
CancerCell:CSF1R-p.W450_E456del-肺癌,SnvFull:CSF1R-p.W450_E456del,HAS_VAR
CancerCell:BRAF-p.V600M;BRAF-p.V600E-促结缔组织增生性黑色素瘤,SnvFull:BRAF-p.V600E,HAS_VAR
CancerCell:EGFR-p.T790M-肺多形性癌,Drug:U3-1402,SENSITIVITY_TO
Drug:伊匹木单抗,Cancer:肾细胞癌,TREATMENT
CancerCell:CSF1R-p.W450_E456del-肾癌,SnvFull:CSF1R-p.W450_E456del,HAS_VAR
CancerCell:VHL-inact-非透明细胞肾癌,Drug:贝伐珠单抗,SENSITIVITY_TO
Drug:达拉非尼,Drug:达拉非尼,IS_A
CancerCell:FGFR2-SKI-血管瘤样纤维组织细胞瘤,Fusion:FGFR2-SKI,HAS_VAR
CancerCell:BRAF-p.G469V-肺透明细胞癌,Drug:索拉非尼,SENSITIVITY_TO
Drug:泊马度胺,Cancer:骨髓瘤,TREATMENT
CancerCell:FGFR2-TACC3-腺泡状横纹肌肉瘤,Cancer:腺泡状横纹肌肉瘤,ORIGINATED_FROM
CancerCell:FGFR2-p.F276C-胆管癌,Drug:培唑帕尼,SENSITIVITY_TO
CancerCell:PIK3CA-p.W1051*-子宫神经内分泌癌,Drug:依维莫司,SENSITIVITY_TO
CancerCell:ALK-p.G1269A;.-ALK-肺原位腺癌,SnvFull:ALK-p.G1269A,HAS_VAR
CancerCell:MAP2K1-p.L98_K104delinsQ-组织细胞和树突状细胞肿瘤,SnvFull:MAP2K1-p.L98_K104delinsQ,HAS_VAR
Genesymbol:BRAF,Cancer:肺腺癌,DRIVING_TO
CancerCell:MAP2K1-p.C121S;BRAF-p.V600E-皮肤黑色素瘤,Cancer:皮肤黑色素瘤,ORIGINATED_FROM
ClinicalTrial:CTR20171512,Cancer:腹膜癌,INCLUDE_A
CancerCell:NRAS-act-皮肤癌,Drug:binimetinib,SENSITIVITY_TO
CancerCell:ALK-p.L1198F;.-ALK-炎性肌纤维母细胞瘤,Cancer:炎性肌纤维母细胞瘤,ORIGINATED_FROM
CancerCell:KIT-p.D816V-巨细胞肺癌,SnvFull:KIT-p.D816V,HAS_VAR
GeneticDisease:半乳糖血症,Cancer:肝癌,DEVELOP_TO
Genesymbol:NSD1,Genesymbol:NSD1,IS_A
Drug:ponatinib,Genesymbol:ABL1,INHIBITION_TO
CancerCell:NRAS-p.Q61-原发灶不明黑色素瘤,Drug:RO5126766,SENSITIVITY_TO
SnvFull:PTPRD-p.R1181L,Genesymbol:PTPRD,HAS_GENE
GeneticDisease:牙关紧闭假屈曲指综合征,Cancer:心脏粘液瘤,DEVELOP_TO
GeneticDisease:Denys-Drash综合征,Cancer:睾丸癌,DEVELOP_TO
CancerCell:KIT-p.Y823D-软组织肿瘤,Drug:尼洛替尼,SENSITIVITY_TO
CancerCell:PIK3CA-act-子宫内膜样癌,Drug:apitolisib,SENSITIVITY_TO
CancerCell:MET-p.D1230N-鞍区肿瘤,SnvFull:MET-p.D1230N,HAS_VAR
Drug:埃克替尼,Genesymbol:EGFR,INHIBITION_TO
CancerCell:FGFR2-SKI-胰腺神经内分泌瘤,Cancer:胰腺神经内分泌瘤,ORIGINATED_FROM
CancerCell:ALK-p.L1198F;.-ALK-食管癌,Cancer:食管癌,ORIGINATED_FROM
CancerCell:ALK-p.C1156Y;.-ALK-胰腺神经内分泌瘤,Cancer:胰腺神经内分泌瘤,ORIGINATED_FROM
Drug:依维莫司,Cancer:胰腺神经内分泌瘤,TREATMENT
CancerCell:ALK-p.G1202R;.-ALK-皮肤癌,Fusion:.-ALK,HAS_VAR
CancerCell:BRAF-p.V600M;BRAF-p.V600E-恶性雀斑样痣黑色素瘤,SnvFull:BRAF-p.V600E,HAS_VAR
CancerCell:BRAF-p.G606E-盆腔肿瘤,SnvFull:BRAF-p.G606E,HAS_VAR
CancerCell:FGFR2-SKI-T淋巴细胞白血病/淋巴瘤,Fusion:FGFR2-SKI,HAS_VAR
CancerCell:BRAF-p.G469V-肺多形性癌,Drug:索拉非尼,SENSITIVITY_TO
ClinicalTrial:CTR20212727,Cancer:食管腺癌,INCLUDE_A
ClinicalTrial:CTR20150626,Cancer:胰腺癌,INCLUDE_A
CancerCell:ALK-p.L1196M;.-ALK-乳腺癌,Cancer:乳腺癌,ORIGINATED_FROM
Genesymbol:TCF7L2,Cancer:子宫内膜癌,DRIVING_TO
Drug:BPR1J373,Genesymbol:RET,INHIBITION_TO
GeneticDisease:Bloom综合征,CancerAlias:结直肠癌,DEVELOP_TO
CancerCell:KIT-exon11act-软组织肿瘤,Drug:伊马替尼,SENSITIVITY_TO
Drug:尼拉帕利,Cancer:输卵管癌,TREATMENT
CancerCell:BRAF-p.G469V-肺涎腺型肿瘤,SnvFull:BRAF-p.G469V,HAS_VAR
CancerCell:BRAF-p.G606E-胸膜癌,SnvFull:BRAF-p.G606E,HAS_VAR
CancerCell:FGFR2-p.E566G-盆腔肿瘤,SnvFull:FGFR2-p.E566G,HAS_VAR
CancerCell:MET-skipping_mut;MET-p.L1195V-胰腺癌,SnvFull:MET-p.L1195V,HAS_VAR
CancerCell:BRAF-p.G606E-巨细胞肺癌,Cancer:巨细胞肺癌,ORIGINATED_FROM
CancerCell:BRAF-p.T599K-乳腺实性乳头状癌,Cancer:乳腺实性乳头状癌,ORIGINATED_FROM
CancerCell:TP53-inact-Brenner肿瘤，恶性,Drug:APR-246,SENSITIVITY_TO
CancerCell:FGFR2-CLIP1-腺泡状横纹肌肉瘤,Cancer:腺泡状横纹肌肉瘤,ORIGINATED_FROM
SnvFull:FGFR1-p.Q337H,Genesymbol:FGFR1,HAS_GENE
CancerCell:PIK3CA-p.W1051*-子宫神经内分泌癌,SnvFull:PIK3CA-p.W1051*,HAS_VAR
CancerCell:MET-p.D1230N-胸膜癌,Cancer:胸膜癌,ORIGINATED_FROM
Drug:德曲妥珠单抗,Genesymbol:ERBB2,INHIBITION_TO
CancerCell:JAK2-p.V617F-宫颈内腺癌,SnvFull:JAK2-p.V617F,HAS_VAR
Drug:RO5126766,Genesymbol:BRAF,INHIBITION_TO
Genesymbol:PRKAR1A,CancerAlias:肾上腺皮质癌,DRIVING_TO
CancerCell:BRAF-p.D594N-原发性骨髓纤维化,Cancer:原发性骨髓纤维化,ORIGINATED_FROM
Drug:RO5212054,Genesymbol:BRAF,INHIBITION_TO
CancerCell:PIK3CA-p.W1051*-子宫腺鳞癌,Drug:依维莫司,SENSITIVITY_TO
CancerCell:MET-skipping_mut;MET-p.D1228N-甲状腺癌,Cancer:甲状腺癌,ORIGINATED_FROM
Drug:eluvixtamab,Genesymbol:CD3E,INHIBITION_TO
CancerCell:EGFR-exon19del;KIF5B-RET-肺淋巴上皮瘤样癌,Fusion:KIF5B-RET,HAS_VAR
CancerCell:BRAF-p.G469V-肺基底细胞样大细胞癌,Drug:索拉非尼,SENSITIVITY_TO
ClinicalTrial:CTR20221453,Cancer:前列腺癌,INCLUDE_A
Drug:瑞戈非尼,Genesymbol:FGFR3,INHIBITION_TO
Genesymbol:FBXW7,Cancer:宫颈鳞状细胞癌,DRIVING_TO
CancerCell:EGFR-p.E709A;EGFR-p.G719A-鳞状非小细胞肺癌,SnvFull:EGFR-p.G719A,HAS_VAR
CancerCell:ERBB2-Amp;ERBB2-p.E401G-肝癌,SnvFull:ERBB2-p.E401G,HAS_VAR
Genesymbol:BRAF,Genesymbol:EGFR,SYNTHETIC_LETHALITY
CancerCell:PGR-High_exp;ERBB2-Low_exp;PIK3CA-p.H1047R;ESR1-High_exp-乳腺癌(HR阳性，HER2阴性),SnvFull:PIK3CA-p.H1047R,HAS_VAR
CancerCell:ALK-p.G1202R;.-ALK-软组织肿瘤,Fusion:.-ALK,HAS_VAR
CancerCell:BRAF-p.G606E-巨细胞肺癌,SnvFull:BRAF-p.G606E,HAS_VAR
CancerCell:ALK-p.V1180L;.-ALK-肺腺鳞癌,Drug:布格替尼,SENSITIVITY_TO
CancerCell:FGFR3-TACC3-腺泡状横纹肌肉瘤,Fusion:FGFR3-TACC3,HAS_VAR
CancerCell:ALK-p.L1198F;.-ALK-肺癌,SnvFull:ALK-p.L1198F,HAS_VAR
CancerCell:EGFR-p.V834L;EGFR-p.L858R-肺鳞状细胞癌,Cancer:肺鳞状细胞癌,ORIGINATED_FROM
CancerCell:FGFR2-TACC3-盆腔肿瘤,Fusion:FGFR2-TACC3,HAS_VAR
GeneticDisease:Li-Fraumeni综合征,Cancer:血液肿瘤,DEVELOP_TO
Drug:吉非替尼,Genesymbol:ERBB2,INHIBITION_TO
Genesymbol:ERBB2,Cancer:膀胱癌,DRIVING_TO
CancerCell:ALK-p.L1196M;.-ALK-肝癌,SnvFull:ALK-p.L1196M,HAS_VAR
CancerCell:FGFR2-act-肝门部胆管癌,Drug:infigratinib,SENSITIVITY_TO
CancerCell:CSF1R-p.W450_E456del-食管癌,Cancer:食管癌,ORIGINATED_FROM
ClinicalTrial:CTR20140851,Cancer:肺癌,INCLUDE_A
CancerCell:MAP2K1-p.C121S;BRAF-p.V600E-恶性雀斑样痣黑色素瘤,SnvFull:MAP2K1-p.C121S,HAS_VAR
SnvFull:ZFHX3-p.A1861G,Genesymbol:ZFHX3,HAS_GENE
CancerCell:EGFR-p.E709V;EGFR-p.L858R-肺基底细胞样大细胞癌,SnvFull:EGFR-p.E709V,HAS_VAR
CancerCell:JAK2-p.V617F-肺腺癌,SnvFull:JAK2-p.V617F,HAS_VAR
CancerCell:FGFR2-SHTN1-胰腺神经内分泌瘤,Cancer:胰腺神经内分泌瘤,ORIGINATED_FROM
ClinicalTrial:CTR20201949,Cancer:阴茎癌,INCLUDE_A
CancerCell:CSF1R-p.Y546_K551del-子宫内膜癌,SnvFull:CSF1R-p.Y546_K551del,HAS_VAR
CancerCell:ALK-p.L1196M;.-ALK-肝癌,Cancer:肝癌,ORIGINATED_FROM
CancerCell:BRAF-p.D594N-巨细胞肺癌,Cancer:巨细胞肺癌,ORIGINATED_FROM
Genesymbol:EGFR,Cancer:高级别胶质瘤，非特定,DRIVING_TO
Drug:PBA2,Genesymbol:GSK3B,INHIBITION_TO
CancerCell:ALK-p.L1198F;.-ALK-血管瘤样纤维组织细胞瘤,Cancer:血管瘤样纤维组织细胞瘤,ORIGINATED_FROM
CancerCell:ALK-p.L1196M;.-ALK-盆腔肿瘤,Fusion:.-ALK,HAS_VAR
CancerCell:ERBB2-p.S310Y-非小细胞肺癌,Drug:阿法替尼,SENSITIVITY_TO
Drug:培唑帕尼,Drug:培唑帕尼,IS_A
SnvFull:AKT1-p.Q352R,Genesymbol:AKT1,HAS_GENE
Drug:普拉替尼,Cancer:甲状腺癌,TREATMENT
CancerCell:KIT-p.K642E-软组织肿瘤,Drug:伊马替尼,SENSITIVITY_TO
CancerCell:EZH2-p.A682G-淋巴瘤,Cancer:淋巴瘤,ORIGINATED_FROM
CancerCell:BRAF-p.V600-分化差的非小细胞肺癌,Drug:ulixertinib,SENSITIVITY_TO
Drug:BB-1701,Genesymbol:ERBB2,INHIBITION_TO
CancerCell:EGFR-p.S768I;EGFR-p.V774M-肺纤毛黏液结节性乳头状肿瘤,SnvFull:EGFR-p.S768I,HAS_VAR
CancerCell:KRAS-p.G12C-结直肠腺癌,Drug:sotorasib,SENSITIVITY_TO
CancerCell:ALK-p.L1196M;.-ALK-皮肤癌,Cancer:皮肤癌,ORIGINATED_FROM
CancerCell:MAP2K1-p.Q56_V60del-卵巢上皮肿瘤,SnvFull:MAP2K1-p.Q56_V60del,HAS_VAR
GeneticDisease:神经鞘瘤病,Cancer:神经鞘膜瘤,DEVELOP_TO
CancerCell:BRAF-p.Y472C-肺透明细胞癌,Drug:达沙替尼,SENSITIVITY_TO
CancerCell:FGFR2-SHTN1-盆腔肿瘤,Fusion:FGFR2-SHTN1,HAS_VAR
CancerCell:FGFR2-.-肝外胆管癌,Drug:infigratinib,SENSITIVITY_TO
SnvFull:PCDH17-p.M955T,Genesymbol:PCDH17,HAS_GENE
CancerCell:ERBB2-p.Y772_A775dup-分化差的非小细胞肺癌,Drug:吡咯替尼,SENSITIVITY_TO
CancerCell:MAP2K1-p.C121S;BRAF-p.V600E-肢端黑色素瘤,SnvFull:MAP2K1-p.C121S,HAS_VAR
CancerCell:PTEN-p.R173C;BRAF-p.V600E-直肠腺癌,Cancer:直肠腺癌,ORIGINATED_FROM
SnvFull:NBEA-p.A529T,Genesymbol:NBEA,HAS_GENE
CancerCell:FGFR2-p.P253R-头颈部肿瘤,Drug:培唑帕尼,SENSITIVITY_TO
CancerCell:ALK-p.V1180L;.-ALK-肺涎腺型肿瘤,SnvFull:ALK-p.V1180L,HAS_VAR
ClinicalTrial:CTR20140308,Cancer:肝癌,INCLUDE_A
SnvFull:PLAG1-p.L421S,Genesymbol:PLAG1,HAS_GENE
CancerCell:ERBB2-p.Y772_A775dup-鳞状非小细胞肺癌,Drug:poziotinib,SENSITIVITY_TO
CancerCell:BRAF-p.G606E-胰腺囊性肿瘤,SnvFull:BRAF-p.G606E,HAS_VAR
ClinicalTrial:NCT03771508,Cancer:小肠癌,INCLUDE_A
ClinicalTrial:CTR20201543,Cancer:肺癌,INCLUDE_A
Genesymbol:ERBB2,Cancer:结直肠腺癌,DRIVING_TO
ClinicalTrial:NCT00040859,Cancer:原发灶不明癌,INCLUDE_A
Drug:TRC253,Genesymbol:AR,INHIBITION_TO
CancerCell:ALK-p.C1156Y;.-ALK-T淋巴细胞白血病/淋巴瘤,Fusion:.-ALK,HAS_VAR
Genesymbol:EGFR,Cancer:非小细胞肺癌,DRIVING_TO
ClinicalTrial:CTR20221658,Cancer:非小细胞肺癌,INCLUDE_A
Genesymbol:ARID1A,Cancer:低级别神经胶质瘤,DRIVING_TO
CancerCell:PDGFRA-p.N659K-鞍区肿瘤,SnvFull:PDGFRA-p.N659K,HAS_VAR
CancerCell:BRAF-p.T599K-乳腺导管/小叶混合型癌,Cancer:乳腺导管/小叶混合型癌,ORIGINATED_FROM
Drug:vinflunine,Cancer:膀胱尿路上皮癌,TREATMENT
CancerCell:KIT-p.V654A-软组织肿瘤,Drug:瑞戈非尼,SENSITIVITY_TO
CancerCell:EGFR-p.T790M-肺透明细胞癌,Drug:U3-1402,SENSITIVITY_TO
CancerCell:EGFR-p.A767_V769dup-鳞状非小细胞肺癌,Drug:奥希替尼,SENSITIVITY_TO
SnvFull:PTPRD-p.P1329Q,Genesymbol:PTPRD,HAS_GENE
CancerCell:KRAS-wildtype;BRAF-p.V600E-胰腺癌,Drug:维莫非尼,SENSITIVITY_TO
SnvFull:EGFR-p.C240F,Genesymbol:EGFR,HAS_GENE
SnvFull:AKT1-p.P125S,Genesymbol:AKT1,HAS_GENE
CancerCell:EGFR-p.L861R;EGFR-p.G719A-乳腺癌,SnvFull:EGFR-p.L861R,HAS_VAR
CancerCell:JAK2-p.V617F-甲状腺癌,SnvFull:JAK2-p.V617F,HAS_VAR
CancerCell:FGFR2-CLIP1-胰腺神经内分泌瘤,Cancer:胰腺神经内分泌瘤,ORIGINATED_FROM
ClinicalTrial:CTR20130586,Cancer:肺癌,INCLUDE_A
Drug:temsirolimus,Cancer:肾细胞癌,TREATMENT
GeneticDisease:小儿巨脑畸形综合征,Cancer:肾上腺神经节细胞瘤,DEVELOP_TO
CancerCell:ALK-p.C1156Y;.-ALK-盆腔肿瘤,Fusion:.-ALK,HAS_VAR
Drug:PD-173074,Genesymbol:FGFR3,INHIBITION_TO
Genesymbol:NRAS,Genesymbol:BRAF,POSITIVE_REGULATED
Drug:达沙替尼,Genesymbol:PDGFRA,INHIBITION_TO
Genesymbol:APC,Genesymbol:TCF7L2,POSITIVE_REGULATED
CancerCell:NRAS-p.G12-皮肤癌,Drug:仑伐替尼,SENSITIVITY_TO
Genesymbol:NF1,CancerAlias:胆管癌,DRIVING_TO
CancerCell:EGFR-p.E709A;EGFR-p.G719A-肺多形性癌,SnvFull:EGFR-p.G719A,HAS_VAR
GeneticDisease:Bloom综合征,Cancer:宫颈癌,DEVELOP_TO
CancerCell:ERBB2-Amp;ERBB2-p.E401G-食管癌,SnvFull:ERBB2-p.E401G,HAS_VAR
Drug:vismodegib,Genesymbol:SMO,INHIBITION_TO
ClinicalTrial:NCT03435952,Cancer:口腔癌,INCLUDE_A
CancerCell:MAP2K1-p.C121S;BRAF-p.V600E-皮肤癌,SnvFull:MAP2K1-p.C121S,HAS_VAR
CancerCell:.-FGFR1-皮肤癌,Fusion:.-FGFR1,HAS_VAR
CancerCell:ALK-p.I1171T-肺腺样囊性癌,SnvFull:ALK-p.I1171T,HAS_VAR
Genesymbol:WT1,GeneticDisease:Denys-Drash综合征,CAUSE_TO
SnvFull:PLAG1-p.L9F,Genesymbol:PLAG1,HAS_GENE
CancerCell:BRAF-p.Y472C-肺纤毛黏液结节性乳头状肿瘤,SnvFull:BRAF-p.Y472C,HAS_VAR
Drug:repotrectinib,Genesymbol:NTRK1,INHIBITION_TO
CancerCell:EGFR-p.L861R;EGFR-p.R776G-非小细胞肺癌,Drug:阿法替尼,SENSITIVITY_TO
CancerCell:EGFR-p.T790M-肺纤毛黏液结节性乳头状肿瘤,SnvFull:EGFR-p.T790M,HAS_VAR
CancerCell:EGFR-p.L861R;EGFR-p.G719A-肾癌,SnvFull:EGFR-p.L861R,HAS_VAR
Drug:cabozantinib,Cancer:肾细胞癌,TREATMENT
DrugAlias:act-d,Drug:放线菌素D,IS_A
Drug:卡替洛尔,Genesymbol:ADRB1,INHIBITION_TO
Drug:SU5402,Genesymbol:FGFR3,INHIBITION_TO
CancerCell:.-FGFR1-腺泡状横纹肌肉瘤,Fusion:.-FGFR1,HAS_VAR
CancerCell:NRAS-p.Q61-促结缔组织增生性黑色素瘤,Drug:RO5126766,SENSITIVITY_TO
ClinicalTrial:CTR20190652,Cancer:腹膜癌,INCLUDE_A
Drug:放线菌素D,Cancer:癌症,TREATMENT
